trade_date,ok,reason,expiry_used,dte,spot,F,gamma_flip,gex_total_e8,vex_total_e8,vex_uniform_total_e8,flip_dist,gex_regime,top_wall_strike,top_wall_gex_e8,top_accel_strike,top_accel_gex_e8,n_contracts,n_iv_ok,iv_ok_ratio
2020-01-02,True,,202001W2,6,12100.48,12112.0,12159.38503734848,-9.930889478899788,-0.0185987104673548,-0.1307751607719096,-58.90503734848062,negative,12200.0,3.978271646504593,12000.0,-7.393845402476067,54,37,0.6851851851851852
2020-01-03,True,,202001W2,5,12110.43,12096.0,12102.89276230976,-5.497174892835821,-0.023244754815572,-0.3308004261835826,7.537237690241454,negative,12200.0,20.525171688313684,11950.0,-17.302637776112604,58,46,0.7931034482758621
2020-01-06,True,,202001W2,2,11953.36,11958.0,11981.089086052183,-30.15415685169058,-0.0257057968279787,-0.2390500549029747,-27.72908605218253,negative,12050.0,23.3529389019538,11950.0,-34.66316485210749,58,40,0.6896551724137931
2020-01-07,True,,202001W2,1,11880.32,11878.0,11894.70880249278,-29.67894437397134,-0.0120772561748157,-0.1563403357431946,-14.388802492780089,negative,12000.0,17.52174939112712,11850.0,-30.79809414563204,58,46,0.7931034482758621
2020-01-08,True,,202001,7,11817.1,11787.0,11842.20506983361,-17.988501996149687,-0.1087606020848402,-0.5329039528176335,-25.105069833609377,negative,12100.0,9.76443818001596,11700.0,-14.990686334991585,108,84,0.7777777777777778
2020-01-09,True,,202001,6,11970.63,11968.0,11914.586060127673,33.273453678599274,0.0303062826618113,-0.6631353609131282,56.04393987232652,positive,12100.0,25.94550634898001,11700.0,-14.437470269686555,108,85,0.7870370370370371
2020-01-10,True,,202001,5,12024.65,12011.0,11966.61505541233,36.89579120675441,0.0180912968289781,-0.7107739263695348,58.03494458766909,positive,12200.0,28.15828241157817,11800.0,-15.984056089116258,110,81,0.7363636363636363
2020-01-13,True,,202001,2,12113.42,12118.0,12071.164534568576,96.90051488474435,0.0358826275860088,-0.3252498939145492,42.25546543142445,positive,12200.0,69.43533840403113,12000.0,-15.104022580289277,112,92,0.8214285714285714
2020-01-14,True,,202001,1,12179.81,12182.0,11894.46873790534,87.7093114571245,0.0100762362489537,-0.2236646504940074,285.3412620946583,positive,12200.0,99.61973858009668,12150.0,-34.732120662031534,114,73,0.6403508771929824
2020-01-15,True,,202001W4,15,12091.88,12065.0,12020.941708439734,3.2979424169301232,0.0022746481636241,-0.1333705600785428,70.9382915602655,positive,12200.0,3.319667509687992,11950.0,-1.7859036478354424,52,37,0.7115384615384616
2020-01-16,True,,202001W4,14,12066.93,12065.0,12051.484325754494,2.9885921192880334,-0.0229356590835793,-0.3363379416268685,15.44567424550587,positive,12150.0,6.4654679208162,12000.0,-5.307455765970687,56,40,0.7142857142857143
2020-01-17,True,,202001W4,13,12090.29,12084.0,12086.837820734065,-1.0221646644091875,-0.0440186200578585,-0.4180943293014856,3.452179265937957,negative,12150.0,9.230604440499864,12000.0,-10.944575536592724,56,46,0.8214285714285714
2020-01-20,True,,202001W4,10,12118.71,12119.0,12118.14478720342,0.4292736036846131,-0.0330695660055822,-0.4238667831226841,0.5652127965786349,positive,12200.0,13.978976129448434,12000.0,-12.143425291387285,56,44,0.7857142857142857
2020-01-30,True,,202002W1,6,11421.74,11391.0,11222.901690670617,9.844558607803275,0.0272962276506003,-0.1152845609223225,198.83830932938508,positive,11700.0,4.660909821204334,11200.0,-3.7388116908264144,52,40,0.7692307692307693
2020-01-31,True,,202002W1,5,11495.1,11485.0,11433.787152311774,15.82904367464212,-2.3720461406498576e-05,-0.2747237756964856,61.31284768822661,positive,11700.0,12.27665447683197,11200.0,-7.570928293193988,78,53,0.6794871794871795
2020-02-03,True,,202002W1,2,11354.92,11340.0,11304.891899167622,14.34007800452205,-0.0014893404608384,-0.2422385420768391,50.028100832378186,positive,11600.0,11.038520070124068,11200.0,-8.254817737142146,78,66,0.8461538461538461
2020-02-04,True,,202002W1,1,11555.92,11547.0,11496.373797299168,42.43826051743923,0.0111777156446616,-0.1754958865013976,59.54620270083251,positive,11600.0,30.02477109343804,11450.0,-6.889724677030072,82,61,0.7439024390243902
2020-02-05,True,,202002W2,7,11573.62,11552.0,11500.1464333376,3.4746924127708576,-0.0026248229033286,-0.10650228849465,73.47356666240012,positive,11800.0,2.494424582897122,11400.0,-1.5111424100021655,50,43,0.86
2020-02-06,True,,202002W2,6,11749.68,11751.0,11666.296624556218,19.243186496620147,0.0195021829629715,-0.2847957221805484,83.38337544378192,positive,11900.0,12.260019093358004,11500.0,-4.443084273060287,50,43,0.86
2020-02-07,True,,202002W2,5,11612.81,11606.0,11603.386540149992,1.0389872635728854,-0.0399089981804436,-0.3307434700211019,9.423459850006113,positive,11800.0,12.568816681709228,11500.0,-7.497392769556044,58,50,0.8620689655172413
2020-02-10,True,,202002W2,2,11574.07,11579.0,11573.226261751546,3.840245618265786,-0.0186674650562602,-0.2402656526260995,0.8437382484535192,positive,11700.0,16.38337818649654,11500.0,-11.09806556479104,58,49,0.8448275862068966
2020-02-11,True,,202002W2,1,11664.04,11675.0,11649.932609853342,30.64652933523916,0.0028195894965993,-0.1659978512981813,14.107390146658872,positive,11750.0,36.00397124962996,11550.0,-14.748730502957669,58,51,0.8793103448275862
2020-02-12,True,,202002,7,11774.19,11770.0,11783.15627998957,-4.417535694267889,-0.0709376899655298,-0.6387848721057819,-8.966279989568648,negative,11900.0,14.37694157206601,11500.0,-11.20486237378475,106,90,0.8490566037735849
2020-02-13,True,,202002,6,11791.78,11775.0,11818.014628343086,-23.52596485341704,-0.1303729268327434,-0.7384206051810356,-26.234628343085205,negative,11900.0,17.570816059653342,11500.0,-13.720725582571372,108,88,0.8148148148148148
2020-02-14,True,,202002,5,11815.7,11812.0,11815.334372860205,-2.87439394485402,-0.0656728417232487,-0.6376253724807425,0.3656271397958335,negative,11900.0,26.549064949295364,11700.0,-15.90766866515599,108,82,0.7592592592592593
2020-02-17,True,,202002,2,11763.51,11770.5,11763.279555004428,10.95961719770446,-0.0136981895968937,-0.3631810677731143,0.2304449955718155,positive,11900.0,35.479904232549046,11700.0,-23.06565937131504,110,81,0.7363636363636363
2020-02-18,True,,202002,1,11648.98,11638.5,11657.20779964102,-30.277590257811976,-0.0258298063566208,-0.2602075909112088,-8.227799641021193,negative,11750.0,24.20791678970716,11600.0,-37.47391460714756,110,78,0.7090909090909091
2020-02-19,True,,202002W4,7,11758.84,11776.0,11744.29799029842,3.5051246527831914,-0.0014172920711173,-0.1262449972417725,14.542009701579444,positive,11850.0,5.289828668566051,11600.0,-2.5200872489498,50,41,0.82
2020-02-20,True,,202002W4,6,11725.09,11727.0,11724.333703229304,1.0882833998035133,-0.0279493887369248,-0.3122046389167387,0.7562967706962809,positive,11900.0,13.31427717892976,11650.0,-7.553589858025222,54,45,0.8333333333333334
2020-02-21,True,,202002W4,5,11686.35,11677.0,11701.80537004638,-14.58002093814778,-0.0687724220525129,-0.3568671292159743,-15.455370046378448,negative,11850.0,16.501994262247493,11600.0,-10.606762621792084,54,44,0.8148148148148148
2020-02-24,True,,202002W4,2,11534.87,11522.0,11587.857783386888,-42.64452494283713,-0.0713891767542112,-0.2514215112259056,-52.9877833868868,negative,11700.0,11.044086993281237,11400.0,-18.641277948352737,54,39,0.7222222222222222
2020-02-25,True,,202002W4,1,11540.23,11552.5,11562.655049772717,-12.006716104776851,-0.0214378672883857,-0.1707211853713911,-22.425049772715283,negative,11650.0,19.9652347123924,11400.0,-19.62762818817814,58,47,0.8103448275862069
2020-02-26,True,,202003W1,7,11433.62,11434.0,11418.589726565691,0.916443084002716,-0.0092138850427354,-0.1200277898281043,15.030273434307674,positive,11650.0,2.758793022736317,11300.0,-1.8062779672415268,50,39,0.78
2020-02-27,True,,202003W1,6,11292.17,11290.0,11283.661990193825,1.2164480882855189,-0.0421180271338798,-0.3250852089127253,8.508009806177142,positive,11600.0,6.067647462892838,11200.0,-5.141957734262119,54,48,0.8888888888888888
2020-03-02,True,,202003W1,2,11170.46,11192.0,11202.03208530824,-3.4820508971734028,-0.0264871512029642,-0.2042610005283525,-31.57208530824209,negative,11450.0,8.205355361846332,11100.0,-8.197616309579645,58,44,0.7586206896551724
2020-03-03,True,,202003W1,1,11327.72,11334.0,11309.895577250183,22.64880068234514,0.0042335325665467,-0.155657207121035,17.824422749814403,positive,11450.0,27.03264802529394,11300.0,-12.660362212732435,66,57,0.8636363636363636
2020-03-04,True,,202003W2,7,11392.35,11383.0,11345.38574073506,2.412370648420373,-0.0078923632753091,-0.1140541524244032,46.96425926493976,positive,11600.0,2.768385550588408,11200.0,-1.7779406594786948,50,43,0.86
2020-03-05,True,,202003W2,6,11514.82,11511.0,11428.443813222124,20.450955720961986,0.0137312433814023,-0.2842193342380548,86.37618677787577,positive,11600.0,12.408275619171324,11300.0,-4.182140097972926,50,41,0.82
2020-03-06,True,,202003W2,5,11321.81,11288.0,11293.21454110922,-1.543695466818945,-0.0573331103547856,-0.3780550014785873,28.5954588907789,negative,11550.0,9.755830674853916,11200.0,-6.832421192170767,58,49,0.8448275862068966
2020-03-09,True,,202003W2,2,10977.64,10968.0,10990.82917269411,-4.1140572589604165,-0.02676356222187,-0.2232034321678729,-13.189172694110312,negative,11300.0,5.68345087565602,10800.0,-6.235352247899203,58,42,0.7241379310344828
2020-03-10,True,,202003W2,1,11003.54,11012.0,10982.377196565843,12.025983585758244,0.0061613224421737,-0.152057860580989,21.162803434157468,positive,11200.0,8.101789434317745,10800.0,-6.489700861297438,72,61,0.8472222222222222
2020-03-11,True,,202003,7,10893.75,10822.0,11053.854541287326,-22.24074708601201,-0.189542961055847,-0.5370623755746129,-160.10454128732636,negative,11400.0,1.50275151299947,10800.0,-4.514130595161274,128,111,0.8671875
2020-03-12,True,,202003,6,10422.32,10364.0,10551.215356506444,-16.307603555880462,-0.1518183133674643,-0.5076694663062039,-128.89535650644393,negative,11000.0,1.8495096406561653,10200.0,-3.919324319255845,130,114,0.8769230769230769
2020-03-13,True,,202003,5,10128.87,10019.0,10086.388464404145,-3.932979568927311,-0.0483078806372691,-0.5428805199198677,42.48153559585808,negative,10500.0,1.709701880174648,9400.0,-4.705055254260251,144,104,0.7222222222222222
2020-03-16,True,,202003,2,9717.77,9668.0,9841.182938240185,-14.524080702547918,-0.0687312114364332,-0.2728164299253571,-123.4129382401843,negative,10400.0,1.8544232580056488,9400.0,-8.293349742359386,152,100,0.6578947368421053
2020-03-17,True,,202003,1,9439.63,9365.0,9535.413023429392,-20.76584062071889,-0.0425166225300107,-0.1391519707653047,-95.78302342939423,negative,9700.0,1.8669966572574976,9400.0,-9.88809042915732,164,103,0.6280487804878049
2020-03-18,True,,202003W4,7,9218.67,9032.0,8584.987354500672,1.1764916171894046,0.0082350691762302,-0.0370547643591781,633.6826454993279,positive,9700.0,0.2488793053798622,8700.0,-0.3762609401446135,42,42,1.0
2020-03-19,True,,202003W4,6,8681.34,8480.0,7629.06162898909,4.385513891705008,0.0447173999428192,-0.1102735580916989,1052.2783710109095,positive,9300.0,0.6623548295068469,8500.0,-0.7098621831984256,52,52,1.0
2020-03-20,True,,202003W4,5,9234.09,9103.0,8783.738795344198,8.445603009355242,0.0472781313234003,-0.216572709337193,450.3512046558026,positive,9300.0,1.6852694381065982,8500.0,-1.37037239711106,76,71,0.9342105263157896
2020-03-23,True,,202003W4,2,8890.03,8774.0,8791.74442207165,-0.7755519333905936,-0.0150037985754321,-0.1294504162560239,98.2855779283509,negative,9300.0,1.4932390597118672,8500.0,-2.151837954118321,76,75,0.986842105263158
2020-03-24,True,,202003W4,1,9285.62,9321.0,9210.444002320102,14.60782332922787,0.0152931535264475,-0.1000907753721544,75.1759976798985,positive,9500.0,4.339058307356077,9200.0,-1.621447198494333,76,61,0.8026315789473685
2020-03-25,True,,202004W1,7,9644.75,9663.0,9488.039252560386,1.3131255206268648,0.0025328580700333,-0.0575600107555573,156.71074743961435,positive,10300.0,0.6193500464166314,8800.0,-0.3508003977325884,54,49,0.9074074074074074
2020-03-26,True,,202004W1,6,9736.36,9720.0,9600.990278816009,2.8399214223706046,-0.001438288636485,-0.1521633446705615,135.36972118399353,positive,10000.0,1.8760938683567163,9000.0,-0.5730431920103021,68,62,0.9117647058823528
2020-03-27,True,,202004W1,5,9698.92,9655.0,9641.856965499202,0.5051394356069279,-0.0194842176988417,-0.1815990555285803,57.06303450079759,positive,10000.0,2.1293042134715874,9000.0,-0.8531486616993534,72,66,0.9166666666666666
2020-03-30,True,,202004W1,2,9629.43,9664.0,9612.597837121832,4.84901529215334,-0.0026073961981832,-0.1400484885532515,16.832162878166855,positive,10000.0,3.609168769624559,9400.0,-1.89593564549684,72,63,0.875
2020-03-31,True,,202004W1,1,9708.06,9676.0,9641.724427132058,8.232917312188608,0.0010016122779068,-0.0878325911867308,66.33557286794166,positive,9800.0,8.313683251649191,9400.0,-3.1414889254506804,72,62,0.8611111111111112
2020-04-01,True,,202004W2,7,9663.63,9634.0,9507.857873226316,1.3295969315313805,0.0004100563603862,-0.0580969036027145,155.77212677368334,positive,10200.0,0.7832932640360377,9000.0,-0.3420294991251524,54,45,0.8333333333333334
2020-04-06,True,,202004W2,2,9818.74,9864.0,9770.56314312984,11.811204336576736,0.0134135619420453,-0.1022225087557962,48.1768568701591,positive,10000.0,6.516784786672527,9650.0,-1.9248874758882268,56,47,0.8392857142857143
2020-04-07,True,,202004W2,1,9996.39,10012.0,9927.759348420906,27.780948027894464,0.0166978084596911,-0.0946551065462584,68.63065157909296,positive,10100.0,15.117462981008742,9800.0,-3.6090970762604857,62,50,0.8064516129032258
2020-04-08,True,,202004,7,10137.47,10127.0,9917.90232383385,11.216076692218678,0.0255610221735006,-0.3996963864007247,219.56767616614889,positive,10300.0,4.152751983528062,9800.0,-1.3869095928580946,148,127,0.8581081081081081
2020-04-09,True,,202004,6,10119.43,10100.0,9996.409945770538,10.097885622821527,0.0101865441779497,-0.4255965215972675,123.0200542294624,positive,10200.0,5.0253043788234,9900.0,-2.746708599236614,150,132,0.88
2020-04-10,True,,202004,5,10157.61,10135.0,10047.266514355711,14.421996390696252,0.0190218065142168,-0.3761079460252856,110.3434856442891,positive,10300.0,6.949538932073649,9900.0,-3.771661299094095,150,118,0.7866666666666666
2020-04-13,True,,202004,2,10099.22,10076.0,10044.603697327308,7.858592926025836,-0.0012265126009974,-0.2360067090046897,54.61630267269175,positive,10200.0,7.923024391224805,10000.0,-5.626461464284706,152,114,0.75
2020-04-14,True,,202004,1,10332.94,10345.0,9591.776142396378,11.961717608721484,0.0008459502454418,-0.1395462083825337,741.1638576036221,positive,10400.0,14.852406514015312,10150.0,-6.653640723102361,152,114,0.75
2020-04-15,True,,202004W4,7,10447.21,10387.0,10269.493145157476,2.915219756832556,0.0055168593044846,-0.0946488282806405,177.7168548425234,positive,10400.0,1.8757444737562805,10300.0,-1.351352764697092,58,46,0.7931034482758621
2020-04-16,True,,202004W4,6,10375.48,10368.0,10283.821966175889,6.893725122394567,0.007510854783423,-0.2124595862350814,91.65803382411286,positive,10600.0,3.547548030460013,10200.0,-2.332691115594731,64,53,0.828125
2020-04-17,True,,202004W4,5,10597.04,10602.0,10520.8663607646,10.582789761386358,0.0149198039619205,-0.2394185220662457,76.1736392353996,positive,10800.0,5.396071332112364,10300.0,-2.70750451180711,64,53,0.828125
2020-04-20,True,,202004W4,2,10586.71,10535.0,10477.572923928232,14.172892947781982,0.0112798607255708,-0.1746448561228738,109.1370760717673,positive,10600.0,7.703072557745321,10300.0,-3.863821626522323,70,55,0.7857142857142857
2020-04-21,True,,202004W4,1,10288.42,10279.0,10309.31316347548,-9.197057939684496,-0.0196875742644394,-0.117869544836756,-20.89316347548084,negative,10400.0,7.318046007299526,10200.0,-7.507850785097162,70,57,0.8142857142857143
2020-04-22,True,,202004W5,7,10307.74,10297.0,10145.783896937974,2.900360540369212,0.0075050193105911,-0.0678623064059489,161.95610306202616,positive,10500.0,1.057307784917253,9900.0,-0.4770445306955003,58,48,0.8275862068965517
2020-04-23,True,,202004W5,6,10366.51,10372.0,10289.168868976549,6.463282457002508,0.0083152823954025,-0.1706162893785357,77.34113102345145,positive,10600.0,3.9830388973343096,10000.0,-1.886931297855417,58,52,0.896551724137931
2020-04-24,True,,202004W5,5,10347.36,10351.0,10323.839157759568,3.603238980107766,-0.0133230684643785,-0.1965712330703973,23.52084224043392,positive,10600.0,4.562671468800521,10200.0,-2.874368613514806,62,56,0.9032258064516128
2020-04-27,True,,202004W5,2,10567.27,10599.0,10557.506439669784,8.754200487567399,0.000713061154956,-0.1486996295661457,9.763560330216931,positive,10700.0,11.464146026927311,10350.0,-4.003394205141017,62,55,0.8870967741935484
2020-04-28,True,,202004W5,1,10616.06,10623.0,10585.855202093284,22.673196203231782,0.0073400311441498,-0.0993074810027393,30.20479790671561,positive,10700.0,25.732609838089274,10550.0,-9.828243509152468,70,52,0.7428571428571429
2020-04-29,True,,202005W1,7,10772.22,10746.0,10732.364069323812,0.3938641061410916,-0.0046621130824708,-0.0746102445265205,39.8559306761872,positive,11000.0,1.6788266852380889,10600.0,-1.381450410952542,58,46,0.7931034482758621
2020-04-30,True,,202005W1,6,10992.14,10987.0,10952.430614833036,3.072833369065852,-0.0042433105053114,-0.175407742912512,39.70938516696333,positive,11100.0,3.915922443901529,10700.0,-2.108545528692201,66,55,0.8333333333333334
2020-05-04,True,,202005W1,2,10720.48,10670.0,10698.964960606332,-4.276808126826243,-0.0187843258053305,-0.1579005508856922,21.5150393936674,negative,10900.0,3.3525094816387253,10500.0,-3.5782498257387023,74,58,0.7837837837837838
2020-05-05,True,,202005W1,1,10774.61,10779.5,10780.767855422617,-0.664250205321219,-0.0069569012904613,-0.1085065968662488,-6.157855422616194,negative,10900.0,13.212383917004342,10600.0,-7.68512812253988,74,53,0.7162162162162162
2020-05-06,True,,202005W2,7,10774.98,10802.0,10685.144556171866,3.112642425451707,0.0067442635069757,-0.0751899611047069,89.83544382813307,positive,11000.0,1.6742147160596004,10500.0,-0.7732152453397928,60,47,0.7833333333333333
2020-05-07,True,,202005W2,6,10842.92,10879.0,10804.834908946515,7.388753167037935,0.005434415473073,-0.1704991255131475,38.085091053484575,positive,11000.0,5.25372931821346,10600.0,-2.244486792317373,60,48,0.8
2020-05-08,True,,202005W2,5,10901.42,10926.0,10878.06902995013,7.962948511541797,0.0035962665742904,-0.1990000995384756,23.35097004987074,positive,11100.0,6.93922807857273,10750.0,-3.655962540563026,64,50,0.78125
2020-05-11,True,,202005W2,2,11013.26,11006.0,10973.018869855356,12.301409724289377,0.0028232204918195,-0.1472808571721672,40.24113014464456,positive,11100.0,12.723668782301145,10900.0,-6.119804845918544,64,53,0.828125
2020-05-12,True,,202005W2,1,10879.47,10895.0,10889.944496288868,3.621418563544965,-0.0019891254621197,-0.1006284931522722,-10.474496288868975,positive,10950.0,14.710624268700563,10800.0,-11.681802232500123,70,53,0.7571428571428571
2020-05-13,True,,202005,7,10938.27,10914.0,10713.281737423222,29.23368065239992,0.0875778493370091,-0.4153417316381125,224.98826257677865,positive,11100.0,13.215864909686651,10500.0,-3.1210798535744644,140,107,0.7642857142857142
2020-05-14,True,,202005,6,10780.88,10746.0,10657.740209936555,18.231617250321605,0.0298913123677061,-0.4824511631058538,123.1397900634438,positive,11000.0,9.774283429705877,10500.0,-6.910393831028151,142,107,0.7535211267605634
2020-05-15,True,,202005,5,10814.92,10818.0,10693.774058256577,39.1107602761993,0.0674010486810834,-0.470396007967968,121.14594174342528,positive,11000.0,15.642964337442484,10500.0,-6.388157936247375,144,115,0.7986111111111112
2020-05-18,True,,202005,2,10740.55,10764.0,10291.148656357464,32.398171188151174,0.0271491462871194,-0.2748741119653506,449.4013436425357,positive,11000.0,15.626390494100365,10500.0,-7.197614296122108,144,101,0.7013888888888888
2020-05-19,True,,202005,1,10860.44,10868.5,10796.168793773626,63.54027701324999,0.0372927787429988,-0.1638849048661188,64.27120622637449,positive,11000.0,27.919149012091893,10700.0,-7.063930019705926,146,113,0.773972602739726
2020-05-20,True,,202005W4,7,10907.8,10892.0,10862.753034246633,1.081352521699504,-0.0010715003935269,-0.0669558726476905,45.04696575336675,positive,11050.0,1.2814352468816192,10700.0,-1.0935487600290472,62,48,0.7741935483870968
2020-05-21,True,,202005W4,6,11008.31,10980.0,10951.024608181617,4.604133996000307,-0.0019751344765153,-0.1933197757184637,57.28539181838278,positive,11200.0,5.974564146316877,10800.0,-4.021691757803816,62,51,0.8225806451612904
2020-05-22,True,,202005W4,5,10811.15,10790.0,10779.73068601763,2.239160909037078,-0.0203775180801157,-0.2462677258771619,31.419313982369204,positive,11000.0,6.70389319938664,10700.0,-5.186074573069769,68,56,0.8235294117647058
2020-05-25,True,,202005W4,2,10871.18,10859.0,10826.331634245207,19.230385942095715,0.0085298543492686,-0.1737458047760933,44.84836575479312,positive,11000.0,14.242153801591442,10750.0,-8.51556398060884,68,55,0.8088235294117647
2020-05-26,True,,202005W4,1,10997.21,11008.0,10977.95367473999,24.68386910059679,0.0054172222882838,-0.1237107278592963,19.25632526000845,positive,11050.0,26.137045381399226,10950.0,-10.75175179039178,68,58,0.8529411764705882
2020-05-27,True,,202006W1,7,11014.66,11002.0,10990.159640629428,0.548342638732601,-0.0054133234180201,-0.0797066508429407,24.50035937057328,positive,11200.0,1.6761325018575255,10700.0,-1.4098955071720016,60,48,0.8
2020-05-28,True,,202006W1,6,10944.19,10943.0,10917.47439817396,3.7098142930248175,-0.0104901024047308,-0.2242184533643015,26.715601826039347,positive,11200.0,5.373255425157476,10700.0,-4.806855245060721,62,49,0.7903225806451613
2020-05-29,True,,202006W1,5,10942.16,10945.0,10910.83346524972,8.397604467498894,-0.0010411848423548,-0.2572802616469486,31.32653475028019,positive,11100.0,8.76972665366594,10800.0,-5.375289188317606,64,54,0.84375
2020-06-01,True,,202006W1,2,11079.02,11079.0,11044.65398475968,17.31508570024527,0.0050074730401647,-0.1807946221290143,34.36601524031903,positive,11150.0,15.944533075512927,10850.0,-8.174353577985595,64,53,0.828125
2020-06-02,True,,202006W1,1,11127.93,11130.5,11075.23193250811,48.46773669907701,0.0168755141175816,-0.1381456528131361,52.69806749189047,positive,11200.0,37.94012313600542,11000.0,-9.109016868386684,66,46,0.696969696969697
2020-06-03,True,,202006W2,7,11320.16,11300.0,11266.526273875725,1.419294167768353,0.0010201864442048,-0.0896214232477062,53.6337261242752,positive,11400.0,2.1651848890978007,11200.0,-1.2874248672152269,62,52,0.8387096774193549
2020-06-04,True,,202006W2,6,11393.23,11373.0,11325.928636598486,6.790482497671614,0.0134203797237639,-0.2217011833053819,67.3013634015133,positive,11500.0,5.941524786295547,11200.0,-4.058897263971283,70,59,0.8428571428571429
2020-06-05,True,,202006W2,5,11479.4,11474.0,11422.56770468427,12.399972594737024,0.0162563051160575,-0.2317587824114907,56.83229531572943,positive,11600.0,8.298507496331855,11300.0,-4.912675396479044,72,56,0.7777777777777778
2020-06-08,True,,202006W2,2,11610.32,11589.0,11542.642434287223,19.14956906857168,0.0132987074674015,-0.1782679561552972,67.6775657127746,positive,11700.0,13.761586043613129,11500.0,-5.540679157567358,76,68,0.8947368421052632
2020-06-09,True,,202006W2,1,11637.11,11630.0,11346.95250495816,34.643808099700095,0.0138800555911157,-0.1228637087608655,290.15749504183987,positive,11700.0,26.27585675809457,11550.0,-15.585915824581962,82,72,0.8780487804878049
2020-06-10,True,,202006,7,11720.16,11704.0,11452.810094607095,28.30859509804496,0.0846023255463631,-0.4662828853004525,267.3499053929045,positive,11800.0,9.29503982846212,11400.0,-1.8194497330325967,152,115,0.756578947368421
2020-06-11,True,,202006,6,11535.77,11486.0,11433.798388898193,10.903739518656902,-0.0023212183467318,-0.5732101660466643,101.97161110180788,positive,11700.0,8.144761866629427,11400.0,-6.115122364989299,156,127,0.8141025641025641
2020-06-12,True,,202006,5,11429.94,11396.0,11369.10336495424,7.1944272959913285,-0.042478840832135,-0.5981414651621322,60.8366350457618,positive,11700.0,9.228040475103658,11000.0,-4.678909167985066,158,114,0.7215189873417721
2020-06-15,True,,202006,2,11306.26,11226.0,11302.153790088832,-23.12338141067181,-0.0610643990707281,-0.3124724737509491,4.106209911167753,negative,11500.0,5.185310000613685,11000.0,-8.248768712067712,160,124,0.775
2020-06-16,True,,202006,1,11511.64,11526.0,11512.029630794916,10.974872141442056,-0.0029991766912702,-0.2143052001871533,-0.3896307949180482,positive,11600.0,19.65229537475465,11400.0,-14.869098329162991,162,109,0.6728395061728395
2020-06-17,True,,202006W4,7,11534.59,11501.0,11491.13747767329,0.3940418228269204,-0.0053107732800491,-0.0766217817921067,43.452522326710096,positive,11800.0,1.3798277563305217,11400.0,-1.1257628558890949,64,48,0.75
2020-06-18,True,,202006W4,6,11548.33,11539.0,11521.107197659829,2.855289984611486,-0.0100090319172485,-0.2200465434903201,27.222802340171256,positive,11700.0,5.412819201871029,11400.0,-5.217276548041568,64,52,0.8125
2020-06-19,True,,202006W4,5,11549.86,11556.0,11543.71623302546,3.419314515824811,-0.0134661909697548,-0.2289588678945967,6.143766974540995,positive,11700.0,8.110448209453375,11400.0,-6.510051211441153,66,48,0.7272727272727273
2020-06-22,True,,202006W4,2,11572.93,11566.0,11577.600806778468,-6.462965408965474,-0.0223734291361216,-0.1889085391829054,-4.670806778467522,negative,11700.0,14.642522748470002,11400.0,-12.722288843143897,66,54,0.8181818181818182
2020-06-23,True,,202006W4,1,11612.36,11599.5,11577.939369372292,23.46839395380347,0.0036255004330934,-0.1436047342888708,34.420630627708306,positive,11700.0,33.674063176490336,11500.0,-17.8548927040684,66,48,0.7272727272727273
2020-06-24,True,,202007W1,7,11660.67,11638.0,11608.222249401388,1.7738645806264264,-0.0030148577485108,-0.0782975306559971,52.4477505986124,positive,11900.0,2.201771140762919,11500.0,-1.243957039560857,64,48,0.75
2020-06-29,True,,202007W1,2,11542.62,11480.0,11451.5674040472,9.66741324484092,0.0029514367042206,-0.1581585041739222,91.05259595280222,positive,11600.0,9.903474437160828,11300.0,-7.926270412068711,66,54,0.8181818181818182
2020-06-30,True,,202007W1,1,11621.24,11590.5,11572.367820453406,16.519261557663203,0.0026026133878444,-0.1076288387514669,48.87217954659354,positive,11650.0,23.39324686632716,11500.0,-12.380273194898436,70,49,0.7
2020-07-01,True,,202007W2,7,11703.42,11607.0,11655.631574335086,-2.865118677833017,-0.0146004656981559,-0.0930885992976141,47.78842566491403,negative,11750.0,1.8562716375354784,11500.0,-2.19084415485502,64,47,0.734375
2020-07-02,True,,202007W2,6,11805.14,11754.0,11731.641125046908,4.021560487571463,-0.0042955020089043,-0.2595037933011729,73.49887495309122,positive,11850.0,6.710180401739714,11500.0,-4.561262519470207,68,54,0.7941176470588235
2020-07-03,True,,202007W2,5,11909.16,11891.0,11856.963272017829,9.558964972069868,-0.0046508070299549,-0.3075195654248566,52.19672798217289,positive,11950.0,8.84808344062387,11700.0,-4.927834281293888,72,58,0.8055555555555556
2020-07-06,True,,202007W2,2,12116.7,12112.0,12035.73499245318,19.64751686742633,0.0209323372442145,-0.231749387032802,80.96500754681983,positive,12200.0,9.959968473607068,11950.0,-5.211856050537783,78,61,0.782051282051282
2020-07-07,True,,202007W2,1,12092.97,12073.0,12094.098788804582,-16.24498046521595,-0.0107199212062586,-0.1616795309337805,-1.1287888045826548,negative,12200.0,16.43657589991229,12050.0,-20.35782912165336,86,60,0.6976744186046512
2020-07-08,True,,202007,7,12170.19,12127.0,11858.654614469846,26.847845296876297,0.07688282272278,-0.4163249150236299,311.5353855301546,positive,12200.0,7.83737269557883,11850.0,-1.7093998608139829,124,101,0.8145161290322581
2020-07-09,True,,202007,6,12192.69,12151.0,12039.113463235388,23.853304487838443,0.0450338075963383,-0.4770788587339806,153.57653676461268,positive,12200.0,10.306139390875208,11850.0,-3.191438439548819,124,81,0.6532258064516129
2020-07-10,True,,202007,5,12073.68,11999.0,11994.529170153268,1.2612801682923156,-0.0315558346556807,-0.5221078148879749,79.15082984673245,positive,12200.0,10.604771547287958,11950.0,-6.370992959194698,128,102,0.796875
2020-07-13,True,,202007,2,12211.56,12205.0,11393.727703542814,31.02824842740177,0.021529055976236,-0.2861560411517692,817.8322964571853,positive,12300.0,21.103274845240293,12000.0,-10.829901253938695,128,88,0.6875
2020-07-14,True,,202007,1,12209.01,12187.0,12168.69343896175,19.501683240840816,0.0056931091130096,-0.2212908327008404,40.31656103824935,positive,12300.0,21.098758239075902,12150.0,-21.461718679085177,128,100,0.78125
2020-07-15,True,,202007W4,7,12202.85,12212.0,12157.340198941964,2.4220549138993483,0.0021695618300009,-0.1078221781117425,45.50980105803501,positive,12350.0,1.855776696082961,11950.0,-1.228531994958629,70,52,0.7428571428571429
2020-07-16,True,,202007W4,6,12157.74,12164.0,12074.825812746803,15.278741595515273,0.0254356695205294,-0.2727938474394855,82.91418725319454,positive,12400.0,5.799717377136592,12000.0,-3.95527655999434,70,56,0.8
2020-07-17,True,,202007W4,5,12181.56,12170.0,12136.780256715228,11.425275120011651,-0.0020831104377547,-0.2878425852482527,44.77974328477285,positive,12400.0,9.833406786726387,12000.0,-7.617811969046954,70,56,0.8
2020-07-20,True,,202007W4,2,12174.54,12170.0,12134.610764159115,20.81420119960844,0.0072950080337433,-0.2165713512873164,39.92923584088567,positive,12300.0,14.8273472257605,12000.0,-11.662962083054383,70,57,0.8142857142857143
2020-07-21,True,,202007W4,1,12397.55,12421.0,12094.30043105538,-5.817423873774473,-0.0129420061799761,-0.148266747579615,303.24956894461866,negative,12500.0,20.280671824752368,12250.0,-11.069359800254365,70,50,0.7142857142857143
2020-07-22,True,,202007W5,7,12473.27,12421.0,12399.4379230432,1.23422567660395,0.0001811764328645,-0.0947321951207011,73.83207695680176,positive,12600.0,2.4683202947111096,12200.0,-1.7368018040164102,70,50,0.7142857142857143
2020-07-23,True,,202007W5,6,12413.04,12389.0,12326.654843560493,11.614584174789467,0.0205173277049702,-0.3077520085324344,86.38515643950996,positive,12600.0,8.384827309999656,12200.0,-5.710864700143019,72,53,0.7361111111111112
2020-07-24,True,,202007W5,5,12304.04,12258.0,12276.375164715892,-4.099680229639437,-0.0446282257990031,-0.3764454944956337,27.66483528410936,negative,12400.0,8.494202228575396,12200.0,-6.368463010285073,72,55,0.7638888888888888
2020-07-27,True,,202007W5,2,12588.3,12606.0,12567.458114395706,11.540191780438342,-0.0012837313634462,-0.2507538613306207,20.84188560429357,positive,12700.0,9.665905821888511,12400.0,-6.21890210434448,76,53,0.6973684210526315
2020-07-28,True,,202007W5,1,12586.73,12558.0,12568.313676014248,-4.2167508389176405,-0.0061102654964328,-0.1737799533194744,18.41632398575166,negative,12800.0,7.282415732699291,12450.0,-7.431530609325392,82,65,0.7926829268292683
2020-07-29,True,,202008W1,7,12540.97,12526.0,12431.40006213152,3.5494897494408826,0.0034414486148194,-0.1069564797418885,109.56993786847852,positive,12650.0,2.343692472092474,12350.0,-1.6389279344519465,70,53,0.7571428571428571
2020-07-30,True,,202008W1,6,12722.92,12679.0,12598.84128040495,8.591956788168199,0.019486709951081,-0.28682784796749,124.07871959505064,positive,13000.0,4.809725597659223,12200.0,-4.0613643721170885,72,60,0.8333333333333334
2020-07-31,True,,202008W1,5,12664.8,12661.0,12603.68652139042,9.126417805946184,0.0077573547335315,-0.3184135130771554,61.11347860957903,positive,13000.0,5.375073884162054,12200.0,-4.640254659919283,76,61,0.8026315789473685
2020-08-03,True,,202008W1,2,12513.03,12526.0,12536.422979693789,-4.331773578144423,-0.0136895153202752,-0.2402970072363295,-23.39297969378822,negative,12700.0,11.723467492913157,12450.0,-10.362990011839054,76,64,0.8421052631578947
2020-08-04,True,,202008W1,1,12709.92,12713.5,12650.043238070151,48.34815597376699,0.0214838254319731,-0.1295159486056929,59.87676192984691,positive,12750.0,25.08751710626624,12600.0,-7.003150222199123,78,56,0.717948717948718
2020-08-05,True,,202008W2,7,12802.3,12795.0,12711.320085810208,3.90809106880536,0.0082728397442236,-0.0939853040430919,90.97991418979107,positive,12900.0,1.959194703376672,12600.0,-1.182645344243948,70,53,0.7571428571428571
2020-08-06,True,,202008W2,6,12913.5,12883.0,12863.151523274397,2.942898755534026,-0.0002009708985137,-0.3071485476614993,50.348476725605,positive,13100.0,5.85210403419437,12700.0,-5.921561057283473,74,61,0.8243243243243243
2020-08-07,True,,202008W2,5,12828.87,12809.0,12813.781137561717,-1.3040744323930953,-0.0197571288217487,-0.3457010121771615,15.088862438286014,negative,13100.0,7.663745021945695,12700.0,-9.814522362887711,80,66,0.825
2020-08-10,True,,202008W2,2,12894.0,12899.0,12880.885947025276,8.550410392086611,0.0044531901217035,-0.2439816553182671,13.114052974722654,positive,13000.0,13.208177862300465,12700.0,-9.600062301577577,80,66,0.825
2020-08-11,True,,202008W2,1,12780.19,12771.0,12816.104519125309,-38.20934128564412,-0.0209890541955399,-0.1593983520088982,-35.91451912530647,negative,12900.0,12.193107582388974,12700.0,-24.276416816480225,80,62,0.775
2020-08-12,True,,202008,7,12670.35,12659.0,12539.83178532244,20.537048675363625,0.0453298640804364,-0.4601035243631975,130.51821467756054,positive,12900.0,9.469168537848429,12300.0,-4.443103018448896,134,113,0.8432835820895522
2020-08-13,True,,202008,6,12763.13,12726.0,12625.18407716702,30.79406671406775,0.0639107556915365,-0.5165204941470221,137.94592283297789,positive,12900.0,14.934600754670807,12500.0,-5.961445150725889,136,115,0.8455882352941176
2020-08-14,True,,202008,5,12795.46,12790.0,12692.756929137744,44.755758379528736,0.0737798859330834,-0.508903907034897,102.70307086225512,positive,12900.0,18.40202458245708,12500.0,-6.924702302601018,136,116,0.8529411764705882
2020-08-17,True,,202008,2,12956.11,12956.0,12493.054144092745,64.83715511401702,0.0471230462877368,-0.2786050317717511,463.05585590725786,positive,13000.0,28.61627858953201,12750.0,-6.5025475070536185,136,89,0.6544117647058824
2020-08-18,True,,202008,1,12872.14,12878.0,12869.759458770148,10.955629358741746,-0.0012946091136829,-0.1964357784389556,2.380541229851588,positive,13000.0,31.637217412231323,12850.0,-20.0393617237258,138,115,0.8333333333333334
2020-08-19,True,,202008W4,7,12778.64,12788.0,12764.531264568392,1.6752174651543823,-0.0001498635346731,-0.1216045405867623,14.108735431605965,positive,13000.0,2.7786706309730995,12500.0,-2.1843717742158404,72,53,0.7361111111111112
2020-08-20,True,,202008W4,6,12362.64,12347.0,12297.47722333118,4.907853875587217,-0.0003735556609958,-0.3007805621665304,65.16277666881797,positive,12600.0,3.245036629549202,12200.0,-4.141848521105785,74,62,0.8378378378378378
2020-08-21,True,,202008W4,5,12607.84,12591.0,12519.709396511957,20.732400747549733,0.0231812497266116,-0.357509642041955,88.13060348804538,positive,12800.0,11.73641068080605,12400.0,-5.337261448108009,90,74,0.8222222222222222
2020-08-24,True,,202008W4,2,12647.13,12642.0,12585.580164100184,29.62766976419035,0.015103767689679,-0.2394139011595236,61.54983589981566,positive,12800.0,18.17967646234482,12400.0,-7.902634887370379,90,71,0.7888888888888889
2020-08-25,True,,202008W4,1,12758.25,12773.0,12705.402377010763,66.58617743953914,0.0211745594149696,-0.1647504880646448,52.8476229892367,positive,12850.0,37.8008685102259,12600.0,-8.294634386151815,90,63,0.7
2020-08-26,True,,202009W1,7,12833.29,12827.0,12736.994045208028,5.046744880465887,0.0057619516802978,-0.1093179237820851,96.29595479197268,positive,13000.0,2.815323179307915,12600.0,-1.2024401825788302,70,53,0.7571428571428571
2020-08-27,True,,202009W1,6,12797.31,12788.0,12773.848679681176,2.5408481484527377,-0.0134727340890492,-0.2596812609459643,23.46132031882371,positive,13000.0,7.710707786490109,12700.0,-4.146645842274441,74,58,0.7837837837837838
2020-08-28,True,,202009W1,5,12728.85,12722.0,12711.502837834643,2.6418752227247064,-0.0157829179677037,-0.295498393100207,17.347162165357076,positive,13000.0,7.569394524970669,12600.0,-5.4654182151240445,74,59,0.7972972972972973
2020-08-31,True,,202009W1,2,12591.45,12625.0,12700.505422991406,-36.55508071458517,-0.0591645704633771,-0.224493689988601,-109.05542299140508,negative,12800.0,8.059856831879918,12500.0,-17.919655303669206,76,60,0.7894736842105263
2020-09-01,True,,202009W1,1,12703.28,12711.0,12702.28556399228,10.813182445431508,-0.0055305756911762,-0.1546704375036474,0.9944360077206512,positive,12800.0,29.90411518061928,12550.0,-20.67946265092674,80,60,0.75
2020-09-02,True,,202009W2,7,12699.5,12715.0,12673.983074770056,2.6712844485178,-0.0017842730899006,-0.119127475558448,25.51692522994381,positive,13000.0,2.324341478745694,12500.0,-1.8475684342757264,70,53,0.7571428571428571
2020-09-03,True,,202009W2,6,12757.97,12750.0,12709.541013387705,8.095524715365544,-0.0033930618643586,-0.2655038435889047,48.42898661229447,positive,13000.0,7.897126875670501,12600.0,-4.599926907492842,70,57,0.8142857142857143
2020-09-04,True,,202009W2,5,12637.95,12628.0,12655.84945999015,-7.898301760430669,-0.0580057912083958,-0.3493358898079424,-17.899459990148898,negative,12800.0,7.803606585160379,12500.0,-8.679907441769977,72,56,0.7777777777777778
2020-09-07,True,,202009W2,2,12601.4,12600.0,12655.283890829598,-31.233982957713604,-0.059532492205691,-0.2243910905859521,-53.88389082959839,negative,12800.0,11.72253380145774,12500.0,-15.535332240407342,74,59,0.7972972972972973
2020-09-08,True,,202009W2,1,12663.56,12684.5,12680.279299232589,5.341790464205607,-0.008109151707237,-0.1355588504423259,-16.719299232589037,positive,12800.0,25.826795323810405,12600.0,-22.344728924312086,76,52,0.6842105263157895
2020-09-09,True,,202009,7,12608.58,12600.0,12549.2941106271,9.84539985738971,-0.01226563093713,-0.5184404977419427,59.28588937289896,positive,12900.0,9.258301118706065,12500.0,-8.370807909614733,148,132,0.8918918918918919
2020-09-10,True,,202009,6,12691.75,12698.0,12631.281740938666,24.12469367236273,0.0126817054684561,-0.5480386390727539,60.46825906133381,positive,13000.0,14.0947183668037,12500.0,-13.376824163186122,150,128,0.8533333333333334
2020-09-11,True,,202009,5,12675.95,12663.0,12626.369424007891,18.755484494405096,-0.0084547097533102,-0.5487001258850788,49.5805759921077,positive,12800.0,15.865744567440956,12500.0,-17.85863212296159,152,111,0.7302631578947368
2020-09-14,True,,202009,2,12787.82,12785.0,12705.522175121214,72.29785716154859,0.0511121505894808,-0.3018059531403588,82.29782487878583,positive,12900.0,31.577470518394936,12500.0,-11.794510187224857,152,108,0.7105263157894737
2020-09-15,True,,202009,1,12845.65,12843.0,12781.70625975168,93.76869745791916,0.0267543402457766,-0.1847117524503754,63.94374024831996,positive,12900.0,55.82998375569197,12750.0,-10.203042630248756,154,97,0.6298701298701299
2020-09-16,True,,202009W4,7,12976.76,12931.0,12831.54808853428,5.485562636322161,0.0104303418835744,-0.1415553966222376,145.21191146571982,positive,12900.0,4.757643376732289,12500.0,-1.280320272098611,70,52,0.7428571428571429
2020-09-17,True,,202009W4,6,12872.74,12855.0,12824.40235669435,7.5969189336880945,-0.0054537910952062,-0.3659644609281813,48.33764330564918,positive,12900.0,12.194269429508475,12750.0,-10.638212773662168,76,61,0.8026315789473685
2020-09-18,True,,202009W4,5,12875.62,12874.0,12837.685694553098,14.780126436829915,0.0014252047325452,-0.3933193273078075,37.93430544690273,positive,12900.0,17.0691601563062,12750.0,-12.883753670710531,76,59,0.7763157894736842
2020-09-21,True,,202009W4,2,12795.12,12722.0,12767.696151057306,-26.05709282912216,-0.0515382379409901,-0.2882818163961071,27.42384894269526,negative,12900.0,19.37546606165568,12750.0,-14.65871547584437,76,63,0.8289473684210527
2020-09-22,True,,202009W4,1,12645.51,12625.0,12648.272629103833,-23.233053434901592,-0.0248625034220613,-0.1919207918503553,-2.762629103832296,negative,12800.0,16.446313222760075,12500.0,-26.54914883548461,78,65,0.8333333333333334
2020-09-23,True,,202009W5,7,12583.88,12598.0,12435.623824002145,11.917070370239903,0.0268817246211849,-0.1245223552011582,148.2561759978562,positive,12800.0,2.836874424743064,12400.0,-1.227681963059233,70,50,0.7142857142857143
2020-09-24,True,,202009W5,6,12264.38,12252.0,12273.624903671607,-3.773387910306463,-0.0406351890129134,-0.2791487904166874,-9.24490367160979,negative,12600.0,4.9314730319024696,12200.0,-6.125830715103189,72,60,0.8333333333333334
2020-09-25,True,,202009W5,5,12232.91,12248.0,12246.100281044151,0.5577697055813577,-0.0305003589434199,-0.3305362931127086,-13.19028104415338,positive,12500.0,6.807323309547804,12100.0,-8.881526016888074,84,66,0.7857142857142857
2020-09-28,True,,202009W5,2,12462.76,12458.0,12407.255187513943,33.10945419259584,0.0194830175519624,-0.2264667980214631,55.50481248605684,positive,12550.0,18.474274136374444,12350.0,-9.090304617908451,84,70,0.8333333333333334
2020-09-29,True,,202009W5,1,12467.73,12453.5,12444.406983183711,12.57005582016782,-0.0002886094302741,-0.1726823421816653,23.323016816288145,positive,12500.0,29.68063833479573,12400.0,-28.26589795205465,84,61,0.7261904761904762
2020-09-30,True,,202010W1,7,12515.61,12501.0,12519.796196032596,-1.2389580128466948,-0.016144365372361,-0.1137025479036844,-4.186196032595035,negative,12750.0,2.636070905607415,12400.0,-1.7608194148605398,68,44,0.6470588235294118
2020-10-05,True,,202010W1,2,12548.28,12561.0,12543.61115942339,9.98907975871622,-0.001025177050292,-0.1755313381313817,4.668840576610819,positive,12700.0,16.771305052787863,12400.0,-13.386060734385696,70,50,0.7142857142857143
2020-10-06,True,,202010W1,1,12704.23,12703.5,12661.448895041638,58.30104648677366,0.0165986467644938,-0.1283581550268104,42.78110495836154,positive,12750.0,50.74960848384602,12600.0,-12.010034631599412,72,47,0.6527777777777778
2020-10-07,True,,202010W2,7,12746.37,12780.0,12725.333665519616,4.647372205756886,0.0033205462289783,-0.1046685291402737,21.03633448038454,positive,12900.0,3.975582762880789,12550.0,-1.6717255873509815,70,47,0.6714285714285714
2020-10-08,True,,202010W2,6,12887.19,12896.0,12827.853599132355,18.69182912246752,0.0209986598608219,-0.2844883678473753,59.33640086764353,positive,13100.0,11.710656491695714,12700.0,-4.398446861520996,72,52,0.7222222222222222
2020-10-12,True,,202010W2,2,12955.91,12947.0,12908.596499764832,30.70508695884424,0.0156725831928363,-0.2061052626952573,47.31350023516643,positive,13100.0,21.927406221478915,12800.0,-12.379880331800122,78,54,0.6923076923076923
2020-10-13,True,,202010W2,1,12947.13,12956.0,12924.9379531377,59.27242931004292,0.0158877591075994,-0.1565093098382801,22.19204686229932,positive,13000.0,52.63070007514151,12900.0,-20.38155762300158,80,51,0.6375
2020-10-14,True,,202010,7,12919.31,12891.0,12766.453583298671,31.4425417583327,0.0636261201473973,-0.4068397915490953,152.85641670132827,positive,13000.0,15.864435101866462,12500.0,-5.49328419760943,110,80,0.7272727272727273
2020-10-15,True,,202010,6,12827.82,12844.0,12724.386023444858,48.28522685512443,0.07154954650296,-0.5728507827722631,103.43397655514129,positive,13000.0,20.37784870662156,12500.0,-7.743378663288145,112,82,0.7321428571428571
2020-10-16,True,,202010,5,12750.37,12750.0,12731.979744977516,10.57872647199877,-0.0250264386240221,-0.533637444836643,18.39025502248478,positive,13000.0,15.73104981731793,12600.0,-12.256088462035876,114,94,0.8245614035087719
2020-10-19,True,,202010,2,12908.34,12896.0,12826.674441777928,76.2126325328528,0.0470934582355175,-0.321805085447397,81.66555822207192,positive,13000.0,43.676080575176336,12700.0,-11.957514090493472,114,85,0.7456140350877193
2020-10-20,True,,202010,1,12862.37,12855.5,12839.381090005636,32.02429654630129,0.003784503792058,-0.2398567845818167,22.988909994364803,positive,12900.0,38.24777180016433,12750.0,-35.95327702475291,114,94,0.8245614035087719
2020-10-21,True,,202010W4,7,12877.25,12855.0,12758.573908099115,8.693453627989907,0.0129851306235494,-0.1084749510453392,118.67609190088297,positive,13050.0,3.87483917932828,12800.0,-2.226072030056036,70,45,0.6428571428571429
2020-10-22,True,,202010W4,6,12917.03,12893.0,12758.249591948368,41.67722817349175,0.0649343040228368,-0.3176047447569425,158.78040805163255,positive,13050.0,16.14821002417086,12700.0,-5.810037858960311,72,48,0.6666666666666666
2020-10-23,True,,202010W4,5,12898.82,12896.0,12869.90403192631,21.903700327492185,0.0032955592800352,-0.3574111788540858,28.91596807369024,positive,13000.0,21.73477839375411,12750.0,-20.73192639142189,74,53,0.7162162162162162
2020-10-26,True,,202010W4,2,12909.03,12911.5,12899.132495538044,18.675209253240777,-0.0090006564147546,-0.2509319560900549,9.897504461956489,positive,13000.0,39.709188934621714,12750.0,-20.661789260601864,74,51,0.6891891891891891
2020-10-27,True,,202010W4,1,12875.01,12867.0,12878.16703928216,-29.906987437603064,-0.0240408853723244,-0.1757927730865237,-3.1570392821595306,negative,12950.0,44.895448621329365,12750.0,-36.85304506464402,74,49,0.6621621621621622
2020-10-28,True,,202011W1,7,12793.75,12793.0,12720.8158515627,4.858652379533463,0.0021347556074247,-0.1252426124470067,72.93414843729988,positive,13000.0,3.8894365099479393,12700.0,-3.698329587426057,72,48,0.6666666666666666
2020-10-29,True,,202011W1,6,12662.91,12659.0,12713.898381241544,-12.706974811804308,-0.0843713186395197,-0.4002899003276549,-50.98838124154463,negative,12900.0,9.494542223752251,12550.0,-7.822161838999557,74,59,0.7972972972972973
2020-10-30,True,,202011W1,5,12546.34,12481.0,12588.265577143577,-22.258071612758147,-0.0978886571231379,-0.3785766027985316,-41.92557714357645,negative,12800.0,4.849685961983302,12500.0,-7.6419755311785,80,67,0.8375
2020-11-02,True,,202011W1,2,12591.31,12585.0,12599.676556192746,-5.543592726615543,-0.0260008089101095,-0.2550826163463727,-8.36655619274643,negative,12800.0,10.295942536244066,12500.0,-9.69067128928316,84,70,0.8333333333333334
2020-11-03,True,,202011W1,1,12736.01,12734.0,12711.65581143281,16.993913339668573,-0.008224766343696,-0.1927938357924541,24.35418856718934,positive,12850.0,22.04727931624092,12650.0,-11.376699853942972,84,68,0.8095238095238095
2020-11-04,True,,202011W2,7,12867.9,12898.0,12755.633243202552,6.453705951657251,0.0116908936824595,-0.1063601102384804,112.26675679744768,positive,13050.0,2.740369578499951,12600.0,-0.879925915830286,70,51,0.7285714285714285
2020-11-05,True,,202011W2,6,12918.8,12915.0,12837.513449062622,16.59907312102728,0.0155959612339068,-0.2358001803287166,81.28655093737689,positive,13050.0,8.450357968885756,12800.0,-3.651765163793453,76,57,0.75
2020-11-06,True,,202011W2,5,12973.53,12954.0,12917.659932513165,13.455480645050809,-0.0011482749985402,-0.3006124803020284,55.87006748683598,positive,13100.0,11.96959517435218,12800.0,-7.152989106873451,78,58,0.7435897435897436
2020-11-09,True,,202011W2,2,13127.47,13137.0,13072.22490404972,39.07055052151908,0.0297185315560148,-0.2480373962326408,55.24509595027848,positive,13300.0,18.47283054268096,13000.0,-10.079039339122328,80,62,0.775
2020-11-10,True,,202011W2,1,13081.72,13086.0,13081.66137361464,5.700653850617776,-0.0026624041642236,-0.1600662955898993,0.0586263853601849,positive,13150.0,24.86938395201195,13050.0,-19.19442102708419,86,69,0.8023255813953488
2020-11-11,True,,202011,7,13262.19,13261.0,13087.579217696251,36.96617841660168,0.0955201922719359,-0.5058230828383201,174.61078230374915,positive,13400.0,14.08236217257629,13000.0,-4.991525323854027,114,84,0.7368421052631579
2020-11-12,True,,202011,6,13221.78,13228.0,13163.99347883376,25.92515587302625,0.037083261147695,-0.5284235721702842,57.78652116623925,positive,13400.0,16.14117879724043,13000.0,-9.9924262661198,120,102,0.85
2020-11-13,True,,202011,5,13273.33,13284.0,13205.356936244638,49.00563647049771,0.07334689232461,-0.5120676949466902,67.97306375536209,positive,13400.0,24.20700425256577,13000.0,-11.042837274309033,120,83,0.6916666666666667
2020-11-16,True,,202011,2,13551.83,13580.0,12597.19392033399,107.67511151985964,0.0849894524923703,-0.3414627107678988,954.63607966601,positive,13600.0,48.82580377370977,13350.0,-5.63673204152974,120,103,0.8583333333333333
2020-11-17,True,,202011,1,13593.01,13625.0,12694.78478838831,69.64550918562934,0.0202446206014414,-0.2575606088131543,898.2252116116906,positive,13700.0,53.1575551073136,13550.0,-13.91060098901249,128,91,0.7109375
2020-11-18,True,,202011W4,7,13773.29,13733.0,13735.539918268409,-0.2317784489753845,-0.0083011042673252,-0.1379971648607511,37.75008173159404,negative,14000.0,3.576526175708623,13400.0,-2.391121011020395,74,54,0.7297297297297297
2020-11-19,True,,202011W4,6,13722.43,13768.0,13759.841753133907,2.542679429744122,-0.0045394613472013,-0.3075435995912265,-37.41175313390704,positive,14000.0,10.476809862237918,13600.0,-8.477850432364091,80,60,0.75
2020-11-20,True,,202011W4,5,13716.44,13758.0,13791.204871089449,-19.29319314135405,-0.0552148167626712,-0.4105960308904727,-74.7648710894482,negative,14000.0,14.223209085819688,13650.0,-19.84960397940173,80,63,0.7875
2020-11-23,True,,202011W4,2,13878.01,13901.0,13888.104898208274,13.907221373849788,0.0016018343578367,-0.3017240382764554,-10.094898208273662,positive,14000.0,28.72150370726148,13700.0,-26.118722853098124,80,58,0.725
2020-11-24,True,,202011W4,1,13807.13,13824.0,13845.208478791928,-44.81275322349242,-0.0232767924039836,-0.2208582284935988,-38.07847879192741,negative,13900.0,28.79473124770932,13700.0,-49.34317701795316,84,54,0.6428571428571429
2020-11-25,True,,202012W1,7,13738.83,13727.0,13718.278601714474,0.8620822071672879,-0.0046770898075483,-0.1313543362859141,20.55139828552637,positive,14000.0,3.0776514548254017,13600.0,-2.9926768529025094,72,53,0.7361111111111112
2020-11-26,True,,202012W1,6,13845.66,13859.0,13815.387629717605,19.1318468512384,0.0206841906615378,-0.3278008950072925,30.27237028239688,positive,14000.0,13.232776549053156,13600.0,-8.045582335137146,76,59,0.7763157894736842
2020-11-27,True,,202012W1,5,13867.09,13898.0,13850.503565208845,32.77274217870014,0.0232714266097776,-0.3694125989097805,16.586434791157444,positive,14000.0,20.83158206653589,13700.0,-11.498540655253365,80,55,0.6875
2020-11-30,True,,202012W1,2,13722.89,13752.0,13815.199728551526,-61.093820789489904,-0.0669173002450184,-0.2822877890004202,-92.30972855152686,negative,13900.0,12.556295557076313,13700.0,-25.97789381807692,80,56,0.7
2020-12-01,True,,202012W1,1,13885.67,13891.5,13858.010381207298,63.47183493412371,0.0176812038922285,-0.1882294878743105,27.65961879270253,positive,13950.0,46.53929768140709,13800.0,-26.148198657221307,80,62,0.775
2020-12-02,True,,202012W2,7,13989.14,13974.0,13947.57514477486,2.123564210601089,0.00057002853405,-0.1235259380230019,41.56485522513867,positive,14200.0,2.8497901209271777,13800.0,-1.9677744958814425,74,54,0.7297297297297297
2020-12-03,True,,202012W2,6,13977.09,14002.0,13983.464430096312,6.022227966879863,0.0024767944993506,-0.2804222521801863,-6.374430096311698,positive,14200.0,8.93526967788282,13800.0,-8.562767788048326,76,58,0.7631578947368421
2020-12-04,True,,202012W2,5,14132.44,14156.0,14096.524478638246,24.59214080760968,0.0429242558708686,-0.3814708824859776,35.915521361754145,positive,14300.0,13.190679979144138,13900.0,-9.96804852297223,76,60,0.7894736842105263
2020-12-07,True,,202012W2,2,14256.6,14255.0,14155.939919220038,73.33058265521947,0.0601797454835732,-0.2619660988720702,100.6600807799623,positive,14400.0,23.32559055361008,14000.0,-9.56260845717807,82,63,0.7682926829268293
2020-12-08,True,,202012W2,1,14360.4,14361.5,14294.218326905391,81.69391189775759,0.0282465930476572,-0.154500057226488,66.18167309460841,positive,14400.0,41.27259603930646,14250.0,-6.896600945458538,86,55,0.6395348837209303
2020-12-09,True,,202012,7,14390.14,14399.0,14087.497054972851,61.01113137353692,0.1653309300583244,-0.5600727174732598,302.642945027148,positive,14500.0,19.0043281643283,14150.0,-2.9727132044967624,166,143,0.8614457831325302
2020-12-10,True,,202012,6,14249.49,14240.0,14163.137930354756,42.82661504930883,0.082175231051622,-0.7864278029809729,86.35206964524514,positive,14400.0,23.187711969221567,13900.0,-9.983392993881766,166,144,0.8674698795180723
2020-12-11,True,,202012,5,14261.69,14238.0,14163.37897377962,64.34194549241484,0.0994284793260606,-0.7438328398196553,98.31102622037906,positive,14300.0,32.299366417654305,14100.0,-11.926934203898565,168,146,0.8690476190476191
2020-12-14,True,,202012,2,14211.05,14202.0,14194.762776930103,10.390507612592556,-0.002552345504777,-0.4247472598437655,16.287223069895845,positive,14300.0,40.32850346299591,14100.0,-27.13982745446458,168,109,0.6488095238095238
2020-12-15,True,,202012,1,14068.52,14082.0,14089.75649682435,-14.322237345689008,-0.0141289018627696,-0.276341865399388,-21.23649682434916,negative,14150.0,30.234432292288865,13950.0,-29.684314603184514,168,104,0.6190476190476191
2020-12-16,True,,202012W4,7,14304.46,14268.0,14288.25218694237,-1.9665284581287408,-0.0094823676364149,-0.1375769624559175,16.2078130576283,negative,14500.0,4.092630395788981,14100.0,-2.811052137833416,74,56,0.7567567567567568
2020-12-17,True,,202012W4,6,14258.93,14290.0,14219.655345673014,26.67595274324336,0.0443612166672937,-0.3200209605730424,39.27465432698591,positive,14500.0,12.181459482247906,14050.0,-7.5536742451546335,80,63,0.7875
2020-12-18,True,,202012W4,5,14249.96,14232.0,14217.554456327034,8.994777391598719,-0.0073535718059977,-0.3700981956026249,32.405543672964995,positive,14450.0,13.781533242124404,14050.0,-12.169092652939522,80,61,0.7625
2020-12-21,True,,202012W4,2,14384.96,14399.0,14306.531481118369,84.44092398410599,0.0513052825540346,-0.2507434430615104,78.42851888163023,positive,14450.0,32.12494689830093,14150.0,-9.82293272177457,80,65,0.8125
2020-12-22,True,,202012W4,1,14177.46,14130.0,14233.919731680737,-99.44869356701804,-0.0726190598019897,-0.1991582256741957,-56.459731680735786,negative,14350.0,9.22656102865474,14050.0,-28.058789391473965,84,67,0.7976190476190477
2020-12-23,True,,202012W5,7,14223.09,14177.0,14127.257373095716,5.701864804103993,0.0033601532133598,-0.1444159969027634,95.83262690428457,positive,14500.0,4.460200409820727,14000.0,-3.3004829175295103,70,52,0.7428571428571429
2020-12-24,True,,202012W5,6,14280.28,14295.0,14249.8300467514,18.239826108536,0.00944659916771,-0.2995714496079926,30.44995324860065,positive,14500.0,13.221129699836473,14000.0,-7.64378694906753,72,53,0.7361111111111112
2020-12-25,True,,202012W5,5,14331.42,14348.0,14303.238021674651,30.5438236451467,0.020062390849473,-0.3541990338493124,28.18197832534679,positive,14500.0,21.375171514002947,14200.0,-11.331539142500906,74,56,0.7567567567567568
2020-12-28,True,,202012W5,2,14483.07,14482.0,14396.281449953867,75.36959512189458,0.0423162528243403,-0.262051115671353,86.78855004613251,positive,14550.0,39.4683801166804,14300.0,-9.942827064432084,76,52,0.6842105263157895
2020-12-29,True,,202012W5,1,14472.05,14505.5,14459.35571929825,87.04029982710351,0.0239852264302859,-0.1839909333246961,12.694280701749449,positive,14550.0,62.43263519417991,14350.0,-16.0441377473412,80,52,0.65
2020-12-30,True,,202101W1,7,14687.7,14666.0,14650.034304298337,1.5426387996422872,-0.0025362535808127,-0.1320242110012694,37.66569570166576,positive,14800.0,4.028958980341476,14450.0,-2.9178170278682174,70,52,0.7428571428571429
2020-12-31,True,,202101W1,6,14732.53,14720.0,14691.529558645878,8.363949166020758,0.0106889211297511,-0.2986302239311481,41.00044135412281,positive,14900.0,9.230272759669733,14500.0,-6.504784695693111,76,61,0.8026315789473685
2021-01-04,True,,202101W1,2,14902.03,14900.0,14857.839233927964,23.69632621528481,0.0123652783973029,-0.233074545674721,44.19076607203715,positive,15000.0,21.65469258710123,14750.0,-8.843359651628964,78,60,0.7692307692307693
2021-01-05,True,,202101W1,1,15000.03,15008.5,14952.754557716042,59.77324919904228,0.0211361965897222,-0.165600375114002,47.27544228395891,positive,15100.0,51.791173686138514,14800.0,-12.426647030515504,80,63,0.7875
2021-01-06,True,,202101W2,7,14983.13,14935.0,14932.405010310968,0.1650441228720706,-0.0112459369052445,-0.1778305577156042,50.724989689031645,positive,15200.0,4.307834919607915,14600.0,-2.5814087531192915,60,46,0.7666666666666667
2021-01-07,True,,202101W2,6,15214.0,15253.0,15267.208482727165,-2.7187782456238825,-0.0248772797249482,-0.3794832263188801,-53.208482727162846,negative,15400.0,15.102040637741387,14800.0,-7.210380323436395,64,48,0.75
2021-01-08,True,,202101W2,5,15463.95,15467.0,15395.218404644576,15.792504547695508,0.0099847411197651,-0.4104476553385184,68.73159535542618,positive,15800.0,18.567490225785644,15000.0,-4.94721667094961,68,55,0.8088235294117647
2021-01-11,True,,202101W2,2,15557.3,15553.0,15443.614231354031,47.44076932102536,0.0404270881332421,-0.2572868457128901,113.68576864596798,positive,15800.0,33.64849837788564,15300.0,-8.534628970852864,76,61,0.8026315789473685
2021-01-12,True,,202101W2,1,15500.7,15516.0,15459.85038451283,41.914984337809614,0.0145584825156517,-0.1834762354811818,40.84961548717001,positive,15600.0,40.427338404164885,15400.0,-14.188968176141772,76,50,0.6578947368421053
2021-01-13,True,,202101,7,15769.98,15762.0,15497.940964833517,23.061654064030623,0.0600478205630321,-0.5176397700297497,272.0390351664828,positive,16000.0,11.588797136848012,15500.0,-2.141260902847561,170,121,0.711764705882353
2021-01-14,True,,202101,6,15707.19,15728.0,15608.782774989746,26.99660834734891,0.0724553087973366,-0.6860498312115229,98.40722501025448,positive,16000.0,17.12900171922317,15300.0,-5.39288348959502,178,148,0.8314606741573034
2021-01-15,True,,202101,5,15616.39,15635.0,15757.41114483662,-44.78154673633544,-0.141368571176471,-0.854285378086598,-141.0211448366208,negative,16000.0,15.653676202502044,15650.0,-14.871726842290109,178,126,0.7078651685393258
2021-01-18,True,,202101,2,15612.0,15609.0,15677.7060313516,-45.060254805059294,-0.0694148867496001,-0.4900011117917563,-65.70603135159945,negative,15800.0,16.801200864068697,15650.0,-14.234265134883998,178,151,0.848314606741573
2021-01-19,True,,202101,1,15877.37,15890.0,13894.220194513731,32.822624249543274,0.0043456229952029,-0.2901658816521452,1983.149805486269,positive,16000.0,35.612831312936194,15700.0,-22.03955558601209,178,152,0.8539325842696629
2021-01-20,True,,202101W4,7,15806.18,15780.0,15754.009501656012,1.0804915680748688,-0.0034160440046506,-0.1298243749966303,52.17049834398858,positive,16000.0,1.6392277880993658,15600.0,-1.2035880393016247,88,66,0.75
2021-01-21,True,,202101W4,6,16153.77,16158.0,16119.751050613964,5.448652143860443,0.0240621398671287,-0.4449948882855356,34.018949386036184,positive,16400.0,6.208083735104141,15800.0,-3.946892251561151,90,75,0.8333333333333334
2021-01-22,True,,202101W4,5,16019.03,16016.0,16047.339283345187,-10.04309076511716,-0.0323756692992295,-0.4854592535353607,-28.309283345188305,negative,16200.0,7.555616281927604,15800.0,-9.237196621041882,100,82,0.82
2021-01-25,True,,202101W4,2,15946.54,15956.0,15949.080882126003,3.739237924371311,-0.0019282607086621,-0.3355310988700064,-2.540882126002544,positive,16200.0,11.4852927328193,15800.0,-13.400523478927532,100,78,0.78
2021-01-26,True,,202101W4,1,15658.85,15682.0,15792.87683582453,-89.80597737953964,-0.0687076193173706,-0.2412286047485478,-134.02683582453028,negative,15900.0,7.985312492269797,15650.0,-25.88781939240897,100,79,0.79
2021-01-27,True,,202102W1,7,15701.45,15693.0,15649.539410008383,2.253975983439911,0.0003862161134638,-0.1268097220107551,51.9105899916176,positive,16200.0,2.210190631603831,15300.0,-1.816612159950072,86,66,0.7674418604651163
2021-01-28,True,,202102W1,6,15415.88,15414.0,15400.024423088087,2.695778048935269,-0.0321356383658841,-0.3962878054627241,15.855576911910248,positive,15900.0,5.883203092038231,15000.0,-8.967343584552307,88,70,0.7954545454545454
2021-01-29,True,,202102W1,5,15138.31,15109.0,15283.14471969688,-37.28791929554524,-0.1527856933661408,-0.4188086770719049,-144.8347196968807,negative,15500.0,3.122324374228548,15000.0,-14.953394293359189,96,77,0.8020833333333334
2021-02-01,True,,202102W1,2,15410.09,15390.0,15357.561855962023,16.53910904562964,-0.0037942833617959,-0.3093036075908237,52.528144037976745,positive,15600.0,14.96603506817069,15000.0,-12.880794969073657,106,88,0.8301886792452831
2021-02-02,True,,202102W1,1,15760.05,15762.0,15720.178407111212,24.96877142881835,0.0070700125126549,-0.191269493839936,39.87159288878684,positive,15850.0,12.725612889916372,15500.0,-8.12989722766563,106,73,0.6886792452830188
2021-02-03,True,,202102,14,15771.32,15773.0,15621.293126988743,12.83320072759779,0.0655528867660007,-0.7046909978244624,150.0268730112566,positive,16000.0,6.457540359253072,15000.0,-2.6119481269890352,160,118,0.7375
2021-02-04,True,,202102,13,15706.22,15698.0,15663.748763646958,5.390910588927376,-0.0077931841236793,-0.7490484221282441,42.4712363530416,positive,16000.0,8.827408171964246,15000.0,-3.7464488624069023,160,131,0.81875
2021-02-05,True,,202102,12,15802.4,15803.0,15763.9619382316,8.494250659284713,-0.0039549864551166,-0.7427248014185396,38.43806176840008,positive,16000.0,9.564239908385076,15300.0,-3.948242416428733,162,111,0.6851851851851852
2021-02-17,True,,202102W4,7,16362.29,16389.0,16416.725003672116,-1.4349806839280232,-0.009214500251475,-0.1340338527405877,-54.43500367211527,negative,16600.0,2.1070739697891576,16000.0,-1.6140782851219435,86,65,0.7558139534883721
2021-02-18,True,,202102W4,6,16424.51,16423.0,16439.675818785025,-3.057466381845076,-0.0205242187583556,-0.3163851805221172,-15.165818785026204,negative,16600.0,5.70853993798026,16000.0,-6.895727629199485,110,87,0.7909090909090909
2021-02-19,True,,202102W4,5,16341.38,16358.0,16341.166013598788,5.294089696264421,-0.0011007913498179,-0.3847213331176538,0.213986401211514,positive,16500.0,10.335023889915526,16000.0,-10.04151384764777,112,86,0.7678571428571429
2021-02-22,True,,202102W4,2,16410.16,16431.0,16431.002042342618,-0.0010691412614559,-0.0143854542576595,-0.2932015760526019,-20.842042342617788,negative,16600.0,16.253039230587568,16200.0,-10.159311582559072,112,76,0.6785714285714286
2021-02-23,True,,202102W4,1,16443.4,16493.0,16435.71488946696,54.02491751218061,0.0243557456149254,-0.198466887059704,7.685110533042462,positive,16600.0,25.87407133635028,16300.0,-11.493458502547195,112,72,0.6428571428571429
2021-02-24,True,,202103W1,7,16212.53,16229.0,16167.378046100335,3.986606563307112,-0.0005358111620607,-0.1604728755258296,45.151953899665386,positive,16500.0,2.699999038519984,16000.0,-2.7643657561957515,88,60,0.6818181818181818
2021-02-25,True,,202103W1,6,16452.18,16435.0,16311.68393254354,25.65238450968693,0.0559377352653299,-0.3497869419668731,140.49606745646088,positive,16800.0,7.695137090589381,16000.0,-5.434409503933154,98,75,0.7653061224489796
2021-02-26,True,,202103W1,5,15953.8,16000.0,16060.494551756288,-15.084433856568433,-0.0785525906885425,-0.4455348613040183,-106.694551756289,negative,16500.0,5.82315914971463,15600.0,-7.870223153363608,98,78,0.7959183673469388
2021-03-02,True,,202103W1,1,15946.88,15948.0,16032.834933499773,-50.6188453229334,-0.0421467743046113,-0.1701210134192605,-85.95493349977187,negative,16200.0,6.823049035194912,15800.0,-15.835851436160503,106,77,0.7264150943396226
2021-03-03,True,,202103W2,7,16211.73,16214.0,16091.415457734887,5.424219123124512,0.0114963309845196,-0.1364482355138667,120.3145422651105,positive,16600.0,2.7384820202693785,15800.0,-1.4982742740206003,86,63,0.7325581395348837
2021-03-04,True,,202103W2,6,15906.41,15958.0,15980.523872551328,-4.322574276994338,-0.0450994954126317,-0.4224562559808539,-74.11387255132831,negative,16300.0,6.745019261211379,15400.0,-8.411956944118993,98,72,0.7346938775510204
2021-03-05,True,,202103W2,5,15855.23,15886.0,15915.339379763676,-8.486440025518707,-0.0499331389558814,-0.4614060472579592,-60.10937976367495,negative,16300.0,6.208033796081314,15400.0,-10.679594730630622,100,82,0.82
2021-03-08,True,,202103W2,2,15820.11,15845.0,15890.529797432757,-22.956237756641663,-0.0503106554876421,-0.3100477043208468,-70.41979743275624,negative,16000.0,11.367006113848618,15400.0,-12.070974247642347,102,83,0.8137254901960784
2021-03-09,True,,202103W2,1,15853.09,15858.0,15852.257416679677,4.920166143835305,-0.0055742140249057,-0.2092264024643573,0.8325833203252841,positive,16000.0,19.75538669695164,15700.0,-15.18617345925228,104,73,0.7019230769230769
2021-03-10,True,,202103,7,15911.67,15877.0,15853.35108200376,3.9620274021385296,-0.0049682237032656,-0.570957088483962,58.318917996241,positive,16400.0,6.91403460797339,15600.0,-9.130409374663936,188,156,0.8297872340425532
2021-03-11,True,,202103,6,16179.56,16173.0,16052.14993621827,34.59448711882504,0.0717720928951419,-0.6960721901173569,127.41006378173006,positive,16400.0,16.71408899712742,15600.0,-6.794045383050097,190,144,0.7578947368421053
2021-03-12,True,,202103,5,16255.18,16222.0,16103.95292794364,60.66549330357061,0.1097243122869258,-0.6322110693764108,151.22707205635925,positive,16400.0,24.174715570884647,15800.0,-6.555742770751522,196,150,0.7653061224489796
2021-03-15,True,,202103,2,16249.33,16199.0,16129.88833543586,56.19817846399228,0.046422948568502,-0.4020233523415741,119.4416645641395,positive,16300.0,27.1246298049583,16000.0,-9.663796071207718,196,162,0.826530612244898
2021-03-16,True,,202103,1,16313.16,16306.0,16217.193060409054,120.91728329855636,0.0531615650860445,-0.2400361663992171,95.96693959094593,positive,16400.0,50.57094849326979,16200.0,-10.737344744633122,196,179,0.9132653061224488
2021-03-17,True,,202103W4,7,16215.82,16213.0,16145.899383232289,7.52544477790516,0.0098473087263283,-0.1673991802886015,69.920616767713,positive,16500.0,4.0168343845643975,16000.0,-4.05929443158748,90,60,0.6666666666666666
2021-03-18,True,,202103W4,6,16287.84,16279.0,16269.343720116463,3.4154690999971367,-0.0178180198796859,-0.3509983805485147,18.49627988353677,positive,16600.0,10.422054224711427,16000.0,-10.766087810732856,94,69,0.7340425531914894
2021-03-19,True,,202103W4,5,16070.24,16059.0,16107.174993720002,-23.3814806585108,-0.0729044439663956,-0.4356171794126844,-36.93499372000224,negative,16300.0,11.114976419444034,16000.0,-15.01383175557559,94,66,0.7021276595744681
2021-03-22,True,,202103W4,2,16189.22,16171.0,16156.446930122898,12.020464486249706,-0.003228193923078,-0.3090910091803659,32.77306987710108,positive,16300.0,20.78010871494325,16000.0,-19.614205767078065,98,76,0.7755102040816326
2021-03-23,True,,202103W4,1,16177.59,16165.0,16158.846920541497,9.02263582446373,-0.0035777580248054,-0.2227546380409206,18.743079458505235,positive,16250.0,35.18619362167663,16000.0,-26.686450728249508,98,75,0.7653061224489796
2021-03-24,True,,202103W5,7,16032.12,16016.0,15957.847963446551,5.545126839210305,0.0021408055018535,-0.1427808540500976,74.27203655344965,positive,16300.0,3.7318208113535314,15700.0,-3.5103964976181485,88,59,0.6704545454545454
2021-03-25,True,,202103W5,6,16060.14,16063.0,15993.794234605615,22.78045741637181,0.0205213749027796,-0.3640459243321307,66.3457653943824,positive,16300.0,10.662828181050957,15700.0,-7.742489010173346,92,64,0.6956521739130435
2021-03-26,True,,202103W5,5,16305.88,16318.0,16151.32963707731,78.53168508275999,0.1121802040605308,-0.4727767968488258,154.5503629226896,positive,16400.0,22.927941079420144,16000.0,-6.9289548311260365,92,62,0.6739130434782609
2021-03-29,True,,202103W5,2,16475.97,16442.0,16355.811422108662,55.81194598586167,0.0251789806526307,-0.3532190253262992,120.15857789133952,positive,16600.0,26.12473215464984,16200.0,-8.568400641686383,98,64,0.6530612244897959
2021-03-30,True,,202103W5,1,16554.9,16540.0,16146.43504837781,120.6904282560778,0.0403533774328143,-0.2004068852865657,408.4649516221907,positive,16600.0,61.30681989788348,16450.0,-13.868102631621973,106,69,0.6509433962264151
2021-03-31,True,,202104W1,7,16431.13,16456.0,16390.72628546134,6.967863344966247,0.0096421297809799,-0.1295126869746787,40.403714538661006,positive,16700.0,4.394004474176079,16300.0,-3.8074387202716617,92,60,0.6521739130434783
2021-04-01,True,,202104W1,6,16571.28,16574.0,16546.512996513586,10.51411899384339,0.0025494037313568,-0.3159776863502445,24.76700348641316,positive,16700.0,11.227378714686015,16300.0,-8.7485177545125,98,71,0.7244897959183674
2021-04-06,True,,202104W1,1,16739.87,16743.5,16729.747990388045,22.86248582257244,0.0038834953597017,-0.1443388869891093,10.122009611954129,positive,16850.0,36.807795287627535,16650.0,-24.88289994438944,98,61,0.6224489795918368
2021-04-07,True,,202104W2,7,16815.36,16790.0,16758.66309746853,3.734813667749144,0.0054371678514953,-0.1444038490759405,56.696902531472006,positive,17000.0,4.081953850424034,16500.0,-4.269706356431028,92,57,0.6195652173913043
2021-04-08,True,,202104W2,6,16926.44,16943.0,16849.493621998707,38.50780819595329,0.0580963349683578,-0.3479797586831585,76.94637800129203,positive,17000.0,16.603021711432742,16700.0,-9.996851734863606,94,64,0.6808510638297872
2021-04-09,True,,202104W2,5,16854.1,16856.0,16843.738883997226,7.550639040599897,-0.0121710064401891,-0.3936316102508925,10.361116002772178,positive,17000.0,17.434216357961965,16700.0,-13.632462939797293,100,74,0.74
2021-04-12,True,,202104W2,2,16859.7,16850.0,16851.65866727128,-1.9475302355156192,-0.0129242701711596,-0.2635609391230986,8.04133272872059,negative,17000.0,30.67965509434974,16700.0,-21.2594156990135,100,69,0.69
2021-04-13,True,,202104W2,1,16824.91,16817.5,16867.03636718966,-75.59694988913499,-0.0376385627794951,-0.1627229830917918,-42.126367189659504,negative,17000.0,13.858408537114316,16700.0,-30.719335458631924,100,69,0.69
2021-04-14,True,,202104,7,16865.97,16861.0,16666.91243273686,48.64446791399196,0.0993354910983222,-0.5602811837865975,199.0575672631421,positive,17000.0,17.18889941774221,16500.0,-4.6994533890261785,156,108,0.6923076923076923
2021-04-15,True,,202104,6,17076.73,17073.0,16872.165645543908,72.67683654514676,0.1523740275110539,-0.6930828217533211,204.56435445609168,positive,17200.0,19.709444566508456,16600.0,-6.672087590168017,158,107,0.6772151898734177
2021-04-16,True,,202104,5,17158.81,17159.0,16999.32647102586,92.04020855617894,0.144016422640726,-0.6281533617244314,159.48352897414225,positive,17200.0,25.94806638003944,16850.0,-7.512307985589825,166,136,0.8192771084337349
2021-04-19,True,,202104,2,17263.28,17269.0,17172.324301587312,90.78200928957456,0.0562629602741884,-0.3845550619373377,90.95569841268662,positive,17300.0,33.7397197454514,17000.0,-11.15298294026181,170,135,0.7941176470588235
2021-04-20,True,,202104,1,17323.87,17320.0,15792.570751268771,135.2470819075095,0.0470984385221297,-0.2544615514843062,1531.2992487312276,positive,17400.0,56.38704101113984,17150.0,-13.50197172170607,174,139,0.7988505747126436
2021-04-21,True,,202104W4,7,17202.11,17176.0,17172.707135388133,0.3029204219001723,-0.0144231856453112,-0.1743396422827718,29.4028646118677,positive,17200.0,4.426174760840312,16800.0,-3.861970423625289,94,61,0.648936170212766
2021-04-22,True,,202104W4,6,17096.97,17143.0,17194.061451501504,-16.771628727129997,-0.085038034354577,-0.4502625230199262,-97.09145150150287,negative,17600.0,9.148289407042814,17000.0,-10.031750568526247,98,69,0.7040816326530612
2021-04-23,True,,202104W4,5,17300.27,17287.0,17249.342559549044,21.54127497512508,-0.003283961867234,-0.4430101247161004,50.927440450956055,positive,17500.0,16.397929036739523,17000.0,-11.552721277844986,102,68,0.6666666666666666
2021-04-26,True,,202104W4,2,17572.29,17558.0,17436.051814805516,85.83510992982502,0.0479921045139374,-0.3324201343700553,136.23818519448469,positive,17600.0,32.2024270693377,17200.0,-8.663074295530672,102,65,0.6372549019607843
2021-04-27,True,,202104W4,1,17595.9,17604.0,17498.859260533747,167.63210620198456,0.0593369328511067,-0.2303387433886922,97.04073946625432,positive,17700.0,59.97062286765444,17450.0,-13.10849024199628,114,80,0.7017543859649122
2021-04-28,True,,202105W1,7,17567.53,17564.0,17497.77288012024,5.5694476853444295,0.0016839726592436,-0.135266295297762,69.75711987975956,positive,17650.0,2.557956779639554,17300.0,-3.2056645151158003,94,65,0.6914893617021277
2021-04-29,True,,202105W1,6,17566.66,17597.0,17590.90115235487,2.2685551072473227,-0.0271999472046034,-0.3325918021957714,-24.241152354868973,positive,17800.0,7.171511881350972,17300.0,-9.004514645223994,96,72,0.75
2021-05-03,True,,202105W1,2,17222.35,17287.0,17348.25147604602,-46.34766799859144,-0.0702530291766693,-0.3004211550907645,-125.90147604602316,negative,17500.0,17.532494900435175,17200.0,-21.44886466637329,96,61,0.6354166666666666
2021-05-04,True,,202105W1,1,16933.78,16966.0,17092.90488804319,-49.652184441324586,-0.0381467070249255,-0.194084371774801,-159.1248880431922,negative,17050.0,2.5480526617040087,16800.0,-12.55327902899962,108,83,0.7685185185185185
2021-05-05,True,,202105W2,7,16843.44,16789.0,16706.12684328464,3.582541102186377,0.0005062194122698,-0.1115346363519847,137.31315671535776,positive,17200.0,1.8309549496540785,16200.0,-1.0846292426960855,92,67,0.7282608695652174
2021-05-06,True,,202105W2,6,16994.36,16967.0,16833.841370691538,24.893641484153143,0.0409116489188963,-0.3414362057236014,160.51862930846255,positive,17400.0,8.821265660066981,16700.0,-2.9880085041622446,96,77,0.8020833333333334
2021-05-07,True,,202105W2,5,17285.0,17301.0,17104.374748880415,55.06809539817245,0.0869445514078279,-0.3661398683560004,180.6252511195853,positive,17400.0,17.557178368541745,17000.0,-3.207128400848757,98,77,0.7857142857142857
2021-05-10,True,,202105W2,2,17235.61,17250.0,17171.721531971456,55.17309479848353,0.0365964291989425,-0.2780231515866112,63.888468028544594,positive,17400.0,28.446304331166434,17000.0,-9.14649916432086,112,88,0.7857142857142857
2021-05-11,True,,202105W2,1,16583.13,16601.0,16693.039879053445,-29.126504447927964,-0.0372020690462581,-0.1930372984257903,-109.90987905344446,negative,17000.0,6.751560327155497,16500.0,-6.977503995029252,112,90,0.8035714285714286
2021-05-12,True,,202105,7,15902.37,15697.0,16424.10512456493,-24.1017312080456,-0.2127689139403662,-0.5528737888007548,-521.7351245649279,negative,17000.0,1.4286766545619392,15800.0,-3.0308380501994447,160,128,0.8
2021-05-13,True,,202105,6,15670.1,15565.0,16172.85590591567,-33.02447038648068,-0.2169166763227522,-0.5265763272385238,-502.75590591567016,negative,16250.0,0.7186749239431295,15000.0,-5.398502091233676,174,143,0.8218390804597702
2021-05-14,True,,202105,5,15827.09,15767.0,16111.05582965799,-32.14379189940271,-0.1941600342265616,-0.5768457466482241,-283.9658296579892,negative,16350.0,1.746770112428628,15000.0,-6.269924443563651,180,145,0.8055555555555556
2021-05-17,True,,202105,2,15353.89,15264.0,15726.793887714226,-39.29569787874354,-0.1461349379374109,-0.326219526749318,-372.9038877142266,negative,16000.0,1.1872693245928607,15000.0,-10.27706383586416,180,160,0.8888888888888888
2021-05-18,True,,202105,1,16145.98,16146.0,16104.815379964388,7.917346248410155,0.0010348901398279,-0.2739985265229946,41.16462003561173,positive,16500.0,6.038189830972443,15800.0,-5.671923242222283,192,150,0.78125
2021-05-19,True,,202105W4,7,16132.66,16057.0,15975.244068551528,0.9826883770482364,-0.0035608388682577,-0.0696520838368227,157.41593144847138,positive,16900.0,0.6536679150704126,15500.0,-0.4303277514666248,86,70,0.813953488372093
2021-05-20,True,,202105W4,6,16042.36,16015.0,15835.759006089827,8.814182543845474,0.0168872557720819,-0.2156964103580779,206.6009939101732,positive,16800.0,2.8068428357787694,15500.0,-1.307713144144581,88,74,0.8409090909090909
2021-05-21,True,,202105W4,5,16302.06,16287.0,16114.349103538652,14.495061976082662,0.0294137218740207,-0.2792112926661054,187.71089646134715,positive,16700.0,4.778205671587281,16000.0,-2.010900442740548,90,78,0.8666666666666667
2021-05-24,True,,202105W4,2,16338.29,16322.0,16204.616145726066,20.824947225501017,0.0172325427666563,-0.2056925888316891,133.67385427393492,positive,16700.0,8.037777152855854,16000.0,-3.782240077915612,98,82,0.8367346938775511
2021-05-25,True,,202105W4,1,16595.67,16603.0,16462.26036470886,65.226477340519,0.0320069802905062,-0.1519875126633331,133.4096352911365,positive,16700.0,25.641475842641515,16300.0,-5.585850175085393,98,68,0.6938775510204082
2021-05-26,True,,202106W1,7,16643.69,16643.0,16575.844726864103,2.117361886554843,-0.0003060928453458,-0.094151479211898,67.8452731358957,positive,17200.0,1.6423574131853227,16300.0,-1.133457559592098,90,68,0.7555555555555555
2021-05-27,True,,202106W1,6,16601.61,16560.0,16494.242942869605,6.034438763279087,-0.0045388609280378,-0.255793391602058,107.36705713039557,positive,17000.0,3.561050974636231,16300.0,-3.2306829906285537,92,76,0.8260869565217391
2021-05-28,True,,202106W1,5,16870.86,16884.0,16770.530223010217,16.791248756476794,0.0096868868793052,-0.3115675093032195,100.32977698978355,positive,17200.0,8.24885979530343,16300.0,-3.212067826389182,92,78,0.8478260869565217
2021-05-31,True,,202106W1,2,17068.43,17034.0,16923.7728442211,36.92751469369135,0.0146735388376972,-0.2367278404163243,144.65715577889932,positive,17200.0,17.60713352902977,16700.0,-3.7590607230028974,102,85,0.8333333333333334
2021-06-01,True,,202106W1,1,17162.38,17156.0,17027.372998423118,107.7933485558822,0.0451597998766679,-0.1701512295095001,135.00700157688334,positive,17200.0,38.31978116008534,17000.0,-7.235010708875529,110,91,0.8272727272727273
2021-06-02,True,,202106W2,7,17165.04,17127.0,17001.031815996736,4.762782825665902,0.0070444838388582,-0.1026011179386525,164.00818400326534,positive,17500.0,2.1910680950432773,16500.0,-0.8372207247381046,94,71,0.7553191489361702
2021-06-03,True,,202106W2,6,17246.16,17253.0,17117.14976149803,16.990322887959444,0.031902139473264,-0.2548067765962737,129.0102385019709,positive,17500.0,5.400859814420837,17000.0,-2.8722010093578865,94,74,0.7872340425531915
2021-06-04,True,,202106W2,5,17147.41,17127.0,17042.32793667583,15.5739108566094,0.0146916651843601,-0.3108504641451913,105.08206332417105,positive,17500.0,7.972598702337256,16900.0,-4.235229053815746,98,76,0.7755102040816326
2021-06-07,True,,202106W2,2,17083.91,17115.0,17052.57341923339,21.03015517827917,0.0098934980940822,-0.2421671319030294,31.33658076660868,positive,17300.0,11.338068228955557,16800.0,-6.617928103974262,98,72,0.7346938775510204
2021-06-08,True,,202106W2,1,17076.21,17111.0,17101.934366821806,7.879015594316187,-0.0114382769850963,-0.1550044076029501,-25.72436682180705,positive,17250.0,19.124794707589867,16900.0,-13.078286409082692,100,79,0.79
2021-06-09,True,,202106,7,16966.22,16961.0,16898.62047401159,9.782904653871096,-0.0158562155750239,-0.5558070296353382,67.59952598841119,positive,17400.0,6.958965898646516,16400.0,-2.838037494541552,202,139,0.6881188118811881
2021-06-10,True,,202106,6,17159.22,17157.0,17054.82699865205,32.67627483283928,0.0548857090115316,-0.6083634917637516,104.3930013479512,positive,17500.0,13.74677017348326,17000.0,-7.911720552035613,204,169,0.8284313725490197
2021-06-11,True,,202106,5,17213.52,17220.0,17164.997264094465,29.86176367099033,0.0034449859063585,-0.5300813895160369,48.52273590553523,positive,17500.0,19.32372027405199,17000.0,-14.116217531730454,206,173,0.8398058252427184
2021-06-15,True,,202106,1,17371.29,17399.0,17328.689580438422,84.65619897119527,0.0251915545333984,-0.2074875077193039,42.60041956157875,positive,17500.0,68.1196660916467,17300.0,-10.735813369309916,206,168,0.8155339805825242
2021-06-16,True,,202106W4,7,17307.86,17320.0,17400.61324808995,-5.99130363384957,-0.0304369661033817,-0.1292879884672382,-92.75324808994992,negative,17700.0,2.407112778976931,17000.0,-3.95634610330971,94,60,0.6382978723404256
2021-06-17,True,,202106W4,6,17390.61,17391.0,17362.745753487885,6.882685984781864,-0.0124166485733094,-0.3500363839638034,27.86424651211564,positive,17600.0,10.256502353649989,17000.0,-9.978316195067304,98,72,0.7346938775510204
2021-06-18,True,,202106W4,5,17318.54,17339.0,17331.745394076646,3.002467064768936,-0.0319846988430135,-0.3920912645960214,-13.205394076645462,positive,17500.0,12.719285449705854,17000.0,-12.685570329474569,98,74,0.7551020408163265
2021-06-21,True,,202106W4,2,17062.98,17068.0,17172.425813889742,-59.27131396772915,-0.1005026127637301,-0.3230468677509084,-109.44581388974257,negative,17300.0,12.391851937759082,17000.0,-23.1061147941956,98,69,0.7040816326530612
2021-06-22,True,,202106W4,1,17075.55,17133.0,17172.73516161601,-54.42566759901566,-0.0547759298285416,-0.2169222375930359,-97.18516161600928,negative,17300.0,30.851786653234207,17000.0,-33.20960610990011,106,80,0.7547169811320755
2021-06-23,True,,202106W5,7,17336.71,17343.0,17449.86548529461,-6.3424060916426885,-0.0313984172787557,-0.1519802309228715,-113.15548529461012,negative,17600.0,2.496709330105433,17300.0,-4.648438215887958,92,65,0.7065217391304348
2021-06-24,True,,202106W5,6,17407.96,17407.0,17494.49968292836,-20.53143923837412,-0.0820927281959743,-0.3281111720511047,-86.53968292835998,negative,17600.0,7.0739957220300695,17300.0,-9.230915553329966,104,72,0.6923076923076923
2021-06-25,True,,202106W5,5,17502.99,17488.0,17544.1813802238,-23.68927022758962,-0.0869278562476211,-0.4016656505570269,-41.19138022379775,negative,17700.0,11.338009824705754,17200.0,-11.836502923575626,106,79,0.7452830188679245
2021-06-28,True,,202106W5,2,17590.97,17595.0,17553.10937981357,26.40044786094076,0.0061277718582226,-0.2405010205949733,37.86062018643133,positive,17800.0,20.30218662168214,17200.0,-8.481759642077952,110,82,0.7454545454545455
2021-06-29,True,,202106W5,1,17598.19,17605.0,17556.962728954604,61.34984165978528,0.0165819734188199,-0.1927560626662193,41.227271045394446,positive,17650.0,41.35894361149708,17500.0,-20.530451262320785,114,74,0.6491228070175439
2021-06-30,True,,202107W1,7,17755.46,17763.0,17784.967199794864,-1.577570658869902,-0.0144414817341187,-0.1225150688887224,-29.5071997948653,negative,17900.0,2.6013652863091914,17500.0,-2.5521250120233345,94,66,0.7021276595744681
2021-07-01,True,,202107W1,6,17713.94,17710.0,17799.6484043315,-26.483857697214614,-0.1055439957940894,-0.40486297823778,-85.70840433150079,negative,17900.0,8.867184926377279,17400.0,-15.212356850408506,102,76,0.7450980392156863
2021-07-02,True,,202107W1,5,17710.15,17703.0,17779.094935669047,-31.9865751193908,-0.1032895647033422,-0.3978402927316905,-68.94493566904566,negative,17900.0,10.491541893879626,17400.0,-17.428723603629592,102,74,0.7254901960784313
2021-07-05,True,,202107W1,2,17919.33,17926.0,17882.7954363232,29.623368303492647,0.0073556361844466,-0.2632536108826739,36.53456367680337,positive,18000.0,24.796592682866955,17700.0,-10.457409318517824,102,70,0.6862745098039216
2021-07-06,True,,202107W1,1,17913.07,17914.5,17870.26667416994,66.88182303685464,0.0178127155317954,-0.1825688292395497,42.8033258300602,positive,18000.0,49.62403466501976,17800.0,-16.10477959478268,110,79,0.7181818181818181
2021-07-07,True,,202107W2,7,17850.69,17855.0,17801.553604662644,4.840276581281772,-0.002263302374263,-0.1392116639575242,49.13639533735477,positive,18000.0,4.081459300125665,17450.0,-2.540170108883822,98,63,0.6428571428571429
2021-07-08,True,,202107W2,6,17866.09,17848.0,17820.682681112434,9.787447882842295,-0.0205460247239769,-0.3850931354724176,45.40731888756636,positive,18200.0,12.40565191758612,17500.0,-10.813680185597404,102,70,0.6862745098039216
2021-07-09,True,,202107W2,5,17661.48,17689.0,17695.47799671801,-3.494904933951184,-0.0739155292475736,-0.5094156633235745,-33.997996718011564,negative,18000.0,18.32591883189667,17500.0,-17.295842718955043,102,77,0.7549019607843137
2021-07-12,True,,202107W2,2,17814.33,17836.0,17790.435592267964,45.5742270368791,0.013090279662775,-0.3474816028140702,23.894407732037507,positive,18000.0,31.567964651871925,17500.0,-15.1913272588367,110,82,0.7454545454545455
2021-07-13,True,,202107W2,1,17847.52,17868.0,17836.684944561846,52.94610122624208,0.0090477645930632,-0.2480709205214142,10.835055438154086,positive,18000.0,41.37967082726527,17800.0,-16.57944505457577,110,81,0.7363636363636363
2021-07-14,True,,202107,7,17845.75,17874.0,17639.807924228353,48.77636779928241,0.0936222428778648,-0.5896157104327766,205.94207577164707,positive,18000.0,24.04741287502668,17200.0,-3.4563535687407243,178,119,0.6685393258426966
2021-07-15,True,,202107,6,18034.19,18020.0,17790.50067093395,104.9679596838238,0.2220569903774193,-0.8235062601784652,243.68932906604823,positive,18000.0,28.21402239285723,17700.0,-7.39118315929445,178,144,0.8089887640449438
2021-07-16,True,,202107,5,17895.25,17925.0,17754.676903959484,177.3187758223115,0.242956929334466,-0.8174528380055637,140.57309604051625,positive,18100.0,56.01487599315784,17700.0,-10.30047557166268,184,127,0.6902173913043478
2021-07-19,True,,202107,2,17789.25,17795.0,17694.391399143657,120.17201623988444,0.0784034403145881,-0.5419154447133527,94.8586008563434,positive,18000.0,58.70385889191661,17600.0,-18.89647033681804,184,123,0.6684782608695652
2021-07-20,True,,202107,1,17528.74,17559.0,17581.0786021673,-25.82952177413822,-0.0463177409377602,-0.3332426436977705,-52.33860216729954,negative,17700.0,21.25730976522504,17450.0,-24.20475244624849,184,138,0.75
2021-07-21,True,,202107W4,7,17458.79,17422.0,17357.89639070052,4.668064483369373,-0.0039059388079116,-0.1753428906334998,100.89360929948089,positive,17600.0,3.629991940488488,17000.0,-3.221724349873112,96,71,0.7395833333333334
2021-07-22,True,,202107W4,6,17572.33,17529.0,17661.922123280456,-55.57405204716777,-0.1991953047310497,-0.5506830247579079,-89.59212328045396,negative,17800.0,9.88184126940876,17300.0,-23.66137032817644,98,76,0.7755102040816326
2021-07-23,True,,202107W4,5,17572.92,17523.0,17640.35074559991,-72.02988327313464,-0.1990836022169097,-0.5770425619358678,-67.43074559991146,negative,17700.0,13.596343477553884,17300.0,-30.07512453280581,100,75,0.75
2021-07-26,True,,202107W4,2,17403.56,17349.0,17532.617806274553,-189.09783184987512,-0.2234607291698503,-0.4279671216978067,-129.0578062745517,negative,17600.0,11.393581064746938,17300.0,-61.553764977546905,100,69,0.69
2021-07-27,True,,202107W4,1,17269.87,17282.0,17469.097483512345,-307.70961083284186,-0.188841534388409,-0.3150009818832021,-199.22748351234625,negative,17500.0,12.92411100004311,17300.0,-92.2618075087312,102,79,0.7745098039215687
2021-07-28,True,,202108W1,7,17135.22,17067.0,16916.707515700444,6.61204366849139,0.0095594101452299,-0.1261687192269438,218.5124842995574,positive,17400.0,2.1007557175884464,16700.0,-1.4958506748835647,92,69,0.75
2021-07-29,True,,202108W1,6,17402.81,17409.0,17236.452174823018,32.3622588480838,0.0518199700431915,-0.3050937430921719,166.35782517698317,positive,17600.0,11.995175306934446,17000.0,-2.9560050769189368,98,77,0.7857142857142857
2021-07-30,True,,202108W1,5,17247.41,17251.0,17221.862838530356,8.98136188282868,-0.0369265027362934,-0.3681966353600793,25.54716146964347,positive,17600.0,10.882135831074448,17000.0,-6.703567722955286,104,78,0.75
2021-08-02,True,,202108W1,2,17503.28,17521.0,17350.645222957522,88.8441668058023,0.0616969845776771,-0.2511472425504669,152.63477704247634,positive,17600.0,32.1735649181079,17000.0,-5.195145119902216,104,80,0.7692307692307693
2021-08-03,True,,202108W1,1,17553.76,17549.0,17429.28278366917,125.11889895331473,0.0407379408077285,-0.1849411933670627,124.47721633082983,positive,17600.0,47.46604638476154,17300.0,-7.645739634209131,108,85,0.7870370370370371
2021-08-04,True,,202108W2,7,17623.89,17616.0,17596.773095362685,1.887026515872904,-0.0099455537102208,-0.1521523198053996,27.11690463731429,positive,17700.0,4.380803916625439,17200.0,-3.244606824158844,98,65,0.6632653061224489
2021-08-05,True,,202108W2,6,17603.12,17592.0,17634.589539304892,-11.93096373792605,-0.0584929658012911,-0.3073070632299123,-31.46953930489326,negative,17700.0,8.178295339636476,17300.0,-9.411761187026835,100,74,0.74
2021-08-06,True,,202108W2,5,17526.28,17490.0,17576.0444061645,-37.179884466340205,-0.1168260799635585,-0.4037111023466685,-49.76440616450054,negative,17700.0,9.731151756063475,17300.0,-17.084271428965973,100,68,0.68
2021-08-09,True,,202108W2,2,17485.15,17453.0,17503.05782117587,-37.47627887816407,-0.0665737902110324,-0.2839720667512715,-17.907821175867866,negative,17700.0,12.848420911398597,17300.0,-23.46300345968793,100,72,0.72
2021-08-10,True,,202108W2,1,17323.64,17336.5,17381.155580845985,-69.83047469501318,-0.04735672434148,-0.1923013524626143,-57.51558084598582,negative,17450.0,29.012921312257248,17200.0,-36.15260704036716,100,73,0.73
2021-08-11,True,,202108,7,17227.18,17173.0,17164.53006773388,1.9262346676143467,-0.0443404049288075,-0.5346525386059143,62.64993226612205,positive,17500.0,9.523866146139724,16900.0,-7.431135693586245,166,123,0.7409638554216867
2021-08-12,True,,202108,6,17219.94,17160.0,17141.26317154718,6.855029614603985,-0.0352422493136944,-0.5854645656711222,78.67682845281888,positive,17500.0,12.82237223031444,17000.0,-11.66611614663063,168,137,0.8154761904761905
2021-08-13,True,,202108,5,16982.11,16936.0,17005.278885180647,-28.795213768348347,-0.1130446215651704,-0.5420829745658087,-23.16888518064661,negative,17300.0,9.010561171327057,16800.0,-12.44436464193749,168,128,0.7619047619047619
2021-08-16,True,,202108,2,16858.77,16773.0,16833.476026235956,-32.47613750123865,-0.0710806092791117,-0.3542128271375002,25.29397376404449,negative,17000.0,12.102445845417156,16600.0,-17.33463955823168,172,135,0.7848837209302325
2021-08-17,True,,202108,1,16661.36,16578.0,16696.465977068474,-73.24499463214778,-0.0605018031249675,-0.1982971860190113,-35.105977068473294,negative,16750.0,9.892076981759736,16500.0,-29.236449788041018,174,128,0.735632183908046
2021-08-18,True,,202108W4,7,16826.27,16770.0,16664.159893042874,6.605345713565401,0.0080482526178707,-0.1269758491694448,162.11010695712685,positive,17000.0,3.709238594206979,16400.0,-1.6006062398431926,92,66,0.717391304347826
2021-08-19,True,,202108W4,6,16375.4,16394.0,16301.992233359688,14.436113336209388,0.004727628067822,-0.3823985819932902,73.40776664031182,positive,16800.0,8.596903187161924,16200.0,-4.56324952994213,98,76,0.7755102040816326
2021-08-20,True,,202108W4,5,16341.94,16253.0,16235.354754442613,3.0917348350623084,-0.049329420203842,-0.4250652596142579,106.58524555738768,positive,16700.0,6.189210177321256,16000.0,-6.172822557064418,108,88,0.8148148148148148
2021-08-23,True,,202108W4,2,16741.84,16743.0,16634.53020942763,44.63046151512301,0.0268063002551281,-0.2793866681074847,107.30979057236982,positive,17000.0,16.214419222001794,16400.0,-6.3233784724815365,108,75,0.6944444444444444
2021-08-24,True,,202108W4,1,16818.73,16834.0,16751.206300820402,86.89384230107393,0.0276190717535618,-0.1755633874041467,67.52369917959732,positive,17000.0,34.83264325806584,16700.0,-9.116294012844977,108,75,0.6944444444444444
2021-08-25,True,,202109W1,7,17045.86,16994.0,16984.76965433871,0.5253116191272962,-0.0122004295251371,-0.1405946774663175,61.090345661290485,positive,17200.0,3.057248994654445,16800.0,-2.514560993237372,92,64,0.6956521739130435
2021-08-26,True,,202109W1,6,17066.96,17038.0,16952.971892179994,15.981805423775189,0.018613252443101,-0.3516189964979688,113.9881078200051,positive,17200.0,7.420834384799849,16600.0,-4.444956007819403,102,77,0.7549019607843137
2021-08-27,True,,202109W1,5,17209.93,17204.0,17096.899181485405,31.764568466151346,0.033384296950346,-0.3794893910235734,113.030818514595,positive,17400.0,13.421077090109222,16800.0,-5.44169289043974,102,79,0.7745098039215687
2021-08-30,True,,202109W1,2,17396.52,17369.0,17236.335707105653,70.04862341790023,0.0478098909090377,-0.2481412211476117,160.1842928943479,positive,17500.0,23.75687746755917,17000.0,-6.081351190331726,108,80,0.7407407407407407
2021-08-31,True,,202109W1,1,17490.29,17487.0,17366.46900319165,98.13290555912474,0.033050345218584,-0.153284697711994,123.82099680835016,positive,17500.0,40.607434728132105,17150.0,-4.477722580119828,116,69,0.5948275862068966
2021-09-01,True,,202109W2,7,17473.99,17503.0,17330.942530604363,12.055807269550728,0.0255534777626673,-0.119324920475935,143.04746939563847,positive,17600.0,5.450218777197936,17100.0,-1.4320701878407462,94,63,0.6702127659574468
2021-09-02,True,,202109W2,6,17319.76,17338.0,17269.92328415749,16.613118954940735,0.0198924186185192,-0.3271145543262286,49.83671584250988,positive,17600.0,12.38181286304544,17000.0,-7.0992121907584105,96,67,0.6979166666666666
2021-09-03,True,,202109W2,5,17516.92,17523.0,17429.201818533584,31.15841141880585,0.0421721733250878,-0.4144752923481458,87.71818146641453,positive,17600.0,16.246036448502238,17200.0,-7.747716785882951,102,72,0.7058823529411765
2021-09-06,True,,202109W2,2,17495.3,17502.0,17478.57515934009,16.204298824732525,0.0026809683503597,-0.2496089960444438,16.724840659910114,positive,17700.0,16.716341594370952,17300.0,-10.405680971930762,102,70,0.6862745098039216
2021-09-07,True,,202109W2,1,17428.87,17438.0,17434.62051094376,4.282860921383607,-0.0064271599196309,-0.1751316386873146,-5.750510943762492,positive,17600.0,27.555200474192244,17300.0,-22.23575086627577,102,66,0.6470588235294118
2021-09-08,True,,202109,7,17270.49,17258.0,17090.38450117924,31.906878061006736,0.0650326149218161,-0.6534257662218574,180.10549882076157,positive,17400.0,10.850208433533163,17000.0,-3.75148405920988,194,147,0.7577319587628866
2021-09-09,True,,202109,6,17304.33,17240.0,17139.441186728855,33.23633670549326,0.026029006829577,-0.7608641258331835,164.88881327114723,positive,17400.0,14.979880514853416,17000.0,-8.961082604736408,196,155,0.7908163265306123
2021-09-10,True,,202109,5,17474.57,17476.0,17304.49804620248,78.63976943015523,0.0995478790424969,-0.6268812841458511,170.0719537975201,positive,17600.0,21.594647642673426,17200.0,-6.91705578688909,196,134,0.6836734693877551
2021-09-13,True,,202109,2,17446.31,17441.0,17370.134117345588,58.16162210729164,0.0283504837187221,-0.3936205905644907,76.17588265441373,positive,17600.0,26.44809473486096,17200.0,-13.602218117660504,196,129,0.6581632653061225
2021-09-14,True,,202109,1,17434.9,17461.0,17407.872175216682,79.49087452372781,0.0246185581611119,-0.2445995318034541,27.02782478331937,positive,17600.0,45.343326085475645,17350.0,-18.43441525716257,196,130,0.6632653061224489
2021-09-15,True,,202109W4,7,17354.0,17351.0,17291.89026068933,6.764835490871649,0.002117677243656,-0.133682250052038,62.10973931066837,positive,17650.0,5.4661916675842095,17200.0,-3.6256393183278255,96,63,0.65625
2021-09-16,True,,202109W4,6,17278.7,17280.0,17242.58338535534,14.572960655055194,-0.0031519412836385,-0.3054350461054536,36.11661464465942,positive,17500.0,11.816492906553831,17000.0,-7.598118316574207,98,70,0.7142857142857143
2021-09-17,True,,202109W4,5,17276.79,17315.0,17295.655889598416,12.928035983256525,-0.0177207267373398,-0.3338118129500459,-18.86588959841538,positive,17500.0,18.75268165061544,17100.0,-11.831804403876404,100,73,0.73
2021-09-22,True,,202109W5,7,16925.82,16920.0,16756.89719297301,8.058164702505083,0.0138248120758176,-0.1241748748060615,168.92280702698918,positive,17200.0,2.8334743027801954,16600.0,-1.836620610269194,94,60,0.6382978723404256
2021-09-23,True,,202109W5,6,17078.22,17102.0,17004.610680370635,19.259081753185985,0.0175332029298423,-0.2718620529396015,73.60931962936593,positive,17300.0,7.059765554157503,16700.0,-4.095754554425929,108,71,0.6574074074074074
2021-09-24,True,,202109W5,5,17260.19,17261.0,17140.904820867523,44.36916263533524,0.0437957678403791,-0.3362551433392336,119.2851791324756,positive,17500.0,13.77006472023902,17000.0,-4.534558031576929,108,84,0.7777777777777778
2021-09-27,True,,202109W5,2,17313.77,17310.0,17209.246009848426,71.17345985225668,0.0414941083062847,-0.2386712778063181,104.52399015157424,positive,17450.0,23.66057129774937,17100.0,-8.506528395688528,108,86,0.7962962962962963
2021-09-28,True,,202109W5,1,17181.44,17188.0,17132.47558440677,69.10413779039952,0.0195282459769048,-0.1872838536858382,48.964415593229205,positive,17300.0,44.54915080525706,17100.0,-17.035415862124676,108,83,0.7685185185185185
2021-09-29,True,,202110W1,7,16855.46,16838.0,16692.07145521387,7.839121112916867,0.0107797760990555,-0.1131417808520679,163.38854478612848,positive,17000.0,2.168309831641684,16500.0,-1.7333689253691509,92,59,0.6413043478260869
2021-09-30,True,,202110W1,6,16934.77,16945.0,16830.027156097894,18.19480210674007,0.0178491902072559,-0.2707026711945552,104.74284390210596,positive,17100.0,6.707510220653052,16600.0,-4.488292007505602,106,79,0.7452830188679245
2021-10-01,True,,202110W1,5,16570.89,16543.0,16482.93669976754,11.16894922186636,-0.007503878535755,-0.3300228454407715,87.9533002324606,positive,17000.0,7.848306433332822,16200.0,-4.74880073983413,106,73,0.6886792452830188
2021-10-04,True,,202110W1,2,16408.35,16390.0,16412.550679534575,-6.609821983200637,-0.032803946307982,-0.2283182263620798,-4.200679534576921,negative,16700.0,8.49230561973429,16300.0,-8.706617439792963,114,87,0.7631578947368421
2021-10-05,True,,202110W1,1,16460.75,16418.0,16384.127349544688,21.792457970892904,0.0051625339542429,-0.1636697675777678,76.6226504553124,positive,16600.0,17.70185999937286,16200.0,-14.027704960262986,122,77,0.6311475409836066
2021-10-06,True,,202110W2,7,16393.16,16381.0,16304.2052252657,3.600182087002998,-0.0028672689982826,-0.1228163153330468,88.95477473429855,positive,16800.0,2.0089231670936822,16100.0,-1.1707000471510738,90,61,0.6777777777777778
2021-10-07,True,,202110W2,6,16713.86,16720.0,16558.988607815056,20.457071908468745,0.0311012005979182,-0.3165336966984464,154.87139218494485,positive,16800.0,7.235762405601005,16300.0,-2.981884677100563,94,74,0.7872340425531915
2021-10-08,True,,202110W2,5,16640.43,16639.0,16605.723024154046,8.853141803603597,-0.018625873882858,-0.3571744340270609,34.70697584595473,positive,16800.0,9.183969445731671,16300.0,-5.800941568637437,102,75,0.7352941176470589
2021-10-12,True,,202110W2,1,16462.84,16427.0,16407.82091271426,13.282662751054186,-0.0056441843010286,-0.1651157172143557,55.01908728573835,positive,16600.0,19.055565758810555,16300.0,-13.43366050353896,102,71,0.696078431372549
2021-10-13,True,,202110,7,16347.99,16322.0,16488.004745387938,-24.903393666688803,-0.1557846847724907,-0.5883975527559315,-140.0147453879381,negative,16900.0,4.053994041117382,16000.0,-11.584840014213649,152,116,0.7631578947368421
2021-10-14,True,,202110,6,16387.28,16403.0,16460.431556509102,-16.104078929130846,-0.1024617841020741,-0.6195547882400818,-73.1515565091031,negative,16800.0,7.23484802644844,16000.0,-12.167008972059437,154,118,0.7662337662337663
2021-10-15,True,,202110,5,16781.19,16782.0,16669.52464798638,50.27267169931239,0.0601158587121559,-0.6818767815073424,111.66535201361694,positive,17000.0,21.984265491285523,16400.0,-8.503021622000725,154,114,0.7402597402597403
2021-10-18,True,,202110,2,16705.46,16722.0,16668.594860117388,45.68269402876698,0.0150382836626355,-0.4036780766679953,36.8651398826114,positive,16900.0,28.281220875909707,16400.0,-12.074648109816264,160,112,0.7
2021-10-19,True,,202110,1,16900.67,16904.0,16819.90553037488,112.46746759612267,0.0409354785943309,-0.273765270243394,80.76446962511909,positive,17000.0,66.79979168117369,16700.0,-14.115753805685737,160,118,0.7375
2021-10-20,True,,202110W4,7,16887.82,16918.0,16896.41303403982,1.6236523311795068,-0.0063175291551897,-0.1120067827994881,-8.593034039819031,positive,17300.0,3.22479580755173,16600.0,-2.0376235702347545,90,62,0.6888888888888889
2021-10-21,True,,202110W4,6,16889.51,16838.0,16849.738477157578,-3.040106656923793,-0.0330307090232882,-0.3075639956942944,39.77152284242038,negative,17000.0,8.99616643100979,16700.0,-7.485558925039347,92,66,0.717391304347826
2021-10-22,True,,202110W4,5,16888.74,16877.0,16833.510798596122,18.801954952627025,0.0093387402529825,-0.3384830803439885,55.229201403879415,positive,17000.0,13.421493687142767,16700.0,-8.361643521945794,92,68,0.7391304347826086
2021-10-25,True,,202110W4,2,16894.24,16916.0,16858.25676410248,49.30082265152676,0.025062727859219,-0.2382502999085466,35.98323589752181,positive,17000.0,27.034244701997903,16800.0,-12.54478729140193,92,67,0.7282608695652174
2021-10-26,True,,202110W4,1,17034.34,17058.0,17004.416757794206,84.39372499741863,0.0196209740327415,-0.1781162473648973,29.92324220579394,positive,17150.0,50.35990891229965,16900.0,-13.061983608922182,92,60,0.6521739130434783
2021-10-27,True,,202111W1,7,17074.55,17086.0,17016.467313572284,6.287953906225181,0.0080199169533512,-0.1265215780392698,58.08268642771509,positive,17300.0,4.518662803794226,16700.0,-2.888476492799955,92,60,0.6521739130434783
2021-10-28,True,,202111W1,6,17041.63,17056.0,17033.989688541056,6.283984949536092,-0.0052196773708762,-0.2738463196764197,7.64031145894478,positive,17300.0,8.072807737795928,16800.0,-6.603445358292279,94,65,0.6914893617021277
2021-10-29,True,,202111W1,5,16987.41,16969.0,16986.260579551807,-6.973466220053229,-0.0384207612873071,-0.3520942813448294,1.1494204481932684,negative,17100.0,10.981053187668586,16800.0,-12.235609613537967,94,64,0.6808510638297872
2021-11-01,True,,202111W1,2,17068.24,17095.0,17053.376074269036,34.40607001188518,0.0143459703283846,-0.2505658925797029,14.863925730966002,positive,17200.0,22.72599274417888,16900.0,-14.015493676712849,96,60,0.625
2021-11-02,True,,202111W1,1,17065.97,17058.5,17059.93939268877,-2.103558684424165,-0.0063979190870072,-0.1803138779538012,6.030607311229687,negative,17200.0,24.84308786369249,17000.0,-28.88463409969841,96,63,0.65625
2021-11-03,True,,202111W2,7,17122.16,17100.0,17056.0511568107,3.8804744181518473,0.001304598960977,-0.1121522789235134,66.10884318930039,positive,17450.0,3.650677429100899,17000.0,-2.411525889286329,92,59,0.6413043478260869
2021-11-04,True,,202111W2,6,17078.86,17081.0,17051.58646810791,9.35584160732244,-0.0014670663509967,-0.2851410458610282,27.27353189208952,positive,17300.0,10.038953335798976,17000.0,-7.310144509031071,94,67,0.7127659574468085
2021-11-05,True,,202111W2,5,17296.9,17275.0,17171.350687396716,53.67305611129511,0.0671679194094844,-0.3597089203606193,125.54931260328522,positive,17450.0,18.47811246581385,17000.0,-11.554010227056034,94,68,0.723404255319149
2021-11-08,True,,202111W2,2,17415.3,17427.0,17318.49889487077,97.77177109149142,0.0559292050028125,-0.240242440188942,96.80110512923056,positive,17500.0,40.84229516634413,17200.0,-8.606119357897452,102,63,0.6176470588235294
2021-11-09,True,,202111W2,1,17541.36,17549.0,17476.623883259977,100.60635222222322,0.0240931843038797,-0.1947466030434725,64.73611674002314,positive,17600.0,64.67309699152453,17400.0,-12.733486334994945,106,80,0.7547169811320755
2021-11-10,True,,202111,7,17559.65,17555.0,17337.304571844903,63.20499770119828,0.121376066543688,-0.5292810222083891,222.3454281550985,positive,17600.0,24.225462365322468,17200.0,-4.713041350675411,152,117,0.7697368421052632
2021-11-11,True,,202111,6,17452.52,17471.0,17378.28719631617,47.85494277808658,0.0695747493128299,-0.6574697671588293,74.23280368382984,positive,17600.0,31.44385705904519,17200.0,-12.299552011091048,152,110,0.7236842105263158
2021-11-12,True,,202111,5,17518.13,17544.0,17441.572771245097,77.79667135942194,0.0973475405957181,-0.6400104241291202,76.55722875490392,positive,17600.0,37.1200828460526,17300.0,-13.01543902002889,154,112,0.7272727272727273
2021-11-15,True,,202111,2,17634.47,17665.0,16992.103149429877,103.74074240869014,0.0646245235672433,-0.3963949293279121,642.3668505701244,positive,17800.0,42.56267716224488,17450.0,-14.6917162310257,154,108,0.7012987012987013
2021-11-16,True,,202111,1,17693.13,17698.5,17660.11526309019,85.0962924691055,0.0201047480823102,-0.2685585714704854,33.0147369098122,positive,17800.0,76.03797408158646,17550.0,-20.15896001960596,158,121,0.7658227848101266
2021-11-17,True,,202111W4,7,17764.04,17780.0,17721.944523591945,7.389097977506774,0.0071318123928283,-0.1230424405535669,42.09547640805613,positive,18000.0,6.28304899500189,17600.0,-2.7923561171126274,94,59,0.6276595744680851
2021-11-18,True,,202111W4,6,17841.37,17871.0,17839.35380861695,12.2255582462769,-0.000970921135177,-0.34429697852426,2.016191383048863,positive,18000.0,15.29287850002223,17700.0,-9.132484453460863,98,60,0.6122448979591837
2021-11-19,True,,202111W4,5,17818.31,17860.0,17833.250213754574,18.656644433985985,-6.0945719842995575e-05,-0.4748880311685935,-14.940213754573051,positive,18000.0,24.03112947046232,17700.0,-14.139803669074368,102,67,0.6568627450980392
2021-11-22,True,,202111W4,2,17803.54,17842.0,17834.017437097544,9.887889391619831,-0.012738244765861,-0.3198235597533548,-30.47743709754286,positive,18000.0,36.84038374526767,17700.0,-21.47087671848024,102,65,0.6372549019607843
2021-11-23,True,,202111W4,1,17666.12,17673.5,17709.202814559303,-75.80677924593687,-0.0324124904748522,-0.20606820816554,-43.0828145593041,negative,17750.0,30.856570322592454,17600.0,-47.91121187222289,102,69,0.6764705882352942
2021-11-24,True,,202112W1,7,17642.52,17691.0,17640.964890718795,5.671030274948867,0.0045009471292445,-0.1293562851285806,1.5551092812056595,positive,17800.0,3.8852299354432014,17500.0,-2.768164838094427,98,59,0.6020408163265306
2021-11-25,True,,202112W1,6,17654.19,17691.0,17670.77483520418,7.9080980952274,-0.0015059706103301,-0.3060453106521267,-16.584835204183037,positive,17900.0,10.759124475465288,17500.0,-9.105117131514694,98,61,0.6224489795918368
2021-11-26,True,,202112W1,5,17369.39,17355.0,17419.951821497343,-23.893789245314466,-0.0793165784126454,-0.3720101662818511,-50.56182149734377,negative,17600.0,8.712633206648018,17250.0,-10.87348283218816,98,60,0.6122448979591837
2021-11-29,True,,202112W1,2,17328.09,17321.0,17348.354811026868,-14.224994678936344,-0.0470997208356965,-0.3028009485542017,-20.26481102686739,negative,17500.0,14.846286505083036,17000.0,-11.619980852625323,108,74,0.6851851851851852
2021-11-30,True,,202112W1,1,17427.76,17352.0,17400.341896226837,-48.398408553361215,-0.0444609191447931,-0.2293227578385696,27.41810377316142,negative,17550.0,16.591911040012953,17250.0,-20.60751155662019,110,79,0.7181818181818181
2021-12-01,True,,202112W2,7,17585.99,17597.0,17473.871988848146,8.47528517699252,0.0115513748303808,-0.134923519012776,112.11801115185516,positive,17800.0,4.117690337236145,17300.0,-1.5087882350869986,96,66,0.6875
2021-12-02,True,,202112W2,6,17724.88,17716.0,17607.068134029087,21.968228093200526,0.0212676620298344,-0.3416142812483982,117.81186597091435,positive,17900.0,8.76150339580346,17400.0,-5.1402088755041415,102,73,0.7156862745098039
2021-12-03,True,,202112W2,5,17697.14,17719.0,17657.990144265495,19.11690142923657,0.0079596924580448,-0.3810298319829526,39.14985573450394,positive,18000.0,13.942814817018595,17400.0,-7.077180867482897,108,79,0.7314814814814815
2021-12-06,True,,202112W2,2,17688.21,17712.0,17649.32376417161,40.22141519854488,0.0231762729094032,-0.2866551771905242,38.886235828387726,positive,17800.0,20.589499861680714,17500.0,-13.129216858749867,108,78,0.7222222222222222
2021-12-07,True,,202112W2,1,17796.92,17815.5,17719.727049943267,134.75465219811204,0.0503480603508922,-0.1850105427242515,77.1929500567312,positive,17900.0,46.25744195427942,17550.0,-8.348950117128036,108,78,0.7222222222222222
2021-12-08,True,,202112,7,17832.42,17853.0,17686.78023670252,51.32675265123107,0.0880072496690442,-0.5909715662893545,145.63976329747675,positive,18000.0,22.92278069529328,17600.0,-6.313150150132582,186,128,0.6881720430107527
2021-12-09,True,,202112,6,17914.12,17909.0,17772.672530332682,81.06984903949797,0.1181087457949501,-0.6407954353900255,141.4474696673169,positive,18000.0,38.30847143825504,17600.0,-10.049310692826626,188,144,0.7659574468085106
2021-12-10,True,,202112,5,17826.26,17818.0,17763.99460584268,42.91509191702922,0.0228078027114235,-0.6171561854589622,62.26539415731895,positive,18000.0,41.46135119678706,17600.0,-16.692938130073575,192,144,0.75
2021-12-13,True,,202112,2,17767.6,17756.0,17778.592557432406,-32.167140410042656,-0.0503789801155383,-0.3571791195037463,-10.99255743240792,negative,17900.0,30.75367679515181,17600.0,-30.98011305416462,192,121,0.6302083333333334
2021-12-14,True,,202112,1,17599.37,17603.0,17649.58844197117,-81.89262193150674,-0.0486561549791606,-0.2556837058393637,-50.21844197117025,negative,17700.0,29.58066473899104,17600.0,-42.21014130301815,194,123,0.634020618556701
2021-12-15,True,,202112W4,7,17660.1,17625.0,17529.16755706584,8.334707580288814,0.0113857415851098,-0.1092489409511335,130.9324429341577,positive,17850.0,4.326406318693194,17200.0,-2.0217252337264147,94,62,0.6595744680851063
2021-12-16,True,,202112W4,6,17785.74,17828.0,17698.594510293242,47.05571557133504,0.0666136043175712,-0.3089131982211579,87.14548970675969,positive,17900.0,18.113273756010408,17600.0,-6.076815069303839,98,71,0.7244897959183674
2021-12-17,True,,202112W4,5,17812.59,17805.0,17725.288336469384,45.662048797596576,0.0346137903168633,-0.4172950026551346,87.30166353061577,positive,18000.0,30.231697671975088,17600.0,-11.966024550194952,102,75,0.7352941176470589
2021-12-20,True,,202112W4,2,17669.11,17608.0,17620.623985211798,-10.674807236414456,-0.0365132703977736,-0.2964545806362872,48.48601478820274,negative,17850.0,17.378648884540688,17500.0,-21.45455008322599,102,65,0.6372549019607843
2021-12-21,True,,202112W4,1,17789.27,17816.0,17775.398982443527,67.02952517170208,0.0153629733081856,-0.2084895107742763,13.871017556473817,positive,17900.0,55.10073314906517,17600.0,-14.960736318417366,102,68,0.6666666666666666
2021-12-22,True,,202112W5,7,17826.83,17855.0,17842.185570944017,1.8371508397252203,-0.0073587137113181,-0.1321399348228375,-15.3555709440152,positive,18000.0,5.3333630453383645,17600.0,-4.843793957648948,94,60,0.6382978723404256
2021-12-23,True,,202112W5,6,17946.66,17971.0,17904.279265502515,30.52221607684804,0.0330258001296296,-0.3505053851483614,42.38073449748481,positive,18100.0,21.77157078693796,17750.0,-10.718705862862803,98,65,0.6632653061224489
2021-12-24,True,,202112W5,5,17961.64,17974.0,17966.633064616934,6.150298494730573,-0.0197970628001255,-0.354593241132945,-4.993064616934134,positive,18100.0,23.50021088064452,17800.0,-15.958167069809615,102,69,0.6764705882352942
2021-12-27,True,,202112W5,2,18048.94,18083.0,18028.647059393275,66.9170121265791,0.0287194703710001,-0.2647013397051604,20.29294060672328,positive,18200.0,46.0163153525606,17900.0,-19.49100193896364,102,72,0.7058823529411765
2021-12-28,True,,202112W5,1,18196.81,18215.5,18140.37212362831,156.35705759458162,0.029583846844847,-0.1770153031539608,56.437876371692255,positive,18250.0,85.53123468322549,18150.0,-15.420322804427828,106,61,0.5754716981132075
2021-12-29,True,,202201W1,7,18248.28,18293.0,18289.5061457368,0.3812832003303448,-0.0055081274155752,-0.1403202465921332,-41.22614573679675,positive,18400.0,3.941365231280436,18100.0,-3.5636969255951048,98,56,0.5714285714285714
2021-12-30,True,,202201W1,6,18218.84,18233.0,18224.417892161782,3.5778791496215536,-0.0088022783990721,-0.2609772992478286,-5.577892161785712,positive,18400.0,10.584405596344652,18000.0,-8.577406281058417,100,63,0.63
2022-01-03,True,,202201W1,2,18270.51,18287.0,18264.997033255542,25.325877290017424,0.0054814212998554,-0.203828931784736,5.512966744452569,positive,18400.0,30.09799119425189,18150.0,-18.81482593739366,100,60,0.6
2022-01-04,True,,202201W1,1,18526.35,18526.0,18473.242299277084,77.57519387354601,0.0138159255532676,-0.1788232995053919,53.10770072291416,positive,18550.0,53.8946115518021,18450.0,-17.4403731010453,100,70,0.7
2022-01-05,True,,202201W2,7,18499.96,18494.0,18449.13923337017,5.074714750457434,0.0023377795283974,-0.1372039115958791,50.82076662982945,positive,18550.0,3.426556403399352,18250.0,-2.568517458559717,100,63,0.63
2022-01-06,True,,202201W2,6,18367.92,18350.0,18332.884590045607,5.6399019374352015,-0.0224671513286274,-0.3877732579407477,35.03540995439107,positive,18600.0,10.603324651926556,18000.0,-9.476563284711824,102,71,0.696078431372549
2022-01-07,True,,202201W2,5,18169.76,18156.0,18204.613604874525,-18.315385929279905,-0.06065172080249,-0.430943044526927,-34.853604874526354,negative,18500.0,10.86589221993379,18000.0,-15.2925858947113,106,70,0.660377358490566
2022-01-10,True,,202201W2,2,18239.38,18271.0,18235.210882619816,31.543286674925746,0.008923993880202,-0.30981723957906,4.169117380184616,positive,18400.0,24.094144446187663,18000.0,-15.169445247938494,114,79,0.6929824561403509
2022-01-11,True,,202201W2,1,18288.21,18294.5,18240.173337083284,88.84025949648905,0.02361020327108,-0.2287513203598458,48.036662916714704,positive,18400.0,46.15982113419699,18100.0,-16.950741010818085,114,83,0.7280701754385965
2022-01-12,True,,202201,7,18375.4,18377.0,18147.847009828947,70.83318033314906,0.158941047533131,-0.6262395292067683,227.55299017105423,positive,18500.0,20.91312665461769,18000.0,-5.442041828698717,166,127,0.7650602409638554
2022-01-13,True,,202201,6,18436.93,18426.0,18282.14296487057,72.4806049598027,0.1333593045608229,-0.7300858648253262,154.7870351294223,positive,18500.0,22.7783071929299,18100.0,-9.630147133178298,168,130,0.7738095238095238
2022-01-14,True,,202201,5,18403.33,18362.0,18282.87713493369,61.6342312723759,0.067125200474827,-0.7741731989449607,120.452865066316,positive,18500.0,26.576332545347384,18000.0,-12.078841496476228,170,117,0.6882352941176471
2022-01-17,True,,202201,2,18525.44,18507.0,18422.29561837721,114.6682493864454,0.0701787503246889,-0.4639983557669276,103.14438162278748,positive,18700.0,47.43494968797336,18300.0,-14.69278521771484,170,133,0.7823529411764706
2022-01-18,True,,202201,1,18378.64,18348.0,18367.420812974306,-33.603867565491086,-0.0159521873577005,-0.271302089761403,11.219187025697464,negative,18500.0,31.91813376804964,18300.0,-33.07613820238392,172,123,0.7151162790697675
2022-01-19,True,,202201W4,7,18227.46,18170.0,18084.81762199447,7.785299306177321,-0.0014304022898346,-0.1609656503204308,142.6423780055302,positive,18600.0,3.793662945985952,18000.0,-1.905526363099192,100,65,0.65
2022-01-20,True,,202201W4,6,18218.28,18253.0,18209.16947058185,15.313090189841798,-0.0016415617192805,-0.3796797534203859,9.110529418147053,positive,18600.0,13.05611754632811,18000.0,-8.118106452553626,104,73,0.7019230769230769
2022-01-21,True,,202201W4,5,17899.3,17920.0,17919.408107380204,0.2199236542159139,-0.0474019801887104,-0.4444798292041226,-20.108107380205183,positive,18300.0,11.042629452997808,17600.0,-10.49994175652901,106,77,0.7264150943396226
2022-01-24,True,,202201W4,2,17989.04,17987.0,17933.227637864948,47.56253404805458,0.0132629017357084,-0.3386387963249415,55.81236213505326,positive,18200.0,23.687613210482613,17800.0,-17.034235202524822,116,87,0.75
2022-01-25,True,,202201W4,1,17701.12,17710.0,17721.21849008334,-8.783430557357814,-0.0182219357521299,-0.2205502938542196,-20.098490083342767,negative,18000.0,14.09590131511399,17600.0,-20.594557173981823,116,89,0.7672413793103449
2022-01-26,True,,202202W1,12,17674.4,17638.0,17703.089961589907,-2.2346386195702825,-0.0357544362527031,-0.1419543345081851,-28.68996158990558,negative,18000.0,1.4407084961715564,17500.0,-1.5089098719043286,94,66,0.7021276595744681
2022-02-07,True,,202202W2,2,17900.3,17910.0,17876.06069057325,6.613276134201456,-0.0004933030723775,-0.0651080144391497,24.23930942674997,positive,18000.0,7.289524663836967,17700.0,-3.889798459215124,96,57,0.59375
2022-02-08,True,,202202W2,1,17966.56,17946.5,17976.84931588929,-40.782078803924726,-0.0241263720147118,-0.1246503543747799,-10.289315889287536,negative,18100.0,23.60069469172965,17850.0,-29.58940612368028,104,57,0.5480769230769231
2022-02-09,True,,202202,7,18151.76,18168.0,18066.35694805198,33.16333766685695,0.0384391810871774,-0.4425066041473411,85.4030519480184,positive,18400.0,12.963023126040415,17800.0,-6.0249077752115365,158,117,0.740506329113924
2022-02-10,True,,202202,6,18338.05,18337.0,18226.307151584613,67.14765060524164,0.0624972799228208,-0.6165491421101762,111.7428484153861,positive,18500.0,33.91750087201573,18000.0,-9.467243087492305,162,120,0.7407407407407407
2022-02-11,True,,202202,5,18310.94,18273.0,18233.73116589912,28.954157684690585,-0.027733415048779,-0.7417794754417004,77.20883410088209,positive,18500.0,32.390189418568525,18000.0,-14.07323270343774,166,118,0.7108433734939759
2022-02-14,True,,202202,2,17997.67,17975.0,18022.59782670908,-33.100173616923634,-0.0658121260334992,-0.4400254137754681,-24.927826709077635,negative,18300.0,15.59257683155696,17900.0,-17.68051470710486,166,126,0.7590361445783133
2022-02-15,True,,202202,1,17951.81,17953.0,18017.953888078915,-73.50606344579657,-0.0574486102288152,-0.2816517811322614,-66.14388807891373,negative,18100.0,20.302986605985,17900.0,-36.47526722340458,166,133,0.8012048192771084
2022-02-16,True,,202202W4,7,18231.47,18250.0,18138.24369360692,9.166223831781778,0.0099860432040016,-0.1303205809765667,93.22630639308043,positive,18500.0,5.503673683657685,18000.0,-2.118559367745136,98,68,0.6938775510204082
2022-02-17,True,,202202W4,6,18268.57,18269.0,18222.713138873973,13.958548055913324,-0.0211662861697902,-0.3795671730494034,45.85686112602707,positive,18600.0,13.366269853197783,18000.0,-7.403946338141114,110,74,0.6727272727272727
2022-02-18,True,,202202W4,5,18232.35,18253.0,18221.633418416444,14.03785739676307,-0.0351415159990853,-0.4498219164794347,10.716581583554216,positive,18400.0,16.468254139404557,18000.0,-11.809960396459138,110,77,0.7
2022-02-21,True,,202202W4,2,18221.49,18242.0,18199.335400243406,33.4085354842417,-0.0009375388112294,-0.2948224703562664,22.154599756595417,positive,18400.0,25.74660398195636,18000.0,-13.425786013101296,110,76,0.6909090909090909
2022-02-22,True,,202202W4,1,17969.29,17916.0,17990.863342321038,-59.08399313481035,-0.0522911435287165,-0.2090184963718454,-21.57334232103676,negative,18100.0,11.85641960282055,17800.0,-20.22814035921564,110,78,0.7090909090909091
2022-02-23,True,,202203W1,7,18055.73,18075.0,18023.366815326488,4.4623003941678645,-0.0033923182310765,-0.1272089093793064,32.36318467351157,positive,18300.0,3.970145901198866,17900.0,-2.642147817524634,98,62,0.6326530612244898
2022-02-24,True,,202203W1,6,17594.55,17547.0,17615.22572562004,-10.426846423407095,-0.0927196830023047,-0.4086103246732449,-20.675725620039884,negative,18000.0,7.520701408467467,17500.0,-5.113301348105558,102,72,0.7058823529411765
2022-02-25,True,,202203W1,5,17652.18,17639.0,17634.417160141005,1.3489149516764225,-0.0517895909358046,-0.4415210906431506,17.762839858994994,positive,18000.0,10.813190428214664,17500.0,-7.424790368535738,114,77,0.6754385964912281
2022-03-01,True,,202203W1,1,17898.25,17930.0,17874.044868699653,57.56988568670897,0.0073289995271157,-0.1894388595395519,24.205131300346693,positive,18000.0,42.05380735181988,17800.0,-9.566460511545587,114,85,0.7456140350877193
2022-03-02,True,,202203W2,7,17867.6,17869.0,17718.233879329608,8.329490784021175,0.0098775312653279,-0.1135699944061942,149.36612067039096,positive,18100.0,2.946709699315074,17300.0,-1.187942872241172,94,64,0.6808510638297872
2022-03-03,True,,202203W2,6,17934.4,17947.0,17830.457953190922,22.16503106768387,0.0179324840678055,-0.3061188149684448,103.94204680907932,positive,18100.0,7.706692537233658,17800.0,-4.381091400442059,98,70,0.7142857142857143
2022-03-04,True,,202203W2,5,17736.52,17696.0,17693.951294997867,0.4931403712419008,-0.0523901831269883,-0.3689924800716729,42.56870500213336,positive,18000.0,8.529649004059115,17500.0,-6.6154621325969885,102,76,0.7450980392156863
2022-03-07,True,,202203W2,2,17178.69,17103.0,17223.026897670792,-19.568946568957813,-0.0594724478359123,-0.2318577844300938,-44.336897670793405,negative,17600.0,3.214099197652291,17000.0,-8.109312827496472,106,82,0.7735849056603774
2022-03-08,True,,202203W2,1,16825.25,16761.0,16872.047965222475,-28.40438532631145,-0.0323857207479554,-0.1422250825795787,-46.797965222474886,negative,17050.0,3.65854150239582,16700.0,-9.8384886750739,126,102,0.8095238095238095
2022-03-09,True,,202203,7,17015.36,16947.0,17209.637645228628,-26.45797181823701,-0.1534387195211691,-0.4829480898414546,-194.27764522862708,negative,17400.0,4.592650478038246,17000.0,-9.70781650614861,182,122,0.6703296703296703
2022-03-10,True,,202203,6,17433.2,17437.0,17428.606012608765,1.677977011061282,-0.0648479325363616,-0.714142109201177,4.593987391235714,positive,17800.0,10.05973015644491,17000.0,-12.911568358155884,186,131,0.7043010752688172
2022-03-11,True,,202203,5,17264.74,17219.0,17250.890658456738,-9.563023796071835,-0.085545318685116,-0.6911833011680177,13.849341543264018,negative,17600.0,9.7446333378417,17000.0,-16.571909893506806,196,133,0.6785714285714286
2022-03-14,True,,202203,2,17263.04,17245.0,17251.85204179486,-3.8199663224232303,-0.0398915553214849,-0.4073912735889149,11.187958205140603,negative,17500.0,14.908265808884998,17000.0,-23.58827564288996,196,142,0.7244897959183674
2022-03-15,True,,202203,1,16926.06,16884.0,17028.331824708315,-101.93691334212676,-0.0894264863132482,-0.2517659455240699,-102.27182470831394,negative,17100.0,10.589015764189956,16800.0,-27.09377365763352,196,152,0.7755102040816326
2022-03-16,True,,202203W4,7,16940.83,16965.0,16795.945902795902,5.267133538528232,0.0126638641460263,-0.1182147114007985,144.88409720409982,positive,17400.0,2.4704818401576896,16500.0,-1.1252546690565544,92,69,0.75
2022-03-17,True,,202203W4,6,17448.22,17471.0,17317.33241511458,21.73809482033785,0.0360374293761,-0.3203253241263192,130.88758488542226,positive,17700.0,11.157954625336597,17000.0,-3.060960405332891,92,74,0.8043478260869565
2022-03-18,True,,202203W4,5,17456.52,17428.0,17303.00336814394,34.76862442659544,0.0418137765553912,-0.3786062278606629,153.51663185605867,positive,17600.0,16.1437381118897,17000.0,-5.95509357844092,114,86,0.7543859649122807
2022-03-21,True,,202203W4,2,17560.36,17520.0,17450.084457475066,42.20203205985393,0.0123266255481822,-0.2415044939157998,110.27554252493428,positive,17700.0,22.24307992759032,17200.0,-8.334972891717065,116,88,0.7586206896551724
2022-03-22,True,,202203W4,1,17559.71,17552.0,17495.08223355361,73.19836722620695,0.0207561427277815,-0.155581878420224,64.6277664463887,positive,17650.0,34.21990598456556,17450.0,-13.742938832922826,120,84,0.7
2022-03-23,True,,202203W5,7,17731.37,17724.0,17684.20076612571,4.224295494533235,-0.0031990407232611,-0.1410225821655056,47.16923387429051,positive,18000.0,5.0895940583085775,17500.0,-4.677737302465192,96,65,0.6770833333333334
2022-03-24,True,,202203W5,6,17699.06,17692.0,17623.00925236466,21.3618212739521,0.0170438734297441,-0.3128893072297203,76.0507476353414,positive,17900.0,11.214318745207605,17500.0,-6.418953932775796,104,71,0.6826923076923077
2022-03-25,True,,202203W5,5,17676.95,17646.0,17619.36196741483,13.201274902144656,-0.0073215933630224,-0.3556497087805728,57.588032585172186,positive,17900.0,14.688351256643095,17400.0,-9.959751679380668,104,63,0.6057692307692307
2022-03-28,True,,202203W5,2,17520.01,17461.0,17499.918238692502,-28.525422988461127,-0.0469692328487244,-0.2476168386512749,20.0917613074962,negative,17700.0,11.697402292179731,17300.0,-18.6567311848516,104,72,0.6923076923076923
2022-03-29,True,,202203W5,1,17548.66,17563.5,17545.93462375273,28.91224609205944,0.0019527149209288,-0.1725350467555678,2.7253762472682865,positive,17650.0,39.13936103064608,17400.0,-18.637520363049,106,68,0.6415094339622641
2022-03-30,True,,202204W1,7,17740.56,17760.0,17729.94731744852,3.116913373611975,-0.0047195162405538,-0.1304792278257992,10.612682551480248,positive,18000.0,3.7631828831693888,17500.0,-3.7739381405872168,98,65,0.6632653061224489
2022-03-31,True,,202204W1,6,17693.47,17661.0,17668.2666351997,-2.2624274306046006,-0.0250415023602792,-0.2833305711402467,25.20336480030164,negative,17800.0,9.690598179686145,17500.0,-8.151315442340868,106,71,0.6698113207547169
2022-04-01,True,,202204W1,5,17625.59,17578.0,17586.685079966304,-4.452087303070888,-0.035651023442822,-0.3326095348396128,38.90492003369582,negative,17800.0,12.644425642655689,17400.0,-12.155595284993725,106,76,0.7169811320754716
2022-04-06,True,,202204W2,7,17522.5,17521.0,17482.968618545547,3.2279024375724923,-0.0066042931253515,-0.1270868944074748,39.53138145445337,positive,17850.0,3.0367684536813657,17300.0,-2.4860637261476337,96,65,0.6770833333333334
2022-04-07,True,,202204W2,6,17178.63,17162.0,17152.257223520202,1.9212499932183629,-0.0319480855570403,-0.334033866987011,26.37277647979863,positive,17500.0,6.7785056467371,17000.0,-7.7177320489647965,100,70,0.7
2022-04-08,True,,202204W2,5,17284.54,17319.0,17209.184494186222,44.86257977113523,0.0505670238319636,-0.4051434937566859,75.35550581377902,positive,17600.0,17.776482428763853,17000.0,-9.208889506072484,112,79,0.7053571428571429
2022-04-11,True,,202204W2,2,17048.37,17057.0,17089.209338861994,-14.782718850166669,-0.0306414093461316,-0.2453436732838263,-40.8393388619952,negative,17250.0,7.953113138609307,17000.0,-16.186177034902588,112,71,0.6339285714285714
2022-04-12,True,,202204W2,1,16990.91,17017.0,17060.54843486042,-32.99751927227402,-0.0312623985751379,-0.17838844179435,-69.63843486041878,negative,17200.0,12.272445200895069,16800.0,-17.440476483114168,118,85,0.7203389830508474
2022-04-13,True,,202204,7,17301.65,17316.0,17257.823844559436,13.954704161454549,0.0040554887574814,-0.5201696051074811,43.826155440565344,positive,17600.0,9.942531032508658,17000.0,-6.741713997942381,158,118,0.7468354430379747
2022-04-14,True,,202204,6,17245.65,17299.0,17244.57088930345,21.0851365823342,0.0069592067050686,-0.6122784290960115,1.079110696551652,positive,17600.0,15.518173712953663,17000.0,-8.414783751202656,164,130,0.7926829268292683
2022-04-15,True,,202204,5,17004.18,16981.0,17067.112835764623,-38.35270419423215,-0.1317669802983672,-0.589598409198173,-62.93283576462272,negative,17300.0,8.413574759565766,16800.0,-15.655681404897663,164,126,0.7682926829268293
2022-04-18,True,,202204,2,16898.87,16883.0,16976.68974524137,-55.53034927309584,-0.0915577495844322,-0.3707850598516835,-77.81974524136967,negative,17100.0,8.466786948712706,16800.0,-21.80730666655112,164,128,0.7804878048780488
2022-04-19,True,,202204,1,16993.4,17002.0,17038.63384510511,-46.53315759383076,-0.0343737564973226,-0.2331512690696305,-45.23384510510732,negative,17150.0,18.83591179816664,16800.0,-24.83271285709284,166,127,0.7650602409638554
2022-04-20,True,,202204W4,7,17148.88,17095.0,17022.548115082183,5.527603775231704,0.005709396603955,-0.1222019381214782,126.33188491781766,positive,17500.0,3.85563501857401,16800.0,-2.302625984321564,92,68,0.7391304347826086
2022-04-21,True,,202204W4,6,17127.95,17142.0,17069.76221830449,20.121147279168284,0.0176836858242021,-0.3140141193077439,58.18778169550933,positive,17400.0,9.150275839846772,17000.0,-5.741309282595086,100,71,0.71
2022-04-22,True,,202204W4,5,17025.09,17014.0,16996.03668624652,7.885178907759645,-0.0218040610132047,-0.4101107284462388,29.053313753480325,positive,17200.0,10.801814168442409,16800.0,-12.920837448721077,100,74,0.74
2022-04-25,True,,202204W4,2,16620.9,16599.0,16698.657277994957,-36.221065497968034,-0.0679924953380287,-0.2925726045322837,-77.75727799495507,negative,16950.0,5.837804117851367,16500.0,-13.98852920196152,100,65,0.65
2022-04-26,True,,202204W4,1,16644.79,16616.0,16643.945095527342,-21.19695833800926,-0.0196900847064355,-0.1868200094299275,0.8449044726585271,negative,16800.0,14.09507911531848,16500.0,-18.566573209324783,114,84,0.7368421052631579
2022-04-27,True,,202205W1,7,16303.35,16310.0,16074.620430825904,10.96216338284511,0.0263938996768766,-0.1115838685597771,228.72956917409647,positive,16600.0,2.811647153374562,15800.0,-1.8818307513413857,92,64,0.6956521739130435
2022-04-28,True,,202205W1,6,16419.38,16405.0,16291.302004088757,18.460175751530578,0.0055589852448674,-0.3165296255736671,128.07799591124422,positive,16700.0,7.034764712478784,16000.0,-4.478545419569107,104,74,0.7115384615384616
2022-04-29,True,,202205W1,5,16592.18,16598.0,16465.38792547978,39.25208850192664,0.032102685707487,-0.3790795025414787,126.79207452022092,positive,16800.0,13.773047617309642,16400.0,-4.0086013446272535,104,80,0.7692307692307693
2022-05-03,True,,202205W1,1,16498.9,16502.0,16463.05743885841,32.63580134214142,0.0019440202571088,-0.1712439360190141,35.84256114159143,positive,16650.0,20.408821276935925,16400.0,-10.751728385848658,104,75,0.7211538461538461
2022-05-04,True,,202205W2,7,16565.83,16540.0,16434.021815825978,5.099327668513905,0.0042962526174779,-0.109549975496911,131.80818417402406,positive,16800.0,3.031906359802209,16000.0,-1.0410767599667,90,65,0.7222222222222222
2022-05-05,True,,202205W2,6,16696.12,16699.0,16556.6988448437,35.73658151890985,0.061310851672416,-0.3041210164192868,139.42115515629848,positive,16800.0,10.69331436476502,16500.0,-4.069078109868254,94,69,0.7340425531914894
2022-05-06,True,,202205W2,5,16408.2,16371.0,16337.145908632428,9.729889924551768,-0.0184861730233863,-0.3875058545660308,71.05409136757407,positive,16700.0,9.157865253041749,16200.0,-6.895516106553143,98,74,0.7551020408163265
2022-05-09,True,,202205W2,2,16048.92,16050.0,16101.755712531807,-15.379008182975143,-0.0403202333310606,-0.2378740262352811,-52.83571253180708,negative,16400.0,6.33377997086241,16000.0,-11.787564848319606,102,79,0.7745098039215687
2022-05-10,True,,202205W2,1,16061.7,16067.0,16031.378971424168,19.00579596563432,0.0043241966797391,-0.1660415378638622,30.32102857583413,positive,16200.0,13.759746551736006,15900.0,-11.351393168654738,114,87,0.7631578947368421
2022-05-11,True,,202205,7,16006.25,16009.0,16123.294765695036,-14.55012895316512,-0.0915870069346428,-0.4535939773413699,-117.0447656950364,negative,16500.0,4.4308653594849465,15800.0,-5.654877349646472,170,118,0.6941176470588235
2022-05-12,True,,202205,6,15616.68,15628.0,15832.069225414136,-34.31606780379745,-0.1750678556664178,-0.5558442563325704,-215.3892254141356,negative,16000.0,3.272883876916433,15500.0,-10.089139941547725,172,117,0.6802325581395349
2022-05-13,True,,202205,5,15832.54,15852.0,15861.864215343,-3.346639172333449,-0.0537438739485283,-0.5860433964964236,-29.324215342998286,negative,16000.0,8.969316256470337,15500.0,-10.534452236562824,188,145,0.7712765957446809
2022-05-16,True,,202205,2,15901.04,15921.0,15901.25847812822,12.842623165699312,-0.0077647494558022,-0.3585571245506441,-0.2184781282194308,positive,16100.0,14.268123809276958,15700.0,-10.652175710080725,188,136,0.723404255319149
2022-05-17,True,,202205,1,16056.09,16076.0,16012.94755605586,73.27180834417634,0.022315596860349,-0.2215778062398876,43.14244394414163,positive,16200.0,35.49439713855766,15900.0,-14.25887035245258,188,148,0.7872340425531915
2022-05-18,True,,202205W4,7,16296.86,16231.0,16158.865958422428,4.395438122641367,0.0002886497362812,-0.1457926729360277,137.99404157757272,positive,16250.0,3.5994773472996973,16100.0,-2.689276071216629,86,62,0.7209302325581395
2022-05-19,True,,202205W4,6,16020.32,15952.0,15890.35875448477,11.735081929221629,-0.0016427351660543,-0.3785432619851687,129.96124551522917,positive,16250.0,8.007767632359844,15800.0,-5.01315112936107,98,73,0.7448979591836735
2022-05-20,True,,202205W4,5,16144.85,16170.0,16018.104048490351,50.81180832946738,0.0692944742002561,-0.464707688855967,126.74595150964888,positive,16400.0,16.083657214525772,15800.0,-5.366344246543979,100,77,0.77
2022-05-23,True,,202205W4,2,16156.41,16183.0,16065.577372378117,58.8919241339131,0.0423502673308235,-0.3400661045751534,90.83262762188497,positive,16400.0,19.08053714797325,15800.0,-5.986499701000724,100,76,0.76
2022-05-24,True,,202205W4,1,15963.63,15966.0,16004.777228886123,-30.51263393671924,-0.0309510888379538,-0.1828131641136424,-41.14722888612414,negative,16200.0,12.711785083816649,15900.0,-15.127883286309473,100,77,0.77
2022-05-25,True,,202206W1,7,16104.03,16097.0,16042.288616347358,3.1446671874677743,-0.0018172103257579,-0.1240605789525999,61.74138365264298,positive,16500.0,3.0897939214991648,15900.0,-1.407011213506682,86,60,0.6976744186046512
2022-05-26,True,,202206W1,6,15968.83,15983.0,15963.105962397984,3.784840280719776,-0.0188844064544861,-0.3258854625229243,5.724037602016324,positive,16300.0,7.021375252618692,15800.0,-4.772065698657777,94,61,0.648936170212766
2022-05-27,True,,202206W1,5,16266.22,16258.0,16149.912180740115,38.01999302054576,0.0434367228518137,-0.3766424585283163,116.30781925988413,positive,16400.0,15.022566027269292,16000.0,-7.856399570257987,94,71,0.7553191489361702
2022-05-30,True,,202206W1,2,16610.62,16586.0,16502.606690342156,44.07640017768188,0.0210465903158975,-0.2544952558420422,108.01330965784292,positive,16700.0,30.889553117745272,16300.0,-5.376427224737706,100,79,0.79
2022-05-31,True,,202206W1,1,16807.77,16710.0,16098.49829039558,47.339371009607305,0.0098555904599773,-0.1605771143824355,709.2717096044198,positive,16700.0,33.856672171751526,16500.0,-8.572783872112492,114,84,0.7368421052631579
2022-06-01,True,,202206W2,7,16675.09,16632.0,16613.68520594236,1.365930111550602,-0.008459337493196,-0.1246181521562298,61.40479405763836,positive,17050.0,2.128878116374346,16300.0,-2.860211013503988,90,60,0.6666666666666666
2022-06-02,True,,202206W2,6,16552.57,16558.0,16511.512402311273,9.756372356918348,0.0011530360443255,-0.2770312387361576,41.05759768872667,positive,16800.0,7.446459744681138,16300.0,-5.732597686842898,94,65,0.6914893617021277
2022-06-06,True,,202206W2,2,16605.96,16628.0,16592.4337353207,19.870240894558755,0.0068907352148495,-0.203276726458195,13.526264679298038,positive,16800.0,14.783703545569832,16500.0,-10.410947478946545,100,66,0.66
2022-06-07,True,,202206W2,1,16512.88,16489.0,16516.784461234074,-28.133030262685025,-0.0214701671202287,-0.1560142478543044,-3.904461234073096,negative,16650.0,17.003774935765087,16400.0,-24.089065089398723,100,70,0.7
2022-06-08,True,,202206,7,16670.51,16645.0,16452.549906222484,46.52859346466651,0.0982992771882364,-0.5452953595823214,217.960093777514,positive,17000.0,17.093827174459022,16300.0,-4.33113702811765,190,131,0.6894736842105263
2022-06-09,True,,202206,6,16621.34,16585.0,16497.696102831327,35.73614006483588,0.052359325447839,-0.590242293828313,123.643897168673,positive,16800.0,17.332906444205648,16300.0,-7.322289853880403,194,132,0.6804123711340206
2022-06-10,True,,202206,5,16460.12,16473.0,16431.461982861852,19.87637964271049,0.0135395376884238,-0.6483926876843082,28.658017138146533,positive,16700.0,16.83233226510758,16200.0,-12.239636175288204,194,143,0.7371134020618557
2022-06-13,True,,202206,2,16070.98,16052.0,16138.35253514172,-35.7831174719257,-0.0694495306029905,-0.3859569804117088,-67.37253514171971,negative,16400.0,6.875700171093775,15900.0,-16.701224328315796,194,142,0.7319587628865979
2022-06-14,True,,202206,1,16047.37,16053.0,16062.36840817016,-7.750368136474533,-0.0118438350951175,-0.2596846448850283,-14.998408170158656,negative,16200.0,15.489147878513892,15900.0,-17.58999214597863,202,149,0.7376237623762376
2022-06-15,True,,202206W4,7,15999.25,15918.0,15801.96245038656,3.6859752421937104,0.0061409369829647,-0.1252744532434881,197.2875496134402,positive,16300.0,1.8008184239657448,15600.0,-1.3012455263804217,86,66,0.7674418604651163
2022-06-16,True,,202206W4,6,15838.61,15782.0,15827.475642531348,-6.577922115864196,-0.0607288085859055,-0.3193644177527632,11.134357468652524,negative,16300.0,4.069781460934024,15600.0,-5.317045110043907,90,74,0.8222222222222222
2022-06-17,True,,202206W4,5,15641.26,15581.0,15578.450916903175,0.5101989526183158,-0.0249018461299186,-0.3824420530607186,62.80908309682309,positive,15800.0,6.095885527177971,15300.0,-5.951358677957487,94,67,0.7127659574468085
2022-06-20,True,,202206W4,2,15367.58,15411.0,15440.69774122817,-10.190420506020349,-0.0294579386437657,-0.2485838048012776,-73.11774122817042,negative,15700.0,6.252738043801586,15300.0,-11.074617982173288,102,87,0.8529411764705882
2022-06-21,True,,202206W4,1,15728.64,15710.0,15646.3011615029,59.8991885210739,0.0235736531416493,-0.1766244652860344,82.33883849709855,positive,15800.0,32.27577469395976,15600.0,-10.255775795778948,112,75,0.6696428571428571
2022-06-22,True,,202206W5,7,15347.75,15238.0,15113.910116149154,5.808332011693219,0.0131773283369394,-0.1294666325893941,233.8398838508456,positive,15700.0,1.947907450401024,15000.0,-2.379052749829849,86,60,0.6976744186046512
2022-06-23,True,,202206W5,6,15176.44,15167.0,15021.09479066572,19.152535744319827,0.0477458698248278,-0.347249164718749,155.3452093342803,positive,15500.0,5.456376848675344,14800.0,-3.9029802003752727,100,80,0.8
2022-06-24,True,,202206W5,5,15303.32,15282.0,15132.045049615752,33.527421017723256,0.0696780861718778,-0.3848186135888898,171.27495038424786,positive,15500.0,8.79452026988651,15000.0,-5.492999695533881,108,87,0.8055555555555556
2022-06-27,True,,202206W5,2,15548.01,15499.0,15378.097730083764,52.71731980184326,0.0478029825958712,-0.2561971439579162,169.91226991623626,positive,15700.0,14.537385735965314,15000.0,-4.375424108639939,108,79,0.7314814814814815
2022-06-28,True,,202206W5,1,15439.92,15419.0,15360.743212161971,43.9044855512501,0.0215865119151031,-0.1702907254320061,79.17678783802694,positive,15500.0,18.692305684653025,15200.0,-7.684921384747051,108,76,0.7037037037037037
2022-06-29,True,,202207W1,7,15240.13,15113.0,14995.019147999958,4.980263317509534,0.0135866037792238,-0.1021417057416183,245.11085200004163,positive,15300.0,1.4295763949285425,14700.0,-1.8532472448644937,84,64,0.7619047619047619
2022-06-30,True,,202207W1,6,14825.73,14723.0,14675.93226560802,4.6863509204844185,0.0013783441629939,-0.2780202978494067,149.79773439197925,positive,15100.0,3.1325296022081544,14500.0,-3.5360402666030244,90,72,0.8
2022-07-01,True,,202207W1,5,14343.08,14274.0,14328.433793646114,-5.4087206058082975,-0.0334540782257083,-0.289307810991791,14.646206353885646,negative,14800.0,2.2715436330735006,14200.0,-4.920264587562427,106,94,0.8867924528301887
2022-07-04,True,,202207W1,2,14217.06,14251.0,14258.770529194917,-1.5928442219246202,-0.0081079853455021,-0.1915977462145782,-41.71052919491558,negative,14550.0,3.311933829406358,14000.0,-6.43857882920784,124,109,0.8790322580645161
2022-07-05,True,,202207W1,1,14349.2,14338.0,14279.922543568257,22.30348743683296,0.012757020968609,-0.1437425228853603,69.27745643174603,positive,14600.0,8.035746343597834,14200.0,-7.052602784708805,130,98,0.7538461538461538
2022-07-06,True,,202207W2,7,13985.51,13927.0,13783.366649691685,3.076818108940535,0.0099550704990223,-0.1008796589579261,202.1433503083172,positive,14800.0,0.7396536807723774,13400.0,-0.9118781047452368,78,61,0.782051282051282
2022-07-07,True,,202207W2,6,14336.27,14224.0,14088.917202589038,10.31830449114194,0.0335136377209145,-0.2696559053628944,247.352797410962,positive,14800.0,2.9045637314731447,13900.0,-2.4705515825206543,92,74,0.8043478260869565
2022-07-08,True,,202207W2,5,14464.53,14372.0,14273.281835500438,14.207901812712416,0.0272372702257916,-0.32053643701872,191.2481644995624,positive,14600.0,5.13326495069615,14000.0,-2.78065592493388,92,75,0.8152173913043478
2022-07-11,True,,202207W2,2,14340.53,14321.0,14284.687450132353,9.98877245041137,0.0038240640484387,-0.2091258188334082,55.842549867647904,positive,14600.0,5.874086196071497,14100.0,-4.830139753712829,98,74,0.7551020408163265
2022-07-12,True,,202207W2,1,13950.62,13964.0,14019.024540742395,-23.90166958728752,-0.0338500687478835,-0.1499974618170851,-68.40454074239642,negative,14200.0,7.268169681656132,13800.0,-11.175433264593934,98,77,0.7857142857142857
2022-07-13,True,,202207,7,14324.68,14283.0,14312.883983571332,-2.522803234350153,-0.029707666958697,-0.4677395029794299,11.796016428666915,negative,14600.0,3.986315598967201,14000.0,-3.903211881259356,180,157,0.8722222222222222
2022-07-14,True,,202207,6,14438.52,14388.0,14342.885597393042,7.293277685617329,0.0067220528833386,-0.5427845925304488,95.63440260695825,positive,14800.0,6.923690998897531,14000.0,-6.269533618988471,188,142,0.7553191489361702
2022-07-15,True,,202207,5,14550.62,14477.0,14421.606078361256,16.15875804317115,0.0211346156334235,-0.4799751791182822,129.01392163874516,positive,14600.0,10.188879673156622,14200.0,-6.274215471854343,190,137,0.7210526315789474
2022-07-18,True,,202207,2,14719.64,14647.0,14557.986728158015,43.51376374612303,0.043124064923357,-0.2985663731068362,161.65327184198213,positive,14800.0,17.6117640842886,14400.0,-8.231233907637021,192,143,0.7447916666666666
2022-07-19,True,,202207,1,14694.08,14680.0,14625.78027821403,51.82001514757332,0.0211287933516887,-0.1881629638286523,68.29972178597018,positive,14800.0,29.0935487657299,14500.0,-9.72274728408975,196,178,0.9081632653061223
2022-07-20,True,,202207W4,7,14733.22,14722.0,14610.28617196594,5.432396128227042,0.0155051734008158,-0.1080013829197304,122.93382803405984,positive,15200.0,2.789134208510721,14400.0,-1.3128770172534363,78,60,0.7692307692307693
2022-07-21,True,,202207W4,6,14937.7,14857.0,14754.941128322627,16.11881398342786,0.0318720445189494,-0.2314225952472539,182.75887167737343,positive,15000.0,6.717911962568206,14400.0,-2.9194532968201865,82,70,0.8536585365853658
2022-07-22,True,,202207W4,5,14949.36,14861.0,14793.800507901824,17.823347532338957,0.0244827251560023,-0.2800626559358716,155.55949209817663,positive,15000.0,9.11583544682201,14500.0,-4.467528144281486,90,73,0.8111111111111111
2022-07-25,True,,202207W4,2,14936.33,14902.0,14856.757134567515,22.16084792893168,0.0109564133148479,-0.1907705912756558,79.57286543248301,positive,15000.0,13.362490926127418,14700.0,-7.320600454408498,90,69,0.7666666666666667
2022-07-26,True,,202207W4,1,14806.78,14808.0,14773.459289846913,34.554783553652044,0.0130931026632634,-0.1418659145168455,33.32071015308793,positive,15000.0,23.170729969557133,14700.0,-14.207029970768383,90,69,0.7666666666666667
2022-07-27,True,,202208W1,7,14921.59,14852.0,14633.506134040175,9.993442778018371,0.0294571506753298,-0.1042119164637212,288.083865959823,positive,15100.0,2.3797775408930733,14400.0,-0.8737294095465888,80,62,0.775
2022-07-28,True,,202208W1,6,14891.9,14894.0,14806.462624158625,16.20721395190952,0.0257606954139992,-0.2507306233774006,85.43737584137489,positive,15200.0,5.908077209102885,14500.0,-3.36506041462901,86,68,0.7906976744186046
2022-07-29,True,,202208W1,5,15000.07,14996.0,14898.938759181732,31.9903065707271,0.0455822292701464,-0.2797715699431568,101.13124081826754,positive,15100.0,9.920346199146817,14800.0,-4.159899088423824,86,69,0.8023255813953488
2022-08-01,True,,202208W1,2,14981.69,14928.0,14896.828188902657,18.101806172735195,0.0032871423572635,-0.1947595214563979,84.86181109734571,positive,15100.0,13.928592274699229,14800.0,-7.982284237223,90,62,0.6888888888888889
2022-08-02,True,,202208W1,1,14747.23,14697.0,14735.752907903538,-16.92988377352863,-0.0302501130657959,-0.1485584087479414,11.477092096462002,negative,14900.0,8.449337471270217,14600.0,-11.645099743678587,90,60,0.6666666666666666
2022-08-03,True,,202208W2,7,14777.02,14687.0,14535.296071232606,7.120016942998279,0.0085048589912592,-0.1155250645017534,241.72392876739468,positive,15000.0,2.324041327143053,14000.0,-0.9111595286195032,82,60,0.7317073170731707
2022-08-04,True,,202208W2,6,14702.2,14672.0,14543.89288577562,17.390394707305,0.0190089024606319,-0.2457207488647247,158.3071142243807,positive,15000.0,7.426162650117731,14200.0,-2.3035988630752824,82,66,0.8048780487804879
2022-08-05,True,,202208W2,5,15036.04,15032.0,14844.507311401145,40.12772583353503,0.0580334448661948,-0.307988399865353,191.5326885988561,positive,15100.0,13.285985034852386,14700.0,-2.863066244618298,82,68,0.8292682926829268
2022-08-08,True,,202208W2,2,15020.41,14987.0,14891.329750848896,50.90118057220594,0.0354979361301481,-0.2136987730454932,129.080249151104,positive,15100.0,19.652123715171022,14800.0,-7.388498901142647,94,71,0.7553191489361702
2022-08-09,True,,202208W2,1,15050.28,15038.0,14965.54341849186,72.3589539515986,0.0230219336892996,-0.1323354648193681,84.73658150814117,positive,15100.0,34.522212578044694,14850.0,-7.898367992565277,94,72,0.7659574468085106
2022-08-10,True,,202208,7,14939.02,14877.0,14765.05264640802,20.897776230746103,0.0287338839724951,-0.4597320214292701,173.967353591981,positive,15200.0,9.639690298628576,14500.0,-5.211717177051715,172,132,0.7674418604651163
2022-08-11,True,,202208,6,15197.85,15183.0,15015.501589599116,67.84746303516634,0.1289176254586676,-0.5332170493717324,182.34841040088395,positive,15300.0,20.31480625109308,14850.0,-5.950393898547153,174,132,0.7586206896551724
2022-08-12,True,,202208,5,15288.97,15274.0,15124.934639189509,83.41306260963782,0.1243807488035271,-0.4987551587676684,164.03536081049242,positive,15400.0,29.269507544512496,15100.0,-6.69434198407743,178,132,0.7415730337078652
2022-08-15,True,,202208,2,15417.35,15385.0,15244.47262212655,119.35802108330546,0.0880309577573655,-0.3189019927249523,172.8773778734503,positive,15500.0,43.59426991838171,15250.0,-6.627996365986805,178,148,0.8314606741573034
2022-08-16,True,,202208,1,15420.57,15423.0,15328.832891737198,158.8161006383936,0.0592875120833239,-0.2102627908869759,91.73710826280148,positive,15500.0,72.23333417348773,15350.0,-12.83190409723142,182,154,0.8461538461538461
2022-08-17,True,,202208W4,7,15465.45,15428.0,15354.337197553872,5.628140817342491,0.0058731906905848,-0.0937128263571659,111.11280244612864,positive,15700.0,3.7084005725490368,15000.0,-1.6588360209701505,84,57,0.6785714285714286
2022-08-18,True,,202208W4,6,15396.76,15366.0,15290.40279165328,20.248739700035124,0.0231368780436584,-0.2521097585962571,106.35720834672064,positive,15600.0,9.945183006108776,15000.0,-5.528898909952026,86,58,0.6744186046511628
2022-08-19,True,,202208W4,5,15408.78,15404.0,15358.8259194296,21.523831809388,0.0108896170127897,-0.2966879170677149,49.95408057040004,positive,15600.0,17.126635571331104,15200.0,-8.571559313262492,88,60,0.6818181818181818
2022-08-22,True,,202208W4,2,15245.14,15225.0,15257.617603420173,-24.688531251856105,-0.0321198063344169,-0.1997042460175825,-12.477603420173182,negative,15400.0,16.184494776208464,15100.0,-16.56170745668471,88,55,0.625
2022-08-23,True,,202208W4,1,15095.89,15084.0,15127.331850493234,-47.27994057685798,-0.0253131039971264,-0.1330260864682209,-31.4418504932346,negative,15200.0,14.461067822548872,15000.0,-33.852940561905505,92,68,0.7391304347826086
2022-08-24,True,,202208W5,7,15069.19,15071.0,14967.159283288,8.617695900241902,0.014168241025571,-0.111897642737669,102.03071671199903,positive,15300.0,2.931712730000323,14800.0,-1.8243165581112724,84,57,0.6785714285714286
2022-08-25,True,,202208W5,6,15200.04,15213.0,15142.381477460716,20.57453672186112,0.0195467295360229,-0.2666654744420531,57.65852253928461,positive,15400.0,10.97857714878108,15000.0,-6.428372333971227,84,59,0.7023809523809523
2022-08-26,True,,202208W5,5,15278.44,15274.0,15225.629824862985,20.374864183458087,0.0134951003840354,-0.3087216094274759,52.810175137015904,positive,15400.0,16.073796413996575,15000.0,-8.118901770686396,90,63,0.7
2022-08-29,True,,202208W5,2,14926.19,14863.0,14889.92272210818,-11.161380052422013,-0.0233120361685866,-0.2489631007310993,36.26727789182041,negative,15100.0,11.049159824459036,14800.0,-11.008982501045818,92,69,0.75
2022-08-30,True,,202208W5,1,14953.63,14991.5,14990.973879279136,0.5833748456740359,-0.0095166187699515,-0.1662063935128123,-37.34387927913667,positive,15100.0,33.78711871829635,14900.0,-16.403282265828757,96,69,0.71875
2022-08-31,True,,202209W1,7,15095.44,15073.0,14963.991068295052,6.934420864855889,0.0120828643057843,-0.1298584675634914,131.44893170494834,positive,15400.0,3.773518823874113,14800.0,-1.726418200648481,82,64,0.7804878048780488
2022-09-01,True,,202209W1,6,14801.86,14778.0,14691.150110875673,13.373110697761604,0.0182023868014464,-0.3083057050710572,110.70988912432767,positive,15200.0,7.318145446129216,14500.0,-4.253557437607336,88,68,0.7727272727272727
2022-09-02,True,,202209W1,5,14673.04,14636.0,14603.675382996367,7.23219033131663,-0.001516896675018,-0.3293752798842788,69.36461700363361,positive,15000.0,7.432601881271176,14400.0,-7.083661520472719,92,78,0.8478260869565217
2022-09-05,True,,202209W1,2,14661.1,14651.0,14650.817733154432,0.0945455933311536,-0.017952750786681,-0.1997963166123341,10.282266845568302,positive,14900.0,11.482563397827017,14500.0,-12.639182222292847,98,83,0.8469387755102041
2022-09-06,True,,202209W1,1,14677.2,14672.0,14661.309347472434,10.348742189801444,-0.0032523590526728,-0.1442112082909904,15.890652527567,positive,14800.0,19.11864904412073,14550.0,-15.417405515003953,100,82,0.82
2022-09-07,True,,202209W2,7,14410.05,14390.0,14189.791023402402,8.69038625596992,0.0238125701227426,-0.0939392266567998,220.2589765975972,positive,14700.0,1.7427257771575275,14200.0,-1.038490790362672,80,59,0.7375
2022-09-08,True,,202209W2,6,14583.42,14567.0,14408.598694224724,25.729814711588304,0.0509401926515413,-0.2300406802980712,174.8213057752764,positive,14800.0,6.3797668631093565,14200.0,-2.2035558554966994,90,74,0.8222222222222222
2022-09-12,True,,202209W2,2,14807.43,14820.0,14725.384993786018,35.79396008115011,0.0268681024331059,-0.1799614267751319,82.04500621398256,positive,14950.0,15.475865318391168,14700.0,-3.5980991924200154,90,80,0.8888888888888888
2022-09-13,True,,202209W2,1,14894.41,14897.0,14830.114214721854,46.10455271568279,0.0223385202704922,-0.1441553383882708,64.29578527814556,positive,15000.0,27.00134408906196,14800.0,-8.30817569431983,96,79,0.8229166666666666
2022-09-14,True,,202209,7,14658.31,14578.0,14655.241247563794,-11.868957395593084,-0.0876428331293899,-0.4372640321480422,3.0687524362056138,negative,15000.0,3.320456733893397,14200.0,-6.4207784491116575,192,138,0.71875
2022-09-15,True,,202209,6,14670.04,14640.0,12389.645166745144,7.113049980435933,-0.0307908888465336,-0.5190933548189955,2280.394833254857,positive,14900.0,8.191465273022036,14200.0,-6.761225370007416,196,183,0.9336734693877552
2022-09-16,True,,202209,5,14561.76,14484.0,14505.219900964854,-7.713434317796172,-0.057464079945203,-0.4626169555842916,56.54009903514634,negative,14800.0,8.06877510661627,14200.0,-10.574622007914746,196,159,0.8112244897959183
2022-09-19,True,,202209,2,14425.68,14420.0,12389.964056412991,-17.438756876515743,-0.0370115183217746,-0.2740384232771204,2035.7159435870071,negative,14600.0,11.8470422593672,14200.0,-16.560309721931894,198,185,0.9343434343434344
2022-09-20,True,,202209,1,14549.3,14561.0,14512.146736360051,62.53791527049286,0.0180555350094974,-0.1795315279869896,37.15326363994791,positive,14650.0,41.347022101724,14500.0,-14.903397236666594,200,162,0.81
2022-09-21,True,,202209W4,7,14424.52,14435.0,14311.92039937174,4.277950602318725,0.0077506289441744,-0.0981135059181723,112.5996006282603,positive,14600.0,1.655510582681304,14000.0,-0.9931223864593104,82,63,0.7682926829268293
2022-09-22,True,,202209W4,6,14284.63,14258.0,14184.24371422222,12.077592867636309,0.0158917122491886,-0.2774859402225381,100.38628577778036,positive,14550.0,5.300239152420867,14000.0,-4.072250083346886,86,64,0.7441860465116279
2022-09-23,True,,202209W4,5,14118.38,14138.0,14116.545423704096,6.281619779021198,-0.0053816735571357,-0.2942988079997124,1.834576295903389,positive,14450.0,6.439760953920039,13900.0,-8.077553414263162,90,73,0.8111111111111111
2022-09-26,True,,202209W4,2,13778.19,13786.0,13815.408193696869,-8.905675555663999,-0.0243752895683198,-0.2132773088733588,-37.218193696866365,negative,14000.0,5.604993592938373,13700.0,-13.878272523326473,96,70,0.7291666666666666
2022-09-27,True,,202209W4,1,13826.59,13837.0,13843.443791038331,-4.333391853018798,-0.0097484844529119,-0.1501561219700458,-16.85379103833293,negative,14000.0,15.254769784709548,13700.0,-18.111884809058708,108,86,0.7962962962962963
2022-09-28,True,,202210W1,7,13466.07,13522.0,13287.304588271518,8.494701233314153,0.0273910780005745,-0.1052387155558806,178.76541172848192,positive,13900.0,1.6323253576248011,13300.0,-0.9718769045842304,76,58,0.7631578947368421
2022-09-29,True,,202210W1,6,13534.26,13530.0,13406.827919555972,15.512843122798095,0.0256418028073788,-0.2584113733119557,127.43208044402672,positive,13900.0,4.740157372517922,13000.0,-2.790068076610314,88,74,0.8409090909090909
2022-09-30,True,,202210W1,5,13424.58,13404.0,13287.533042070589,19.40568792690649,0.0378506099021864,-0.287334077586664,137.0469579294113,positive,13700.0,6.022149288066971,13000.0,-4.384100971985899,88,70,0.7954545454545454
2022-10-03,True,,202210W1,2,13300.48,13312.0,13274.470001187046,10.62333564365246,0.0021146760002164,-0.1945290637669194,26.0099988129532,positive,13600.0,7.369122503788879,13000.0,-7.023705197904512,92,78,0.8478260869565217
2022-10-04,True,,202210W1,1,13576.52,13595.0,13490.256354958596,70.96384357538199,0.034654026019823,-0.149011586236981,86.26364504140474,positive,13700.0,27.10135850094485,13400.0,-4.746044545269622,96,78,0.8125
2022-10-05,True,,202210W2,7,13801.43,13815.0,13635.289326522336,8.6300524968883,0.0210410115593552,-0.101548152377597,166.14067347766468,positive,14100.0,3.893270889240334,13600.0,-0.9946583355243735,74,51,0.6891891891891891
2022-10-06,True,,202210W2,6,13892.05,13882.0,13708.868836436604,25.006426598912235,0.0578171213846438,-0.2422167826612813,183.18116356339488,positive,14100.0,8.82910962110366,13500.0,-3.0459130083305808,82,63,0.7682926829268293
2022-10-07,True,,202210W2,5,13702.28,13694.0,13625.75779327103,14.025569753272231,0.0218565903882452,-0.246723730933754,76.52220672897056,positive,14000.0,7.4398675115002515,13500.0,-4.958567961737488,86,67,0.7790697674418605
2022-10-11,True,,202210W2,1,13106.03,13107.0,13084.498017042411,5.481841929873787,0.0040443723298029,-0.0998335672176903,21.531982957589207,positive,13400.0,5.984828343810418,13000.0,-9.848868439847076,86,60,0.6976744186046512
2022-10-12,True,,202210,7,13081.24,13074.0,13231.726817400177,-9.893653171635773,-0.0720584928261108,-0.3680819394206652,-150.48681740017673,negative,13400.0,2.0689873126284604,13000.0,-3.2961663292019296,152,139,0.9144736842105264
2022-10-13,True,,202210,6,12810.73,12870.0,12947.174886954046,-7.347416412003555,-0.0614342468946637,-0.4295110844788534,-136.44488695404652,negative,13400.0,2.647636995276196,12500.0,-3.611057909607508,152,144,0.9473684210526316
2022-10-14,True,,202210,5,13128.12,13171.0,13131.852519459271,7.36496051903639,-0.0029094403442898,-0.4961202101719398,-3.732519459270408,positive,13500.0,6.465662627044706,12800.0,-4.445360400650432,164,147,0.8963414634146342
2022-10-17,True,,202210,2,12966.05,12977.0,12938.122074581905,13.427568564827247,0.0148327894246025,-0.2962256057451571,27.927925418096493,positive,13250.0,7.265458108660887,12800.0,-8.181247928093947,164,116,0.7073170731707317
2022-10-18,True,,202210,1,13124.68,13099.0,13051.734303157522,30.529936655806576,0.017757671158559,-0.2049540108711223,72.94569684247836,positive,13250.0,18.45743888461644,12900.0,-7.782617499367723,164,116,0.7073170731707317
2022-10-19,True,,202210W4,7,12976.76,12976.0,12867.769473077113,3.0582009245746025,0.0082140207366763,-0.0839444330539335,108.99052692288753,positive,13500.0,1.2921429966569578,12600.0,-1.1329737739902013,72,57,0.7916666666666666
2022-10-20,True,,202210W4,6,12946.1,12912.0,12730.023319727932,18.80269749773876,0.0549488885882442,-0.2489098625473365,216.0766802720682,positive,13100.0,3.817724752365618,12600.0,-2.665731678991162,78,65,0.8333333333333334
2022-10-21,True,,202210W4,5,12819.2,12815.0,12769.130207228282,7.018228671675139,0.0005712763208739,-0.2790915682104328,50.06979277171922,positive,13100.0,4.359106325205491,12600.0,-4.038316718771965,78,67,0.8589743589743589
2022-10-24,True,,202210W4,2,12856.98,12888.0,12853.407438153385,10.542838811059406,0.000761639553657,-0.2098510925975937,3.572561846614917,positive,13100.0,7.969615939735217,12700.0,-6.718608728775354,84,65,0.7738095238095238
2022-10-25,True,,202210W4,1,12666.12,12686.0,12710.018484839737,-9.816994264376582,-0.0155197409454196,-0.1298115474376327,-43.89848483973401,negative,12900.0,6.597748084059382,12600.0,-12.060959207117438,84,74,0.8809523809523809
2022-10-26,True,,202211W1,7,12729.05,12740.0,12687.714126080757,1.6725525524349034,-0.0007344566266808,-0.0850104948303184,41.33587391924266,positive,13200.0,1.976060304453324,12400.0,-1.011341736785508,70,56,0.8
2022-10-27,True,,202211W1,6,12926.37,12964.0,12901.011440812264,7.071038231326725,0.0097925666343767,-0.2197571112670598,25.35855918773632,positive,13300.0,5.881449414149198,12700.0,-2.4528526568953426,74,61,0.8243243243243243
2022-10-28,True,,202211W1,5,12788.42,12777.0,12775.299724843286,0.3242238382110803,-0.0156817733119236,-0.2458306620678454,13.120275156714342,positive,13100.0,5.583608729937779,12600.0,-4.403672400729217,82,66,0.8048780487804879
2022-10-31,True,,202211W1,2,12949.75,12947.0,12887.546439196414,22.903148613496825,0.017975805472312,-0.1754114683066439,62.20356080358579,positive,13100.0,12.208631452292645,12800.0,-5.518939776261607,82,67,0.8170731707317073
2022-11-01,True,,202211W1,1,13037.21,13037.0,13000.05633258967,31.03168500286885,0.0094727173341696,-0.1302662710435903,37.153667410329945,positive,13150.0,23.18517763037476,12950.0,-11.053125626045452,82,64,0.7804878048780488
2022-11-02,True,,202211W2,7,13100.17,13095.0,13124.754825201526,-0.7695872735043976,-0.0074402245636048,-0.0710576733488963,-24.584825201525742,negative,13400.0,1.1647822821300795,12700.0,-0.9018655082431372,72,56,0.7777777777777778
2022-11-03,True,,202211W2,6,12986.6,12967.0,12939.73408221683,3.654557099353067,0.0024336677777617,-0.2040603372049008,46.86591778317052,positive,13200.0,3.962350071491668,12600.0,-3.004122167958532,76,62,0.8157894736842105
2022-11-04,True,,202211W2,5,13026.71,13038.0,12961.999505824344,18.704998147277244,0.0357692153405341,-0.2518790049599315,64.71049417565519,positive,13200.0,8.741361969379287,12800.0,-4.353585771499492,78,63,0.8076923076923077
2022-11-07,True,,202211W2,2,13223.73,13230.0,13170.447230335289,29.468235016984604,0.0211022383874121,-0.191475647225865,53.28276966471094,positive,13300.0,17.942663924079824,13000.0,-7.324443503504818,78,66,0.8461538461538461
2022-11-08,True,,202211W2,1,13347.76,13328.0,13296.148257338284,27.153819456703893,0.0055581176795389,-0.1353947081908331,51.61174266171656,positive,13400.0,31.33628952693446,13200.0,-8.401762084304385,82,62,0.7560975609756098
2022-11-09,True,,202211,7,13638.81,13596.0,13383.435175242908,27.37548026165921,0.077285309858204,-0.385772211814265,255.3748247570929,positive,13800.0,10.151777473675912,13000.0,-3.060359130848686,160,132,0.825
2022-11-10,True,,202211,6,13503.76,13484.0,13372.484630174697,24.47117759853408,0.071210854388231,-0.4823248504075364,131.27536982530546,positive,13800.0,10.021999490292153,13000.0,-4.528409581773039,166,129,0.7771084337349398
2022-11-11,True,,202211,5,14007.56,14060.0,12993.922412528342,36.54198550064751,0.0652152871164283,-0.4269229216472386,1013.6375874716578,positive,14200.0,11.401007476000917,13600.0,-3.0852524598662936,166,144,0.8674698795180723
2022-11-14,True,,202211,2,14174.9,14126.0,14069.627314345596,23.047487310673457,0.0249964526498956,-0.2868766078281586,105.272685654405,positive,14300.0,17.415952810717197,14000.0,-8.365888748872315,174,143,0.8218390804597702
2022-11-15,True,,202211,1,14546.31,14528.0,14485.870372132396,14.254797297621998,0.0054769247346448,-0.1919593012639283,60.43962786760312,positive,14600.0,17.73865834709934,14450.0,-9.25879819248398,178,137,0.7696629213483146
2022-11-16,True,,202211W4,7,14537.35,14527.0,14548.24210686854,-0.9998662574790964,-0.00918369119402,-0.2339426177175498,-10.892106868539486,negative,15000.0,2.913250447860199,14300.0,-1.9442494880283387,126,107,0.8492063492063492
2022-11-17,True,,202211W4,6,14535.23,14549.0,14471.159134994652,12.09220117962534,0.0435212331825291,-0.3499323049597679,64.07086500534751,positive,14800.0,5.477366397963448,14300.0,-3.7854351258012486,126,107,0.8492063492063492
2022-11-18,True,,202211W4,5,14504.99,14497.0,14485.419835039049,2.654283957968971,-0.0070548847836603,-0.3750320707735217,19.570164960952752,positive,14700.0,6.4820446766144695,14200.0,-5.26808770048828,126,105,0.8333333333333334
2022-11-21,True,,202211W4,2,14449.39,14462.0,14457.332121981904,2.184933009196837,-0.0023408968581806,-0.2098260393733373,-7.942121981903256,positive,14600.0,10.307516723272666,14300.0,-8.084532203863963,126,99,0.7857142857142857
2022-11-22,True,,202211W4,1,14542.2,14538.5,14496.967386413018,37.95530631421317,0.0123790286460408,-0.1360855474925937,45.23261358698255,positive,14600.0,25.59054089351903,14400.0,-10.399547820546085,126,105,0.8333333333333334
2022-11-23,True,,202211W5,7,14608.54,14635.0,14448.8331169016,14.850759455021777,0.044164476430152,-0.1596904532043065,159.7068830984008,positive,15000.0,3.606636064700685,14100.0,-1.233482836122104,84,68,0.8095238095238095
2022-11-24,True,,202211W5,6,14784.0,14810.0,14706.793458869432,20.65233934064289,0.0550662176366331,-0.3261329638667891,77.20654113056662,positive,15000.0,9.008388101729134,14500.0,-5.879014576485235,84,70,0.8333333333333334
2022-11-25,True,,202211W5,5,14778.51,14744.0,14713.34069028229,9.630598485561674,0.0142088432958425,-0.3513340372781958,65.16930971771035,positive,15000.0,10.559850956582212,14500.0,-9.090435480570346,92,72,0.782608695652174
2022-11-28,True,,202211W5,2,14556.87,14519.0,14571.341175982954,-28.138162095641547,-0.0372990052432462,-0.2145483230004707,-14.471175982953357,negative,14800.0,7.334054983371057,14400.0,-12.2727614753792,92,73,0.7934782608695652
2022-11-29,True,,202211W5,1,14709.64,14700.0,14674.23146195318,25.99949839005925,0.0051962932322615,-0.1554756017237643,35.40853804681865,positive,14800.0,28.585581947927743,14600.0,-14.241606239060207,92,76,0.8260869565217391
2022-11-30,True,,202212W1,7,14879.55,14835.0,14787.877225050534,3.269514953273061,-0.0012164506003901,-0.1816336031196002,91.67277494946576,positive,15000.0,3.151102225518632,14300.0,-2.2219304674852705,90,74,0.8222222222222222
2022-12-01,True,,202212W1,6,15012.8,15024.0,14932.734943498092,16.701402407262933,0.042467768318194,-0.3377847142074276,80.06505650190775,positive,15300.0,7.291229678260449,14700.0,-3.767747983676009,94,78,0.8297872340425532
2022-12-02,True,,202212W1,5,14970.68,14929.0,14886.085135588655,12.96297245215018,0.0209437599257612,-0.3575972450165432,84.59486441134504,positive,15200.0,9.344630582397803,14600.0,-5.77043344076495,102,78,0.7647058823529411
2022-12-05,True,,202212W1,2,14980.74,14984.0,14928.45325719455,31.34327617362192,0.0207825399034316,-0.233059788825922,52.28674280545056,positive,15150.0,15.000264630675966,14800.0,-7.626812943942473,102,71,0.696078431372549
2022-12-06,True,,202212W1,1,14728.88,14726.0,14757.638875768327,-23.99668608465516,-0.0138941947258255,-0.137832386058422,-28.758875768329744,negative,14950.0,8.78855686898826,14700.0,-16.660608476321258,102,70,0.6862745098039216
2022-12-07,True,,202212W2,7,14630.01,14652.0,14624.310629995223,1.7247731036444578,-0.0058732866692289,-0.1587800998521727,5.699370004776938,positive,15000.0,2.3808107188641165,14500.0,-2.1217006542345875,94,78,0.8297872340425532
2022-12-08,True,,202212W2,6,14553.04,14529.0,14454.777323303511,10.470563114270398,0.0210859413713924,-0.2864787253636558,98.2626766964895,positive,15000.0,4.908891353298997,14200.0,-3.437106854540077,98,79,0.8061224489795918
2022-12-09,True,,202212W2,5,14705.43,14736.0,14601.208250704804,32.354058746339525,0.0660491419855918,-0.3101400363959427,104.22174929519495,positive,15000.0,10.837044721204544,14500.0,-4.157521185543967,102,84,0.8235294117647058
2022-12-12,True,,202212W2,2,14612.59,14615.0,14566.38680312597,16.355079345575678,0.0132308200199006,-0.1992699871299316,46.203196874030255,positive,14900.0,8.357535718515642,14400.0,-6.747179570008674,102,84,0.8235294117647058
2022-12-13,True,,202212W2,1,14522.96,14552.0,14522.292591109172,9.868030578200894,0.007248994751135,-0.1521270978954375,0.6674088908257545,positive,14700.0,7.880198717276168,14400.0,-8.318330431053843,102,86,0.8431372549019608
2022-12-14,True,,202212,7,14739.36,14712.0,14566.079671498785,24.394876069223745,0.0637670224323451,-0.4748231945064986,173.2803285012178,positive,15000.0,8.737530596252416,14200.0,-4.257885366003955,198,155,0.7828282828282829
2022-12-15,True,,202212,6,14734.13,14713.0,14604.802165194928,38.5892837499401,0.0780246943927579,-0.4737858365711911,129.3278348050717,positive,15000.0,13.5662812077186,14400.0,-5.1811699168514425,198,155,0.7828282828282829
2022-12-16,True,,202212,5,14528.55,14464.0,14483.033761581206,-7.950580031224312,-0.0412757571002261,-0.4800067847974983,45.51623841879336,negative,14800.0,8.688876734403244,14300.0,-10.903429663071668,198,158,0.797979797979798
2022-12-19,True,,202212,2,14433.32,14407.0,14423.95724792602,-10.613698888887855,-0.0156178157571673,-0.2778847193022026,9.362752073981028,negative,14600.0,10.742884894194663,14300.0,-15.909241041365432,198,151,0.7626262626262627
2022-12-20,True,,202212,1,14170.03,14152.0,14224.318281758751,-37.10565738790571,-0.0241836434946673,-0.1586832767452827,-54.2882817587506,negative,14400.0,4.348554925752463,14000.0,-19.733992178710945,200,158,0.79
2022-12-21,True,,202212W4,7,14234.4,14189.0,14178.09140810136,1.018030065710516,-0.0071854005324218,-0.1907055222451491,56.30859189863986,positive,14450.0,2.8023669888576954,14000.0,-3.1823375147763366,104,81,0.7788461538461539
2022-12-22,True,,202212W4,6,14442.94,14406.0,14349.43167469726,12.958802675667936,0.0061267334040063,-0.3120324750296878,93.50832530274056,positive,14600.0,8.057408777316807,14000.0,-7.218080453453868,104,80,0.7692307692307693
2022-12-23,True,,202212W4,5,14271.63,14220.0,14208.49037908982,4.090477768540944,-0.0031894631671737,-0.3553217175867415,63.13962091017856,positive,14400.0,9.687294392899686,14000.0,-10.282411134404995,104,84,0.8076923076923077
2022-12-26,True,,202212W4,2,14285.13,14274.0,14251.58268588812,16.984541676164394,-0.0006408054881463,-0.2111744083803215,33.54731411188004,positive,14400.0,17.24278463631678,14100.0,-15.345072590120775,104,85,0.8173076923076923
2022-12-27,True,,202212W4,1,14328.43,14332.0,14318.06703717198,15.712624278821028,-0.0016663292118906,-0.1369078718115771,10.36296282801959,positive,14450.0,25.380601481124906,14250.0,-12.799356237816417,104,76,0.7307692307692307
2022-12-28,True,,202301W1,7,14173.1,14133.0,14111.49444805752,2.1373340295222207,-0.0023832019954232,-0.1509896110865533,61.605551942480815,positive,14450.0,2.33339771437955,13900.0,-4.332880473134459,90,75,0.8333333333333334
2022-12-29,True,,202301W1,6,14085.02,14058.0,14087.498937895984,-6.168873613158656,-0.0274619832037666,-0.2622479205149081,-2.478937895984928,negative,14300.0,5.0298514797014695,13900.0,-8.669453466231001,90,68,0.7555555555555555
2022-12-30,True,,202301W1,5,14137.69,14153.0,14167.228508246026,-5.047385723414177,-0.0244930185390202,-0.2659825728307384,-29.53850824602523,negative,14400.0,8.231802665206393,14000.0,-11.326246695532872,92,79,0.8586956521739131
2023-01-03,True,,202301W1,1,14224.12,14247.0,14210.748695830634,30.69180825789967,0.0104131232729196,-0.1218590308856973,13.37130416936634,positive,14300.0,26.5218350735006,14150.0,-10.833912750203408,92,68,0.7391304347826086
2023-01-04,True,,202301W2,7,14199.13,14236.0,14152.56269510052,7.332548631471909,0.0154252202852413,-0.1587105869378615,46.567304899479495,positive,14500.0,3.165400142669804,13950.0,-2.013590997401208,88,66,0.75
2023-01-05,True,,202301W2,6,14301.05,14311.0,14235.237681262552,18.98324384677709,0.0318189382852749,-0.2721160397976553,65.81231873744764,positive,14500.0,8.48726814897733,14000.0,-4.421350713543959,88,69,0.7840909090909091
2023-01-06,True,,202301W2,5,14373.34,14376.0,14338.196208070398,14.432289807396185,0.011022331501506,-0.3539392406491142,35.14379192960223,positive,14500.0,16.031871134620268,14200.0,-8.869352400328346,88,65,0.7386363636363636
2023-01-09,True,,202301W2,2,14752.21,14773.0,14676.35876002972,30.57103852894007,0.0131709198632249,-0.2139789082380701,75.85123997027767,positive,14800.0,20.16691905175744,14400.0,-4.619893067505297,90,72,0.8
2023-01-10,True,,202301W2,1,14802.96,14813.5,14763.841564792863,40.82641488254783,0.0152700094956342,-0.1608751448242271,39.1184352071341,positive,14900.0,30.343309817231688,14700.0,-16.463674205353634,106,84,0.7924528301886793
2023-01-11,True,,202301,19,14751.44,14793.0,14554.661972853528,20.079020756252746,0.1365306998344283,-0.5867682157870131,196.7780271464726,positive,15000.0,9.824195195628626,14000.0,-1.363819725909321,162,126,0.7777777777777778
2023-01-12,True,,202301,18,14731.64,14767.0,14563.580607635433,21.823545478336733,0.1503619151711004,-0.7606989365908894,168.05939236456834,positive,15000.0,10.542420761158173,14000.0,-1.881461281178056,162,143,0.8827160493827161
2023-01-13,True,,202301,17,14824.13,14835.0,14659.182617713144,27.44924337141072,0.1353745606913834,-0.7447799948034336,164.94738228685492,positive,15000.0,13.67810913995279,14500.0,-2.354289228936563,162,129,0.7962962962962963
2023-01-16,True,,202301,14,14927.01,14935.0,14760.515435231837,31.827265162141646,0.1316575083813458,-0.6820710748160737,166.49456476816522,positive,15000.0,12.134127481053817,14500.0,-3.409069200774637,164,143,0.8719512195121951
2023-01-17,True,,202301,13,14932.93,14926.0,14800.482371181388,29.090932523779923,0.0947773719552925,-0.624476858427516,132.44762881861243,positive,15000.0,10.589186832461642,14850.0,-4.048998937985636,166,148,0.891566265060241
2023-01-30,True,,202302W1,2,15493.82,15464.0,15467.530650660688,-0.4839050706524297,-0.0024773752341616,-0.0502384652870553,26.28934933931123,negative,15600.0,7.151335422150898,15300.0,-3.667609119747688,82,43,0.524390243902439
2023-01-31,True,,202302W1,1,15265.2,15271.0,15313.051161041376,-30.684216889082474,-0.0130883623327216,-0.0932227725851885,-47.85116104137524,negative,15400.0,9.625432640242549,15250.0,-17.01575366980923,106,67,0.6320754716981132
2023-02-01,True,,202302W2,7,15420.13,15394.0,15308.499927526316,7.101998700614379,0.0172919560914087,-0.1497720122722011,111.63007247368296,positive,15500.0,2.746157128002557,15000.0,-2.2225018146632816,106,75,0.7075471698113207
2023-02-02,True,,202302W2,6,15595.16,15593.0,15548.464700823955,10.463298997203465,0.0150575257298623,-0.2825017743290565,46.69529917604268,positive,15800.0,7.798610268886689,15300.0,-5.523991422238673,106,78,0.7358490566037735
2023-02-03,True,,202302W2,5,15602.66,15585.0,15556.049005811556,10.817654394105157,0.0086780857079882,-0.3143094358410553,46.61099418844242,positive,15800.0,10.347772247397788,15400.0,-7.918251786254317,110,81,0.7363636363636363
2023-02-06,True,,202302W2,2,15392.82,15413.0,15455.838924509617,-28.33343492381542,-0.028115207915908,-0.1911886424658621,-63.01892450961532,negative,15600.0,11.299875612209547,15300.0,-18.32577234971126,110,75,0.6818181818181818
2023-02-07,True,,202302W2,1,15400.91,15405.0,15429.720137801336,-28.275857604424008,-0.0141081136005576,-0.1377333698736167,-28.810137801336168,negative,15550.0,18.902837593043543,15300.0,-22.99188423533428,110,85,0.7727272727272727
2023-02-08,True,,202302,7,15618.17,15605.0,15501.890215030826,20.9910650874978,0.0556537401545117,-0.3872454418413734,116.27978496917422,positive,15800.0,8.141637781641501,15200.0,-5.066907738070777,150,110,0.7333333333333333
2023-02-09,True,,202302,6,15598.71,15598.0,15509.041038309042,31.297462338878645,0.0748591406422408,-0.4492690915979092,89.66896169095708,positive,15800.0,13.743677612611483,15300.0,-6.269831272533426,150,125,0.8333333333333334
2023-02-10,True,,202302,5,15586.65,15576.0,15522.353876261652,24.123377859291114,0.0438851072932444,-0.48451619408279,64.29612373834789,positive,15800.0,12.91544569706454,15400.0,-8.917275317537253,150,125,0.8333333333333334
2023-02-13,True,,202302,2,15544.28,15533.0,15501.600700218418,20.599805260226013,0.0174830359572011,-0.3201075071869061,42.67929978158281,positive,15800.0,16.287586820073418,15300.0,-15.410875845598683,150,105,0.7
2023-02-14,True,,202302,1,15654.48,15657.0,15581.014568175173,63.62566933847017,0.0384176752058221,-0.2197046655613515,73.46543182482856,positive,15800.0,25.90675376184496,15400.0,-12.155790434025898,150,121,0.8066666666666666
2023-02-15,True,,202302W4,7,15432.89,15386.0,15378.528987228276,0.8578641518067124,-0.0055707811378692,-0.2020809102713118,54.36101277172202,positive,15650.0,3.853430888698348,15200.0,-3.684749828281556,96,73,0.7604166666666666
2023-02-16,True,,202302W4,6,15550.5,15555.0,15529.594904227855,7.463531761186536,0.0031230762869703,-0.3168937769426957,20.905095772144705,positive,15800.0,8.911749860019182,15400.0,-10.640200560080244,96,74,0.7708333333333334
2023-02-17,True,,202302W4,5,15479.7,15446.0,15455.780769213108,-4.677064518712727,-0.0258795497385619,-0.3333764189163266,23.91923078689252,negative,15700.0,10.507165754714071,15400.0,-11.469213727969136,96,75,0.78125
2023-02-20,True,,202302W4,2,15551.23,15540.0,15509.57327188954,28.389885513762845,0.0132698791522107,-0.2115640292962076,41.65672811045988,positive,15700.0,24.28602599713585,15400.0,-18.64516850806596,96,67,0.6979166666666666
2023-02-21,True,,202302W4,1,15563.0,15545.0,15512.33932354007,46.23829999479843,0.0150968084648354,-0.1428849480458807,50.66067645992917,positive,15600.0,34.965926900878664,15400.0,-18.028695374950622,96,79,0.8229166666666666
2023-02-22,True,,202303W1,7,15418.77,15387.0,15388.368642880903,-0.1894596365657739,-0.0116535874417822,-0.1773087170040706,30.40135711909716,negative,15700.0,3.795868213873649,15300.0,-3.202533705707028,94,66,0.7021276595744681
2023-02-23,True,,202303W1,6,15615.41,15616.0,15608.34600751512,2.113807677683228,-0.0087554073247209,-0.3141401467821213,7.063992484880146,positive,15800.0,6.948160122490496,15300.0,-8.510095163853029,94,68,0.723404255319149
2023-02-24,True,,202303W1,5,15503.79,15557.0,15575.354772142597,-8.991560838293534,-0.0325059062907184,-0.3277544824522924,-71.56477214259394,negative,15700.0,10.512180374264563,15400.0,-12.380959384900324,94,69,0.7340425531914894
2023-03-01,True,,202303W2,7,15598.49,15565.0,15573.49766981548,-1.0251543081219696,-0.0124329050664593,-0.1924718626634465,24.99233018452105,negative,15800.0,3.19737552901642,15200.0,-4.594345796967947,92,64,0.6956521739130435
2023-03-02,True,,202303W2,6,15598.72,15562.0,15560.153191362246,0.5017173758002443,-0.0140085941128946,-0.3040280979036692,38.56680863775364,positive,15700.0,6.543783943042032,15300.0,-7.620380642575248,92,67,0.7282608695652174
2023-03-03,True,,202303W2,5,15608.42,15629.0,15606.294514305508,10.575347549392683,-0.0083966476499084,-0.3356421744666684,2.125485694492454,positive,15800.0,12.932179711391916,15300.0,-9.378708486776608,92,67,0.7282608695652174
2023-03-06,True,,202303W2,2,15763.51,15787.0,15730.28007729405,39.85228639594343,0.0190260311531569,-0.2365181431388762,33.22992270595023,positive,15900.0,29.82578997515133,15500.0,-8.522327903036452,92,68,0.7391304347826086
2023-03-07,True,,202303W2,1,15857.89,15875.5,15825.732797387454,52.8594340194562,0.0123324958244178,-0.1620929109024631,32.15720261254501,positive,15950.0,32.59655820686685,15750.0,-12.637558214438668,98,55,0.5612244897959183
2023-03-08,True,,202303,7,15818.2,15785.0,15629.4489619966,43.559256169727554,0.1054234107530084,-0.4487271034315855,188.75103800340003,positive,16000.0,16.327815710931738,15400.0,-4.565145417649688,186,132,0.7096774193548387
2023-03-09,True,,202303,6,15770.66,15766.0,15666.084155397788,45.37722661983444,0.0836459181887846,-0.5204251939463044,104.57584460221187,positive,16000.0,20.75179769046508,15400.0,-7.503344222529291,186,157,0.8440860215053764
2023-03-10,True,,202303,5,15526.2,15480.0,15481.11598201413,-0.5093864113486036,-0.0351208793755668,-0.5618335252032515,45.08401798587147,negative,15800.0,10.526733364746477,15400.0,-12.791590622280609,186,172,0.9247311827956988
2023-03-13,True,,202303,2,15560.49,15520.0,12792.01575831015,20.87278082720264,0.0028556682951105,-0.3808923204045398,2768.47424168985,positive,15700.0,20.50667949028284,15400.0,-13.279155242253706,186,172,0.9247311827956988
2023-03-14,True,,202303,1,15360.42,15353.0,15402.192128717115,-37.26696002856897,-0.0406295096427433,-0.2531771479339436,-41.77212871711527,negative,15600.0,15.38485960557068,15300.0,-18.79542989998381,186,140,0.7526881720430108
2023-03-15,True,,202303W4,7,15387.59,15353.0,15365.123170280402,-1.521515549454497,-0.0242293559839957,-0.198113317261201,22.466829719598536,negative,15700.0,4.08439304909001,15000.0,-3.125068235312111,104,80,0.7692307692307693
2023-03-16,True,,202303W4,6,15221.12,15250.0,15212.45772261758,9.11077486081037,-0.0120928476935603,-0.378011046698879,8.662277382420143,positive,15500.0,8.362043746232212,15000.0,-8.606814809291505,104,84,0.8076923076923077
2023-03-17,True,,202303W4,5,15452.96,15430.0,15369.983475272966,28.46977029456104,0.0147278672997382,-0.3900955722425121,82.9765247270334,positive,15600.0,17.38558885105638,15200.0,-7.407690649549955,110,87,0.7909090909090909
2023-03-20,True,,202303W4,2,15419.97,15400.0,15377.3198993488,17.551132536744326,-0.0034014552092745,-0.2507451173189761,42.65010065119896,positive,15500.0,22.09363156391699,15200.0,-12.377608508442387,110,88,0.8
2023-03-21,True,,202303W4,1,15513.45,15489.0,15444.530883571946,60.28929379558666,0.0128569634277995,-0.1720480631563676,68.91911642805462,positive,15600.0,40.03661318701022,15350.0,-14.542194670143106,110,80,0.7272727272727273
2023-03-22,True,,202303W5,7,15760.46,15736.0,15686.530548815648,4.099570679340904,-0.0008671236588758,-0.1939210133706608,73.92945118435091,positive,16000.0,5.100496616481375,15500.0,-2.5360487141505543,96,78,0.8125
2023-03-23,True,,202303W5,6,15863.95,15858.0,15844.158360056184,3.3397646432575745,-0.0138675650928639,-0.3286189477140494,19.79163994381633,positive,16000.0,8.704555537260502,15400.0,-6.152920773275045,106,84,0.7924528301886793
2023-03-24,True,,202303W5,5,15914.7,15935.0,15882.415829108197,20.09253077545669,0.0185318613365206,-0.3388686637688946,32.28417089180584,positive,16100.0,13.37825091265194,15700.0,-6.641037359607058,110,87,0.7909090909090909
2023-03-27,True,,202303W5,2,15830.31,15857.0,15830.57449837822,21.7509912414866,0.0081656534110999,-0.2402887507835474,-0.2644983782192867,positive,16000.0,23.4704658104298,15700.0,-15.009101665603795,114,88,0.7719298245614035
2023-03-28,True,,202303W5,1,15701.48,15710.0,15739.572885555015,-38.212776037422095,-0.0210922340223776,-0.1576825237094561,-38.09288555501735,negative,15850.0,17.690392655388585,15600.0,-34.20842343323601,114,95,0.8333333333333334
2023-03-29,True,,202304W1,8,15769.76,15756.0,15731.616749343137,2.474524421165988,-0.0031089787929109,-0.1412798339308195,38.14325065686535,positive,16000.0,3.5859753807503365,15600.0,-3.087278840443449,104,76,0.7307692307692307
2023-03-30,True,,202304W1,7,15849.43,15839.0,15825.961281308926,3.1894955908243108,-0.011241461747369,-0.2555920890328769,23.468718691074173,positive,16000.0,6.65930385252841,15500.0,-5.996051266549583,104,80,0.7692307692307693
2023-03-31,True,,202304W1,6,15868.06,15880.0,15874.607095682331,2.1529600237363566,-0.0155763983678914,-0.2973260524850441,-6.547095682333747,positive,16000.0,10.10911894092527,15800.0,-8.097206474097405,104,82,0.7884615384615384
2023-04-06,True,,202304W2,6,15810.77,15775.0,15775.529244735046,-0.0760623250258085,-0.0085344139700376,-0.1256680383208116,35.240755264954714,negative,16050.0,3.883808867204408,15600.0,-3.2033249558627355,92,65,0.7065217391304348
2023-04-07,True,,202304W2,5,15836.5,15835.0,15821.832904161169,5.222817220670192,-0.0044964046587873,-0.2138511950861513,14.66709583883312,positive,16050.0,10.40695848597406,15700.0,-8.294794252567353,92,68,0.7391304347826086
2023-04-10,True,,202304W2,2,15876.17,15870.0,15856.117317441234,11.298962748208838,-0.0002562297830011,-0.1583117910403542,20.05268255876581,positive,16000.0,19.95721106845121,15700.0,-11.401261083343147,92,69,0.75
2023-04-11,True,,202304W2,1,15913.88,15932.0,15923.086442057378,12.10798608007351,-0.0001153497100123,-0.1471917371825573,-9.206442057378808,positive,16000.0,44.0704324039059,15900.0,-23.3311449526692,94,61,0.648936170212766
2023-04-12,True,,202304,7,15932.97,15926.0,15822.7731993498,30.415490891941342,0.0612711804735501,-0.3938679508700797,110.1968006501993,positive,16100.0,12.56674332449443,15500.0,-8.1531382266052,134,96,0.7164179104477612
2023-04-13,True,,202304,6,15804.76,15816.0,15810.74270720085,3.1500221693500654,-0.016818890343553,-0.491010674245288,-5.9827072008502,positive,16000.0,18.43162761101784,15500.0,-14.484164650172382,134,115,0.8582089552238806
2023-04-14,True,,202304,5,15929.43,15949.0,15910.434910845024,35.395776612749174,0.0219421505286983,-0.4753535091778993,18.995089154976085,positive,16100.0,37.31863173432264,15800.0,-15.586410494091773,134,116,0.8656716417910447
2023-04-17,True,,202304,2,15963.55,15972.5,15908.335049932848,94.48408181946408,0.0563485359429398,-0.2888215223328201,55.21495006715122,positive,16100.0,44.74438701141779,15800.0,-18.67538038446428,134,95,0.7089552238805971
2023-04-18,True,,202304,1,15869.44,15890.5,15895.154338537925,-9.828640288960033,-0.0082868185333946,-0.2007638484330949,-25.71433853792405,negative,16000.0,48.73245129608236,15850.0,-38.21820116418078,134,101,0.753731343283582
2023-04-19,True,,202304W4,7,15770.47,15790.0,15778.933880103636,1.6963705220750052,-0.005587856031033,-0.1625502132165202,-8.463880103636257,positive,16000.0,3.987107225868051,15600.0,-4.269069022810634,92,76,0.8260869565217391
2023-04-20,True,,202304W4,6,15707.52,15739.0,15713.828035331528,8.667126817813246,-0.0012134155201746,-0.3176464343709584,-6.308035331527208,positive,16000.0,12.984691433672104,15600.0,-9.08098793043252,94,75,0.7978723404255319
2023-04-21,True,,202304W4,5,15602.99,15622.0,15648.043985128805,-15.424449316069255,-0.0400726459896553,-0.3072306221624761,-45.053985128804925,negative,15800.0,11.155320962316177,15600.0,-12.030330184964896,96,78,0.8125
2023-04-24,True,,202304W4,2,15626.87,15615.0,15648.437363862478,-35.50115780776299,-0.0371304801095433,-0.2202995768290072,-21.567363862477578,negative,15750.0,17.511128763337904,15600.0,-24.76109175309226,100,79,0.79
2023-04-25,True,,202304W4,1,15370.73,15381.0,15430.320803351931,-40.83759442596699,-0.0177866563149683,-0.1334159028102631,-59.59080335193176,negative,15500.0,8.346139371092503,15300.0,-23.29904774912314,100,78,0.78
2023-04-26,True,,202305W1,7,15374.63,15377.0,15342.209419679377,5.028682198097057,0.000507511050098,-0.1705145131027093,32.42058032062232,positive,15600.0,4.226979969145124,15200.0,-3.8355389449117214,104,84,0.8076923076923077
2023-04-27,True,,202305W1,6,15411.49,15428.0,15384.904405885758,14.908794243721625,0.008453418540152,-0.2643203983757121,26.58559411424176,positive,15600.0,12.625960583736315,15200.0,-6.950379459098909,104,77,0.7403846153846154
2023-04-28,True,,202305W1,5,15579.18,15571.0,15518.606943281511,30.368359904897723,0.0223631321723711,-0.289157150204184,60.57305671848917,positive,15600.0,17.706508636036624,15400.0,-8.03476295205289,104,76,0.7307692307692307
2023-05-02,True,,202305W1,1,15636.48,15631.0,15610.528028622572,29.144401347117245,0.0022340754103779,-0.1350333845327322,25.95197137742616,positive,15700.0,43.04072999276421,15550.0,-18.21907825724705,104,70,0.6730769230769231
2023-05-03,True,,202305W2,7,15553.41,15546.0,15521.136234456317,2.826288240050417,-0.0033809851392645,-0.1363148357281482,32.27376554368493,positive,15900.0,3.49760245718286,15400.0,-2.5214540681329725,96,70,0.7291666666666666
2023-05-04,True,,202305W2,6,15609.03,15610.0,15567.698430452469,13.506645001046143,0.0097326125864881,-0.2738755393714208,41.331569547533945,positive,15800.0,10.234985638232374,15400.0,-5.090934153034426,96,70,0.7291666666666666
2023-05-05,True,,202305W2,5,15626.07,15639.0,15603.296725103512,21.50743919518452,0.0151496210500328,-0.2996457686311789,22.773274896486328,positive,15800.0,15.229787984576236,15400.0,-12.16871260021049,96,67,0.6979166666666666
2023-05-08,True,,202305W2,2,15699.57,15715.0,15679.285114385482,39.879233687754926,0.0151433267933879,-0.2119616820529128,20.284885614517407,positive,15800.0,35.08267178208404,15500.0,-11.19849600616587,96,66,0.6875
2023-05-09,True,,202305W2,1,15727.7,15725.0,15699.834631635124,55.59410836779668,0.0144423342948889,-0.1383448851979096,27.865368364877213,positive,15800.0,62.4102984876726,15650.0,-23.9894726237883,98,65,0.6632653061224489
2023-05-10,True,,202305,7,15641.76,15610.0,15591.050170346833,7.68192910833975,-0.0046571844024486,-0.4253067868019016,50.70982965316762,positive,15800.0,18.684913593198186,15400.0,-7.734515877718468,134,111,0.8283582089552238
2023-05-11,True,,202305,6,15514.64,15518.0,15571.004191937904,-37.74952662410194,-0.0970616051954299,-0.5155271033144921,-56.36419193790607,negative,15800.0,16.42087744004424,15400.0,-19.20356676619761,134,98,0.7313432835820896
2023-05-12,True,,202305,5,15502.36,15507.0,15542.001375377677,-37.33175137120026,-0.0717024246763545,-0.4982015181040433,-39.641375377674194,negative,15600.0,18.97491432248623,15400.0,-28.441270450533946,136,109,0.8014705882352942
2023-05-15,True,,202305,2,15475.05,15509.5,15516.282296474385,-10.845668411841356,-0.0194053143061826,-0.3102791189716931,-41.23229647438348,negative,15600.0,38.647811662166575,15400.0,-36.32466597363487,136,97,0.7132352941176471
2023-05-16,True,,202305,1,15673.9,15691.5,15670.834963879706,42.26419128621133,0.0039266895205456,-0.1974221123144916,3.065036120293371,positive,15800.0,44.04326625561779,15600.0,-22.05111520809932,136,92,0.6764705882352942
2023-05-17,True,,202305W4,7,15925.29,15942.0,15936.649672514091,0.7849648813443403,-0.0041527956607905,-0.2416478393460369,-11.359672514090562,positive,16100.0,4.644006867935962,15850.0,-3.7864058993747145,96,73,0.7604166666666666
2023-05-18,True,,202305W4,6,16101.88,16144.0,16112.057075561455,9.252047510690051,0.0083065727092169,-0.3851380165623911,-10.17707556145615,positive,16400.0,11.45350247684035,15900.0,-7.791393591788775,104,82,0.7884615384615384
2023-05-19,True,,202305W4,5,16174.92,16197.0,16144.9259020629,26.622661114677346,0.0279832766422595,-0.4334344137971009,29.994097937100378,positive,16300.0,21.043098927306023,16000.0,-9.202948747737995,112,92,0.8214285714285714
2023-05-22,True,,202305W4,2,16180.89,16184.0,16161.0584838876,23.70093986937463,0.0118792614775389,-0.2515890620642079,19.831516112399186,positive,16300.0,31.45886919705665,16000.0,-15.8239852631763,114,90,0.7894736842105263
2023-05-23,True,,202305W4,1,16188.03,16194.0,16168.489812973829,41.99659929749731,0.0100776635190216,-0.1693574443408071,19.54018702617396,positive,16300.0,44.70518258719118,16100.0,-25.59304433777136,114,85,0.7456140350877193
2023-05-24,True,,202305W5,7,16159.32,16137.0,16126.49675457942,2.1700806107701576,-0.0002679277872399,-0.192980220894906,32.82324542058086,positive,16400.0,6.332694521459537,15900.0,-5.638442272469142,108,82,0.7592592592592593
2023-05-25,True,,202305W5,6,16292.0,16279.0,16206.358581680386,27.818760364980683,0.0399596224338025,-0.3772385579666593,85.64141831961388,positive,16400.0,19.87400721169826,16000.0,-9.5076630682816,108,84,0.7777777777777778
2023-05-26,True,,202305W5,5,16505.05,16508.0,16403.19318619899,50.50078057237172,0.0675959907694313,-0.4308329012223059,101.85681380100868,positive,16600.0,22.77992193552255,16200.0,-7.138441212461405,112,91,0.8125
2023-05-29,True,,202305W5,2,16636.3,16653.0,16560.433141532583,69.98214805082166,0.0519240667819365,-0.2800642588597537,75.86685846741602,positive,16800.0,25.61660730506248,16500.0,-13.995745957929538,120,87,0.725
2023-05-30,True,,202305W5,1,16622.74,16643.0,16602.52708368359,58.26277642717846,0.0200997185493179,-0.1916158619827867,20.212916316409974,positive,16700.0,31.45294290216164,16500.0,-19.71519312013169,124,83,0.6693548387096774
2023-05-31,True,,202306W1,7,16578.96,16550.0,16503.317748864018,5.9945372501098415,0.0070733679768035,-0.2311257226787915,75.6422511359815,positive,16650.0,5.925219377627099,16300.0,-3.789758211657576,106,84,0.7924528301886793
2023-06-01,True,,202306W1,6,16512.65,16531.0,16520.022248634163,3.6307094826067177,0.0016071876662396,-0.3764190570440892,-7.372248634161224,positive,16700.0,11.898110179903908,16300.0,-7.703219999717629,106,84,0.7924528301886793
2023-06-02,True,,202306W1,5,16706.91,16768.0,16694.140714108238,34.16954876079373,0.0517602272398655,-0.41665874998157,12.769285891761683,positive,16900.0,15.790535615528642,16550.0,-8.878326527249039,106,87,0.8207547169811321
2023-06-05,True,,202306W1,2,16714.43,16719.0,16711.25189153997,8.148908744725716,0.0012351501436608,-0.2699969662311207,3.1781084600297618,positive,16900.0,22.234125596493367,16600.0,-21.695430229679683,110,84,0.7636363636363637
2023-06-06,True,,202306W1,1,16761.66,16774.5,16747.991217088373,44.35587946626589,0.0093012960950404,-0.1892689763407246,13.668782911627204,positive,16850.0,35.12003103375826,16600.0,-20.09067663710101,110,69,0.6272727272727273
2023-06-07,True,,202306W2,7,16922.48,16914.0,16827.90073101695,12.489945374934525,0.0267401444394202,-0.1938721856107846,94.57926898304868,positive,16950.0,7.448843840037528,16700.0,-3.603569269561403,102,79,0.7745098039215687
2023-06-08,True,,202306W2,6,16733.69,16746.0,16741.27540847351,1.7987400341375004,-0.0055781894656208,-0.3511185771072039,-7.585408473511052,positive,17000.0,11.313204738736138,16600.0,-11.04407684003198,108,84,0.7777777777777778
2023-06-09,True,,202306W2,5,16886.4,16906.0,16847.73888159101,34.118365722456055,0.040388358082966,-0.3912980239766933,38.66111840899248,positive,17000.0,21.182467322319063,16700.0,-10.94883061331995,108,74,0.6851851851851852
2023-06-12,True,,202306W2,2,16955.37,16966.0,16926.025918741885,41.89436926935824,0.0221316015535958,-0.2571447841720598,29.344081258113874,positive,17100.0,28.260405271053223,16800.0,-17.423970778907364,108,86,0.7962962962962963
2023-06-13,True,,202306W2,1,17216.6,17240.0,17162.477575607285,64.29037958980713,0.0191288270102908,-0.1653401080860962,54.12242439271358,positive,17300.0,47.16910653904008,17100.0,-12.32034853000086,110,74,0.6727272727272727
2023-06-14,True,,202306,7,17238.14,17199.0,16927.78061850648,52.20329861299821,0.1297899169439804,-0.5605842794046352,310.3593814935193,positive,17300.0,12.166677281720442,16850.0,-3.775763600224856,200,174,0.87
2023-06-15,True,,202306,6,17334.98,17337.0,17130.230975212307,75.37454966401435,0.1590540487932016,-0.644910065611464,204.7490247876921,positive,17300.0,21.075666765736507,17000.0,-5.555710333602279,204,166,0.8137254901960784
2023-06-16,True,,202306,5,17288.91,17269.0,17183.362172514182,57.30568312954395,0.0709086744076119,-0.6384029848535372,105.54782748581783,positive,17300.0,25.67348667593852,17100.0,-10.714707444647791,208,178,0.8557692307692307
2023-06-19,True,,202306,2,17274.56,17254.0,17217.458083140285,48.20516724769081,0.0231712715149196,-0.3730892433541097,57.10191685971586,positive,17300.0,40.12123332786475,17100.0,-24.443967415581323,208,137,0.6586538461538461
2023-06-20,True,,202306,1,17184.91,17189.0,17184.486331828844,11.158169504776268,0.0001146196053428,-0.225942523498589,0.4236681711554411,positive,17300.0,63.22934319916975,17100.0,-57.13750341014175,208,169,0.8125
2023-06-21,True,,202306W4,7,17202.4,17172.0,17246.06390672737,-12.851172305957055,-0.0356270861011832,-0.191495305128976,-43.66390672736816,negative,17500.0,4.296454238788087,17000.0,-6.441258845544163,100,87,0.87
2023-06-26,True,,202306W4,2,17059.24,17052.0,17092.77939368157,-38.13116761522128,-0.0334578305320382,-0.1770094532851498,-33.53939368156716,negative,17200.0,20.619544867118844,16900.0,-20.823029485228883,100,86,0.86
2023-06-27,True,,202306W4,1,16887.9,16929.5,16971.86429932265,-63.72989888162217,-0.0245763206367485,-0.1563133785235629,-83.964299322648,negative,17050.0,20.09245441317552,16900.0,-36.09898161116298,106,78,0.7358490566037735
2023-06-28,True,,202307W1,7,16935.63,16803.0,16850.23594952482,-6.7983028966900205,-0.0228502760493311,-0.1767006692422002,85.39405047518085,negative,17000.0,3.5941171967549623,16400.0,-5.574758347436786,106,76,0.7169811320754716
2023-06-29,True,,202307W1,6,16942.3,16797.0,16859.25669879057,-23.64897310513204,-0.0550159199475947,-0.3975587382331662,83.04330120942905,negative,17100.0,10.072148198105369,16600.0,-13.060092455781618,106,72,0.6792452830188679
2023-06-30,True,,202307W1,5,16915.54,16837.0,16837.61221107512,-0.4098568617760623,-0.0156281776848578,-0.4055591052910133,77.92778892488059,negative,17000.0,15.539971412947404,16600.0,-15.276840273790226,106,80,0.7547169811320755
2023-07-03,True,,202307W1,2,17084.2,17085.0,17030.449761487806,47.76358363486718,0.021844289325484,-0.2727609092136118,53.75023851219521,positive,17100.0,28.553850499881964,16900.0,-12.284786149393192,106,82,0.7735849056603774
2023-07-04,True,,202307W1,1,17140.77,17152.5,17101.788954735595,94.3350244226415,0.019612995769075,-0.1568838870270673,38.98104526440511,positive,17200.0,66.90667458598132,17050.0,-16.458242871675107,106,67,0.6320754716981132
2023-07-05,True,,202307W2,7,17056.43,17029.0,17037.244676528833,-1.4242907632659074,-0.0083493603932593,-0.180573501380757,19.185323471167067,negative,17300.0,4.199210049133964,16800.0,-4.868711901133028,104,75,0.7211538461538461
2023-07-06,True,,202307W2,6,16762.17,16712.0,16783.788011837965,-24.783711988584088,-0.0617527656405735,-0.3700063653978104,-21.61801183796706,negative,17000.0,7.394059772496668,16700.0,-14.188867183663351,104,70,0.6730769230769231
2023-07-07,True,,202307W2,5,16664.21,16660.0,16708.763463347543,-25.39028845731934,-0.0569760569780332,-0.4331571590862607,-44.553463347543584,negative,16900.0,11.304289379789603,16500.0,-17.464945054294628,108,83,0.7685185185185185
2023-07-10,True,,202307W2,2,16652.8,16578.0,16692.787667154706,-86.98398739160956,-0.0871620751942403,-0.2754401684471622,-39.98766715470629,negative,16800.0,9.216874399823894,16500.0,-28.774870865029044,112,73,0.6517857142857143
2023-07-11,True,,202307W2,1,16898.91,16898.5,16893.44853355641,7.067876692513235,-0.0109640208689089,-0.1903183159082428,5.461466443590325,positive,17000.0,35.886176477323886,16800.0,-20.883183182239577,112,86,0.7678571428571429
2023-07-12,True,,202307,7,16962.03,16927.0,16862.225384939553,16.948670889022758,0.0192453819834774,-0.5006897883454378,99.80461506044594,positive,17200.0,10.237257872709424,16600.0,-6.813092305211663,172,121,0.7034883720930233
2023-07-13,True,,202307,6,17061.4,17086.0,17083.409908773883,1.136904852795285,-0.02726758564389,-0.6894311916969676,-22.00990877388176,positive,17300.0,15.066060965658329,16900.0,-8.926739399197391,172,139,0.8081395348837209
2023-07-14,True,,202307,5,17283.71,17292.0,17200.060007497825,53.55966467670927,0.0602514746951361,-0.6167271595668806,83.64999250217443,positive,17500.0,20.98182976409205,17000.0,-11.364681645568895,172,118,0.686046511627907
2023-07-17,True,,202307,2,17334.29,17290.0,17235.607288812123,59.33163834430072,0.0291479433720306,-0.3597433512976066,98.68271118787744,positive,17500.0,28.182460118746,17150.0,-13.126249769515056,174,145,0.8333333333333334
2023-07-18,True,,202307,1,17227.91,17222.0,17197.0484106906,42.2563129453671,0.0062093568119528,-0.2363182639296635,30.86158930939928,positive,17300.0,41.7973935656434,17100.0,-25.617716986881494,176,111,0.6306818181818182
2023-07-19,True,,202307W4,7,17116.44,17117.0,17116.35727369883,0.0748207821728514,-0.010333716338789,-0.1953702197389783,0.0827263011669856,positive,17500.0,3.6407748870902097,17000.0,-3.8997037245875847,110,83,0.7545454545454545
2023-07-20,True,,202307W4,6,17164.89,17169.0,17148.768045142304,6.367077430005451,-0.0076071140975022,-0.3734301405922632,16.121954857695528,positive,17400.0,12.740236636077585,17000.0,-8.504122078736557,110,85,0.7727272727272727
2023-07-21,True,,202307W4,5,17030.7,16990.0,16999.370535588027,-5.019982863422488,-0.0210247825316723,-0.4293772859417069,31.329464411974183,negative,17200.0,14.54538828762126,16800.0,-12.25455230048907,110,87,0.7909090909090909
2023-07-24,True,,202307W4,2,17033.61,17022.0,17009.217717141706,11.392929949460404,0.0013621443103416,-0.2686116792753017,24.392282858294493,positive,17200.0,22.18454458475876,16850.0,-15.742394389509643,110,79,0.7181818181818181
2023-07-25,True,,202307W4,1,17198.89,17223.5,17177.383176052484,57.60745813430966,0.0172504613521485,-0.1730656288975149,21.50682394751493,positive,17300.0,31.30019829851128,17100.0,-15.609929884381096,110,75,0.6818181818181818
2023-07-26,True,,202308W1,7,17162.55,17128.0,17122.045904732367,0.7714245644773953,-0.0062768810146796,-0.1877892217447648,40.50409526763178,positive,17400.0,4.176199133051785,16900.0,-3.5303953171244173,100,72,0.72
2023-07-27,True,,202308W1,6,17241.82,17255.0,17214.911345259126,14.102120388452065,0.0123359432246529,-0.3422456709086585,26.90865474087332,positive,17400.0,13.466753691882198,17000.0,-8.226306978272211,100,79,0.79
2023-07-28,True,,202308W1,5,17292.93,17293.0,17239.66908399528,34.161115610029285,0.0280447337821477,-0.4040459702239893,53.260916004721366,positive,17400.0,23.650867009548847,17000.0,-12.77542969523876,102,80,0.7843137254901961
2023-07-31,True,,202308W1,2,17145.43,17127.0,17160.377197272715,-27.37311344659948,-0.0360440619201275,-0.2727471753803979,-14.94719727271513,negative,17300.0,13.80959778143741,17000.0,-23.45958017681942,104,80,0.7692307692307693
2023-08-01,True,,202308W1,1,17212.87,17194.5,17185.16685187807,15.37495149820962,-0.0032444084627445,-0.1936533626964332,27.70314812192737,positive,17300.0,41.90363842925417,17000.0,-22.16118020689006,104,81,0.7788461538461539
2023-08-02,True,,202308W2,7,16893.73,16816.0,16942.632833470794,-12.951458502515454,-0.0493600127098286,-0.2099027864301077,-48.902833470794576,negative,17200.0,2.339548094319768,16800.0,-5.119980061173755,100,77,0.77
2023-08-04,True,,202308W2,5,16843.68,16831.0,16820.503547683984,3.62991382804724,-0.0078574172415168,-0.3495973978410506,23.176452316016366,positive,17000.0,9.956279954049675,16600.0,-9.227174020265425,108,85,0.7870370370370371
2023-08-07,True,,202308W2,2,16996.0,17003.0,16981.147566644915,14.144352318206987,0.000748936810599,-0.2503469651773136,14.85243335508494,positive,17100.0,19.708104292493992,16800.0,-14.62043062234092,112,85,0.7589285714285714
2023-08-08,True,,202308W2,1,16877.07,16866.0,16886.07400000404,-23.35114730890169,-0.018689803232568,-0.1921251659922304,-9.004000004038971,negative,17000.0,22.233263680873627,16700.0,-21.99333880183461,112,85,0.7589285714285714
2023-08-09,True,,202308,7,16870.94,16853.0,16877.36035330429,-6.540825058161841,-0.0415668002441698,-0.5139899893405394,-6.420353304292803,negative,17100.0,7.278284220730105,16800.0,-9.757717607320574,160,121,0.75625
2023-08-10,True,,202308,6,16634.7,16655.0,16689.724882239654,-13.95146979852583,-0.0612901530268038,-0.6640449831669523,-55.02488223965338,negative,17000.0,13.791445429700945,16500.0,-17.99605825358095,160,128,0.8
2023-08-11,True,,202308,5,16601.25,16626.0,16691.905872825628,-43.24036588424017,-0.1151741736938105,-0.582060679085885,-90.65587282562774,negative,16900.0,10.430944948910971,16500.0,-24.54127858103296,164,120,0.7317073170731707
2023-08-14,True,,202308,2,16393.66,16377.0,16463.13830897781,-57.860370573319656,-0.0616178407231986,-0.3564247131649093,-69.47830897781023,negative,16600.0,10.837658426349636,16300.0,-23.870538563335227,164,126,0.7682926829268293
2023-08-15,True,,202308,1,16454.8,16422.0,16487.651029758992,-88.64550613869265,-0.0449578924331894,-0.2171387887711625,-32.85102975899281,negative,16600.0,20.147682759237707,16400.0,-31.896931410196405,168,129,0.7678571428571429
2023-08-16,True,,202308W4,7,16446.78,16410.0,16316.19016212275,10.043922016073696,0.0202147973537398,-0.1975313227204912,130.589837877249,positive,16600.0,4.00573194094761,16300.0,-2.7187190818248035,110,81,0.7363636363636363
2023-08-17,True,,202308W4,6,16516.66,16488.0,16456.133764293074,10.370852893383988,0.0110793308040497,-0.3922037169461023,60.526235706925945,positive,16800.0,11.473585097542257,16300.0,-7.751396037164356,110,83,0.7545454545454545
2023-08-18,True,,202308W4,5,16381.31,16388.0,16405.161937264158,-7.637616137969574,-0.0313715995348734,-0.4484793485999027,-23.85193726415855,negative,16600.0,8.51783344096587,16200.0,-12.575195605408204,110,81,0.7363636363636363
2023-08-21,True,,202308W4,2,16381.49,16377.0,16389.595748344313,-9.990108831471598,-0.0193025663941891,-0.2862783571059691,-8.105748344312815,negative,16500.0,14.761294925470764,16200.0,-16.269529714425754,110,83,0.7545454545454545
2023-08-22,True,,202308W4,1,16437.61,16432.5,16429.523082639815,4.032641527031159,-0.0058278415107035,-0.174731629759356,8.086917360185907,positive,16600.0,25.07132890105332,16300.0,-24.51554395937134,110,76,0.6909090909090909
2023-08-23,True,,202308W5,7,16576.9,16573.0,16569.56894455871,0.3975410296984757,-0.0113000892538655,-0.2124828038761383,7.331055441292847,positive,16700.0,3.3796134251157124,16300.0,-3.5986954220090897,94,74,0.7872340425531915
2023-08-24,True,,202308W5,6,16770.87,16776.0,16705.651607902706,24.169789625379824,0.034332474865494,-0.3620484639809306,65.21839209729296,positive,16950.0,12.712013735905684,16500.0,-6.53766407264238,98,72,0.7346938775510204
2023-08-25,True,,202308W5,5,16481.58,16449.0,16506.212985819664,-28.679378571065005,-0.0591849537219391,-0.4631427968262201,-24.63298581966228,negative,16850.0,13.322361219390949,16400.0,-19.2259325819208,106,75,0.7075471698113207
2023-08-28,True,,202308W5,2,16509.26,16509.0,16531.454904910737,-21.759650467156657,-0.026464411033649,-0.2747364847054502,-22.19490491073884,negative,16600.0,12.84879447729526,16400.0,-21.65089478490813,106,81,0.7641509433962265
2023-08-29,True,,202308W5,1,16623.65,16642.5,16580.93314349519,97.97277410380278,0.0353547238889344,-0.164931773053311,42.71685650481231,positive,16750.0,33.74012964143355,16500.0,-12.634220119350926,106,69,0.6509433962264151
2023-08-30,True,,202309W1,7,16719.82,16735.0,16727.96693177339,1.189642524486405,-0.0064640628561624,-0.1719358319516038,-8.146931773389952,positive,16900.0,4.913391874245164,16600.0,-4.819006426568032,106,75,0.7075471698113207
2023-08-31,True,,202309W1,6,16634.51,16650.0,16651.968440127086,-0.7117826142833719,-0.0080682394757876,-0.3155304711853984,-17.45844012708767,negative,16900.0,10.840627913201264,16600.0,-8.981212085613464,106,78,0.7358490566037735
2023-09-01,True,,202309W1,5,16644.94,16666.0,16699.732476162008,-20.098250523239752,-0.0473736656329463,-0.3333892157756896,-54.792476162008825,negative,16900.0,13.977032782313078,16600.0,-16.381772114063317,106,78,0.7358490566037735
2023-09-04,True,,202309W1,2,16789.69,16794.0,16752.16986691156,46.19634860501857,0.0227504070346588,-0.2217499910825595,37.52013308843743,positive,16900.0,34.03351197987562,16600.0,-17.61724525438029,106,69,0.6509433962264151
2023-09-05,True,,202309W1,1,16791.61,16775.0,16750.524349327436,46.79905863389143,0.0118556822810834,-0.1482076449837363,41.08565067256495,positive,16900.0,40.828110033671415,16650.0,-23.405281523485733,106,67,0.6320754716981132
2023-09-06,True,,202309W2,7,16738.16,16726.0,16772.469188011648,-8.15966781934099,-0.0276080089256233,-0.180625893684495,-34.309188011648075,negative,17000.0,4.191989693433275,16500.0,-5.750625244482023,98,68,0.6938775510204082
2023-09-07,True,,202309W2,6,16619.14,16583.0,16639.66592373921,-22.662307310882365,-0.0578048354493706,-0.3472847393139156,-20.525923739209247,negative,16800.0,8.911228680592815,16400.0,-13.827211149896124,98,73,0.7448979591836735
2023-09-08,True,,202309W2,5,16576.02,16580.0,16618.118099062605,-27.60647324178807,-0.0521947572021739,-0.3761348792278345,-42.09809906260489,negative,16800.0,15.216654899362918,16400.0,-22.947825204631297,98,70,0.7142857142857143
2023-09-11,True,,202309W2,2,16432.95,16451.0,16498.915311886318,-44.08722957864019,-0.0354917694717432,-0.2668767889555868,-65.96531188631707,negative,16600.0,19.76071832632874,16400.0,-32.96845215079388,98,74,0.7551020408163265
2023-09-12,True,,202309W2,1,16572.71,16572.0,16559.072407801,22.6404476651602,0.0046038665679309,-0.1741580671966049,13.63759219900021,positive,16600.0,37.9484299061009,16500.0,-28.10847362301771,106,78,0.7358490566037735
2023-09-13,True,,202309,7,16581.51,16578.0,16584.704741375932,-2.7234247436410954,-0.0352212002298275,-0.5221980468888803,-3.1947413759335177,negative,16800.0,11.081129181629588,16300.0,-11.060935809708129,190,150,0.7894736842105263
2023-09-14,True,,202309,6,16807.56,16839.0,16750.065128333805,47.160931447251,0.050795599745964,-0.6629040154407395,57.49487166619656,positive,17000.0,27.825918794444927,16500.0,-9.404216447913496,190,155,0.8157894736842105
2023-09-15,True,,202309,5,16920.92,16903.0,16809.409171323372,75.92551372034961,0.0816110140932496,-0.5672911263449673,111.51082867662626,positive,17000.0,37.70624557454035,16700.0,-10.941426222902946,190,136,0.7157894736842105
2023-09-18,True,,202309,2,16698.24,16710.0,13396.087756308963,9.428871680826902,-0.0016984797365379,-0.3894129669311976,3302.152243691038,positive,16800.0,34.743609765467575,16600.0,-27.29949774187006,192,166,0.8645833333333334
2023-09-19,True,,202309,1,16636.32,16607.0,16636.94295887246,-53.22027195511672,-0.0244714036642601,-0.2271729977385761,-0.6229588724600035,negative,16750.0,24.073407150077124,16600.0,-35.39952913809316,192,155,0.8072916666666666
2023-09-20,True,,202309W4,7,16534.75,16557.0,16564.401760014778,-1.1257220667070251,-0.0086072133129885,-0.2150471879304459,-29.65176001477812,negative,16800.0,4.648418638012389,16300.0,-4.983048488110122,104,74,0.7115384615384616
2023-09-21,True,,202309W4,6,16316.67,16308.0,16342.93723223716,-11.4529662415901,-0.0326581214997923,-0.4024821131185438,-26.267232237159988,negative,16700.0,6.501792146645682,16200.0,-9.735385741173497,108,71,0.6574074074074074
2023-09-22,True,,202309W4,5,16344.48,16340.0,16338.5569106412,0.791579695129907,-0.0159519371610297,-0.4463982871976808,5.923089358801008,positive,16600.0,12.153529945425186,16200.0,-13.933187311666236,116,90,0.7758620689655172
2023-09-25,True,,202309W4,2,16452.23,16449.0,16443.359590699798,6.189872248686696,-0.0043628297050637,-0.260855906748283,8.870409300201572,positive,16600.0,24.558847122843595,16300.0,-22.138064225290133,116,77,0.6637931034482759
2023-09-26,True,,202309W4,1,16276.07,16305.0,16330.288361999998,-38.94910864233871,-0.0268014485835517,-0.1886022879305855,-54.2183619999978,negative,16350.0,31.138080879835275,16250.0,-35.56672734993194,116,90,0.7758620689655172
2023-09-27,True,,202310W1,7,16310.36,16304.0,16291.064298987982,2.0124855318187853,-0.0039244941997507,-0.1925637757719939,19.29570101201898,positive,16500.0,3.6444689952975424,16200.0,-4.04715706028596,102,82,0.803921568627451
2023-09-28,True,,202310W1,6,16353.74,16360.0,16324.479975445907,14.91837852741321,0.0099367112306211,-0.3233041541415815,29.260024554092524,positive,16550.0,11.550974951890147,16200.0,-9.396035757073008,102,86,0.8431372549019608
2023-10-02,True,,202310W1,2,16557.31,16547.0,16525.898472216442,23.08649920532148,0.0067484036222814,-0.2179904717272592,31.411527783558995,positive,16600.0,29.348405722687044,16400.0,-21.28218474427189,102,83,0.8137254901960784
2023-10-03,True,,202310W1,1,16454.34,16419.5,16448.518430972756,-49.619144780658445,-0.020711396037463,-0.1621725757472884,5.82156902724455,negative,16500.0,32.139973928347494,16400.0,-48.0933690829693,102,72,0.7058823529411765
2023-10-04,True,,202310W2,7,16273.38,16243.0,16259.535023198074,-1.791718515772843,-0.0110695314215557,-0.1731108569253397,13.84497680192544,negative,16450.0,2.624880231966034,16000.0,-2.829850085882524,102,79,0.7745098039215687
2023-10-05,True,,202310W2,6,16453.52,16449.0,16402.889604592423,20.25049203521712,0.0192350822712525,-0.3501206733326812,50.63039540757745,positive,16550.0,12.242310003087107,16250.0,-8.131619982455552,102,75,0.7352941176470589
2023-10-06,True,,202310W2,5,16520.57,16515.0,16452.561672302243,39.09350748438932,0.0402762511875738,-0.3384244680393224,68.00832769775661,positive,16600.0,18.86327510055748,16300.0,-11.107719854694643,102,80,0.7843137254901961
2023-10-11,True,,202310,7,16672.03,16715.0,16572.086678615382,46.14772054095955,0.0844770504362755,-0.4656035293827878,99.94332138461688,positive,16900.0,20.009199325944813,16500.0,-5.242398693146099,148,116,0.7837837837837838
2023-10-12,True,,202310,6,16825.91,16850.0,16720.80904959333,72.45076557444966,0.106212679843538,-0.5735486247689068,105.10095040667149,positive,17000.0,37.62213366635268,16750.0,-8.883250406606434,152,128,0.8421052631578947
2023-10-13,True,,202310,5,16782.57,16772.0,16674.18266702894,87.1216601570422,0.1195590911595125,-0.6458586702682836,108.38733297105864,positive,17000.0,44.00844381070323,16600.0,-12.054580775113616,154,117,0.7597402597402597
2023-10-16,True,,202310,2,16652.24,16648.0,16629.503711918653,27.69670182213789,0.013772999265045,-0.3806311179906685,22.736288081348903,positive,16800.0,38.643405723437375,16600.0,-34.32025406001342,154,114,0.7402597402597403
2023-10-17,True,,202310,1,16642.55,16651.5,16647.29223933225,10.68484261298435,-0.0082298978871027,-0.2001900073170682,-4.742239332252211,positive,16700.0,45.98638837335464,16600.0,-40.92392071291875,154,120,0.7792207792207793
2023-10-18,True,,202310W4,7,16440.91,16459.0,16503.0317985991,-6.428516457574057,-0.026847548232871,-0.2501948080275021,-62.12179859909884,negative,16700.0,5.105510297026745,16300.0,-4.229982288904595,104,73,0.7019230769230769
2023-10-19,True,,202310W4,6,16452.73,16449.0,16429.432333316916,6.127031938253312,-0.0086728555385482,-0.3955438461407696,23.297666683083666,positive,16700.0,9.378761474758576,16200.0,-8.717119062766674,108,76,0.7037037037037037
2023-10-20,True,,202310W4,5,16440.72,16403.0,16417.533767678233,-7.627985260931612,-0.0395249816342051,-0.4219404760737425,23.18623232176833,negative,16600.0,13.549915028446453,16200.0,-15.870264699801693,108,79,0.7314814814814815
2023-10-23,True,,202310W4,2,16251.36,16250.0,16313.136448349878,-50.52011111426778,-0.0550890613106743,-0.2696536236505699,-61.77644834987768,negative,16400.0,13.90015365519926,16200.0,-26.599948303773424,108,81,0.75
2023-10-24,True,,202310W4,1,16309.76,16322.5,16324.93718746235,-3.847471194283613,-0.0070385722778197,-0.1853794622380962,-15.177187462350048,negative,16400.0,29.165228398615227,16200.0,-31.234450937738305,112,83,0.7410714285714286
2023-10-25,True,,202311W1,7,16358.89,16348.0,16377.167157242244,-4.713682884767816,-0.0268275763085852,-0.212963647292339,-18.27715724224436,negative,16600.0,3.712538540753382,16200.0,-4.600442824078366,104,72,0.6923076923076923
2023-10-26,True,,202311W1,6,16073.74,16063.0,16108.221585141506,-12.56243640675569,-0.0560351051924621,-0.3983937306613181,-34.481585141506,negative,16400.0,7.817582589923038,16000.0,-8.23475023527661,104,75,0.7211538461538461
2023-10-27,True,,202311W1,5,16134.61,16142.0,16162.980062668808,-10.729218277798113,-0.0519445386427774,-0.4260565088209596,-28.370062668805986,negative,16400.0,13.00650062137546,16000.0,-13.131976930826555,112,80,0.7142857142857143
2023-10-30,True,,202311W1,2,16149.68,16151.0,16119.832220356408,31.993732626714404,0.0136884109631977,-0.2601920839674827,29.84777964359273,positive,16300.0,25.755790569310204,16000.0,-20.59883343489217,112,81,0.7232142857142857
2023-10-31,True,,202311W1,1,16001.27,15989.5,16020.878638798857,-40.67664030684709,-0.0191189155761858,-0.1637416225087793,-19.60863879885437,negative,16150.0,18.144550292994023,15900.0,-28.439263106126194,112,61,0.5446428571428571
2023-11-01,True,,202311W2,7,16038.56,16043.0,16016.11045124792,4.408371346830881,0.0028188214419383,-0.1933587071703111,22.449548752078044,positive,16400.0,4.411654695605626,15700.0,-5.824049441031684,100,75,0.75
2023-11-02,True,,202311W2,6,16396.95,16375.0,16288.444831650011,36.17148510539828,0.0560004659162716,-0.3999878616321656,108.5051683499878,positive,16500.0,17.619375560086432,16200.0,-6.361271946432333,100,78,0.78
2023-11-03,True,,202311W2,5,16507.65,16491.0,16394.66842074014,68.68116628029286,0.0746133858754119,-0.4518034004043051,112.98157925986015,positive,16600.0,36.46369716897617,16300.0,-13.307475106477956,104,76,0.7307692307692307
2023-11-06,True,,202311W2,2,16649.36,16648.0,16612.18521564901,30.60752917329133,0.0087524907153844,-0.3198140914526636,37.174784350991104,positive,16800.0,25.77635547140474,16550.0,-12.56106667973329,108,87,0.8055555555555556
2023-11-07,True,,202311W2,1,16684.95,16685.5,16643.346682369935,62.43861700296756,0.0140343284088503,-0.1824001782275027,41.60331763006616,positive,16800.0,38.77654444759627,16550.0,-17.1188126786227,114,74,0.6491228070175439
2023-11-08,True,,202311,7,16740.83,16753.0,16671.764467657107,32.81461307936012,0.0311517153583976,-0.5599688990315539,69.06553234289458,positive,16900.0,16.975995945251157,16350.0,-6.166875709895913,154,116,0.7532467532467533
2023-11-09,True,,202311,6,16745.65,16762.0,16678.639663541613,60.835037577364176,0.0770477280820219,-0.6516084225737503,67.01033645838834,positive,16900.0,42.8231158169314,16500.0,-9.517026566600135,154,117,0.7597402597402597
2023-11-10,True,,202311,5,16682.67,16735.0,16678.47425042059,58.270465932785285,0.0454055416065023,-0.5874735591763509,4.195749579408584,positive,16900.0,48.23920127637412,16500.0,-15.877026746745123,154,118,0.7662337662337663
2023-11-13,True,,202311,2,16839.29,16874.0,16789.61924844207,123.0091334299697,0.077223476008578,-0.4194629221322019,49.67075155792918,positive,16900.0,68.20906344862068,16750.0,-19.94900857401449,154,115,0.7467532467532467
2023-11-14,True,,202311,1,16915.71,16949.0,16873.36882443139,140.507461706765,0.048763062944451,-0.2832498985349495,42.3411755686102,positive,17000.0,63.5618779844068,16850.0,-22.55063766755863,156,129,0.8269230769230769
2023-11-15,True,,202311W4,7,17128.78,17162.0,17139.526173574024,3.585905586385904,0.0031875880419721,-0.243833239022201,-10.746173574025306,positive,17300.0,7.044187350708828,16900.0,-4.495269993044247,100,70,0.7
2023-11-16,True,,202311W4,6,17171.18,17184.0,17162.57744410352,10.243928469499528,0.0077817400320216,-0.4356808007239092,8.602555896479316,positive,17300.0,17.358746799993888,17000.0,-14.77671646960367,108,78,0.7222222222222222
2023-11-17,True,,202311W4,5,17208.95,17215.0,17212.004038225536,2.143685231645096,-0.0208808950785062,-0.4710560570168783,-3.054038225534896,positive,17350.0,21.532232992861985,17000.0,-27.90665292094881,110,82,0.7454545454545455
2023-11-20,True,,202311W4,2,17210.47,17199.0,17189.75082090644,12.041721054098543,0.00261086263753,-0.2954553650078999,20.71917909356125,positive,17350.0,30.321237463388147,17000.0,-31.43520771141613,112,81,0.7232142857142857
2023-11-21,True,,202311W4,1,17416.7,17407.0,17334.432420801404,101.73083115541267,0.0406786685801676,-0.1810216516553046,82.26757919859665,positive,17500.0,46.54761754259869,17250.0,-17.769113326371222,112,85,0.7589285714285714
2023-11-22,True,,202311W5,7,17310.26,17308.0,17248.987889043034,16.020556381850795,0.0310678667021519,-0.2247972779884371,61.27211095696475,positive,17500.0,11.77250805911801,17100.0,-6.06987395584072,112,87,0.7767857142857143
2023-11-23,True,,202311W5,6,17294.55,17318.0,17276.604172331507,29.09221024099984,0.0404446045445637,-0.3853945802336278,17.94582766849271,positive,17500.0,28.453725381279035,17050.0,-13.160759700949736,112,87,0.7767857142857143
2023-11-24,True,,202311W5,5,17287.42,17310.0,17283.679376379067,25.69373275029023,0.0269482799318455,-0.3921822369700509,3.740623620931729,positive,17500.0,30.04641917269165,17100.0,-16.83088314345438,112,91,0.8125
2023-11-27,True,,202311W5,2,17137.42,17173.0,17223.67956295535,-64.06499234673203,-0.0499743795071514,-0.2630288207796282,-86.2595629553507,negative,17300.0,21.90801152838337,17050.0,-29.25618570969089,112,76,0.6785714285714286
2023-11-28,True,,202311W5,1,17341.25,17358.5,17343.020038551673,42.68340809691921,0.0070303561885413,-0.1751741621660204,-1.7700385516727692,positive,17450.0,53.572318648404696,17200.0,-32.79535203576254,112,91,0.8125
2023-11-29,True,,202312W1,7,17370.56,17350.0,17321.986996856747,8.257545926566626,0.0110254401796581,-0.2358537235624782,48.57300314325403,positive,17600.0,9.561762164619218,17050.0,-8.875163038306864,104,70,0.6730769230769231
2023-11-30,True,,202312W1,6,17433.85,17399.0,17403.960434574066,-3.00452423339941,-0.0205322886866345,-0.422579205396815,29.88956542593224,negative,17600.0,21.855977524089983,17150.0,-19.04693050554178,104,72,0.6923076923076923
2023-12-01,True,,202312W1,5,17438.35,17425.0,17417.055602209453,7.320861436455594,-0.0086783324491822,-0.4556813868820056,21.29439779054519,positive,17600.0,34.54796033557612,17150.0,-21.342996307052484,106,77,0.7264150943396226
2023-12-04,True,,202312W1,2,17421.48,17430.0,17413.380780143543,27.075101738531373,0.0014511488505147,-0.2962409833628672,8.09921985645633,positive,17600.0,44.10133811537256,17200.0,-20.01956378874984,106,82,0.7735849056603774
2023-12-05,True,,202312W1,1,17328.01,17319.5,17331.734352290878,-28.44673074698385,-0.0156203836131345,-0.1867372723653108,-3.724352290879324,negative,17450.0,38.403427188350776,17200.0,-45.471826125117786,106,69,0.6509433962264151
2023-12-06,True,,202312W2,7,17360.72,17388.0,17326.225450456288,15.596458146594502,0.0283508910490013,-0.2101890450051608,34.49454954371322,positive,17650.0,8.247752963775293,17200.0,-4.303772950305764,100,69,0.69
2023-12-07,True,,202312W2,6,17278.74,17286.0,17308.92423294796,-11.799288014085684,-0.0290799752587337,-0.3624470829577115,-30.184232947958662,negative,17500.0,9.459629139527904,17100.0,-13.1871252102547,100,72,0.72
2023-12-08,True,,202312W2,5,17383.99,17382.0,17401.40697573947,-16.595820397532126,-0.0398075722130246,-0.4259814626153558,-17.416975739470217,negative,17600.0,17.70682544154022,17250.0,-20.5843967647833,100,73,0.73
2023-12-11,True,,202312W2,2,17418.34,17428.0,17408.53159744958,27.96976516253418,0.0075095488336208,-0.2741242197533162,9.808402550421306,positive,17500.0,32.45740683018923,17250.0,-23.80538762953012,100,74,0.74
2023-12-12,True,,202312W2,1,17450.63,17471.5,17432.418661258274,87.25773143649552,0.0267395764326913,-0.1891562359705308,18.21133874172665,positive,17600.0,45.35542380943669,17300.0,-28.73368762266766,100,74,0.74
2023-12-13,True,,202312,7,17468.93,17454.0,17327.657964359507,65.82624019383542,0.1294413426450172,-0.5481637728830702,141.2720356404934,positive,17500.0,21.591042211681035,17200.0,-6.230647264351901,182,149,0.8186813186813187
2023-12-14,True,,202312,6,17653.11,17664.0,17533.616507571467,101.10010837617784,0.1523902763600339,-0.6039065679574297,119.4934924285335,positive,17800.0,31.513322291807214,17450.0,-15.26906561296608,182,130,0.7142857142857143
2023-12-15,True,,202312,5,17673.87,17672.0,17628.82024777747,56.45772875933548,0.0494816365497042,-0.6496249816637254,45.04975222253052,positive,17800.0,43.741261200738,17550.0,-24.97727523060453,188,135,0.7180851063829787
2023-12-18,True,,202312,2,17652.03,17656.0,17640.260813968132,33.49061226677267,-0.0006316585518332,-0.4554092917023762,11.769186031866411,positive,17800.0,55.00342621305934,17550.0,-45.95863784399548,188,158,0.8404255319148937
2023-12-19,True,,202312,1,17576.55,17575.0,17575.206682015174,-0.7329362690796787,0.002043458586936,-0.2653616841575263,1.343317984825262,negative,17650.0,57.7020404295674,17500.0,-67.94372583053183,188,158,0.8404255319148937
2023-12-20,True,,202312W4,7,17635.2,17671.0,17641.478137838436,9.851490986868022,0.0125668537127038,-0.2342481519731856,-6.278137838435214,positive,17800.0,8.662427676760318,17400.0,-6.756183489888264,104,70,0.6730769230769231
2023-12-21,True,,202312W4,6,17543.74,17534.0,17572.17033783065,-30.42230549259182,-0.0604213993179455,-0.4588531737974221,-28.43033783064675,negative,17700.0,20.993553043604795,17400.0,-21.818819385796065,104,76,0.7307692307692307
2023-12-22,True,,202312W4,5,17596.63,17562.0,17579.464745048102,-22.749370606448394,-0.0504542184420947,-0.4511690724304081,17.165254951898532,negative,17700.0,31.77316487865275,17400.0,-31.261826065184657,104,77,0.7403846153846154
2023-12-25,True,,202312W4,2,17604.84,17627.0,17614.928172331685,31.149570194162308,-0.0043159711797325,-0.2546596114408677,-10.0881723316852,positive,17700.0,63.02987206941791,17500.0,-29.824183413626923,104,70,0.6730769230769231
2023-12-26,True,,202312W4,1,17751.73,17737.0,17707.029318386027,88.68303831913272,0.0149186982597957,-0.1550760142204763,44.70068161397285,positive,17800.0,66.34631070534014,17650.0,-40.68360531519377,104,69,0.6634615384615384
2023-12-27,True,,202401W1,7,17891.5,17871.0,17805.51626289682,14.879862539431844,0.0217397754566621,-0.196932721591505,85.98373710317901,positive,18000.0,12.673448544743438,17700.0,-4.16556868443138,106,66,0.6226415094339622
2023-12-28,True,,202401W1,6,17910.37,17885.0,17825.23743451971,35.52715845790301,0.0438445853393771,-0.343505360084443,85.13256548028949,positive,18000.0,21.82831711227908,17650.0,-11.349434270787368,110,75,0.6818181818181818
2023-12-29,True,,202401W1,5,17930.81,17892.0,17841.87386469622,47.88157800055589,0.0509064757426103,-0.3605645951141789,88.93613530378207,positive,18000.0,30.8834060070189,17750.0,-18.296063293555203,112,78,0.6964285714285714
2024-01-02,True,,202401W1,1,17853.76,17830.0,17812.8704847745,48.94504510256437,0.0166086601606933,-0.1690332344484639,40.88951522549905,positive,17900.0,50.09879353751751,17750.0,-47.370376876039145,114,80,0.7017543859649122
2024-01-03,True,,202401W2,7,17559.31,17568.0,17511.756468254687,13.159245638612546,0.0202658283116485,-0.2351504375193892,47.5535317453141,positive,17750.0,9.820003678718628,17450.0,-5.722224909306514,106,72,0.6792452830188679
2024-01-04,True,,202401W2,6,17549.65,17565.0,17500.48588341789,33.234313793834104,0.042836421150183,-0.3989222283593958,49.16411658211291,positive,17750.0,18.15968724152414,17400.0,-10.63945985143431,112,75,0.6696428571428571
2024-01-05,True,,202401W2,5,17519.14,17532.0,17484.056017616753,37.58516238210591,0.0392069625819847,-0.4239378688539559,35.08398238324662,positive,17750.0,25.717482789188992,17400.0,-13.518183007691777,114,78,0.6842105263157895
2024-01-08,True,,202401W2,2,17572.66,17607.0,17561.648307302577,70.8633574447501,0.0350590154911713,-0.2973282421174526,11.011692697422404,positive,17700.0,50.68429776459399,17450.0,-19.13138162602697,114,74,0.6491228070175439
2024-01-09,True,,202401W2,1,17535.49,17548.0,17546.94727192575,2.360769127071787,-0.0046389638089379,-0.1731888938136601,-11.4572719257485,positive,17650.0,30.86077344451743,17500.0,-31.67727334958396,114,72,0.631578947368421
2024-01-10,True,,202401,7,17465.63,17458.0,17440.77133646852,4.928250346735119,-0.0096130088601931,-0.634094927736813,24.858663531482307,positive,18000.0,10.250172205152932,17400.0,-10.024305062740927,172,141,0.8197674418604651
2024-01-11,True,,202401,6,17545.32,17574.0,17473.408677666994,34.617066861425535,0.0586010098215046,-0.7778161667656548,71.91132233300596,positive,18000.0,16.90061657209748,17400.0,-10.07726823166028,174,127,0.7298850574712644
2024-01-12,True,,202401,5,17512.83,17485.0,17445.489291376747,16.33922320474078,-0.0149784714093354,-0.8018886962815287,67.34070862325461,positive,17800.0,17.35619557106271,17400.0,-11.585905435479187,174,138,0.7931034482758621
2024-01-15,True,,202401,2,17546.82,17558.0,17538.945410049626,30.01458941638941,0.0043164525547199,-0.3271614196925373,7.874589950373775,positive,17700.0,29.81796860793142,17400.0,-30.61731876104118,174,121,0.6954022988505747
2024-01-16,True,,202401,1,17346.87,17334.0,17392.48147662684,-101.0836996732102,-0.0439405393103404,-0.2189318117589156,-45.61147662684016,negative,17450.0,25.41768134607173,17300.0,-43.41579188962574,174,129,0.7413793103448276
2024-01-17,True,,202401W4,7,17161.79,17223.0,17221.123174646837,0.2959226269699722,-0.010587186148104,-0.2552597879830749,-59.33317464683569,positive,17500.0,5.4395998680973685,17000.0,-6.017188286157587,104,86,0.8269230769230769
2024-01-18,True,,202401W4,6,17227.79,17259.0,17240.555587898027,7.114096792359695,0.0012915717756968,-0.3892540035854644,-12.765587898025842,positive,17550.0,10.301813975687242,16900.0,-10.406688880434457,112,80,0.7142857142857143
2024-01-19,True,,202401W4,5,17681.52,17671.0,17568.87354084735,52.55928540885459,0.0687343709568522,-0.4650430049350936,112.6464591526492,positive,17700.0,25.051386038008648,17400.0,-9.023998826433443,112,84,0.75
2024-01-22,True,,202401W4,2,17815.1,17824.0,17709.54560678883,98.478635901041,0.0644554866797018,-0.2948236543865237,105.55439321116864,positive,17900.0,30.94611152311315,17600.0,-11.262104897763283,116,88,0.7586206896551724
2024-01-23,True,,202401W4,1,17874.59,17864.0,17814.187825746463,87.6487470154471,0.0253320433737417,-0.1902414779250615,60.40217425353694,positive,17950.0,48.33625461707563,17800.0,-26.145686651687058,120,88,0.7333333333333333
2024-01-24,True,,202401W5,7,17875.83,17885.0,17865.671143078664,5.232725886409618,-0.0099829424156609,-0.2948130020966197,10.158856921338156,positive,18100.0,9.781865136650604,17600.0,-9.633055316102672,124,86,0.6935483870967742
2024-01-25,True,,202401W5,6,18002.62,17989.0,17972.933252207033,10.423534683416046,-0.0182515460932874,-0.541957236668857,29.686747792966344,positive,18100.0,20.084347210086083,17600.0,-16.134553255105036,124,95,0.7661290322580645
2024-01-26,True,,202401W5,5,17995.03,17987.0,18000.43249182808,-12.165278743704508,-0.0680867092681615,-0.5618326606518095,-5.402491828081111,negative,18100.0,23.474109790441823,17700.0,-19.897914278934422,130,99,0.7615384615384615
2024-01-29,True,,202401W5,2,18119.63,18117.0,18039.651018271303,124.03004253160762,0.0654222117166601,-0.2812644987237677,79.97898172869463,positive,18200.0,65.55773917963683,18000.0,-15.848519766605524,130,100,0.7692307692307693
2024-01-30,True,,202401W5,1,18034.63,18074.5,18050.15802622462,69.407719112128,0.01630980010746,-0.1861013772109163,-15.52802622461968,positive,18150.0,69.57401016376903,18000.0,-41.186262383462974,136,91,0.6691176470588235
2024-01-31,True,,202402W1,15,17889.56,17914.0,17842.77974341081,6.391172061601711,0.0199722235040378,-0.2119574109437907,46.780256589190685,positive,18500.0,4.743880423383663,17600.0,-1.699151897772932,110,78,0.7090909090909091
2024-02-01,True,,202402W1,14,17968.11,17977.0,17915.667810570896,11.277007940436029,0.0339268192276299,-0.419429773191303,52.44218942910448,positive,18500.0,6.34288966432758,17800.0,-4.325708592948084,110,81,0.7363636363636363
2024-02-02,True,,202402W1,13,18059.93,18071.0,17998.399084591023,17.31771176890903,0.0499200794443294,-0.4443018532060748,61.53091540897731,positive,18500.0,8.942868899006003,17800.0,-5.0542000004558805,110,81,0.7363636363636363
2024-02-05,True,,202402W1,10,18096.07,18074.0,18029.24752094428,15.788079162513377,0.0150968257209055,-0.4618026145900766,66.82247905571785,positive,18500.0,9.42814853713114,17900.0,-8.35252925643795,110,83,0.7545454545454545
2024-02-15,True,,202402,6,18644.57,18667.0,18495.458190221725,30.120202934622515,0.0478163844432049,-0.3968207167062193,149.11180977827462,positive,18800.0,13.26704813853847,18200.0,-5.718843220394888,150,124,0.8266666666666667
2024-02-16,True,,202402,5,18607.25,18635.0,18619.48922299854,9.049249987661536,-0.0038079320358126,-0.5305107938494298,-12.239222998541663,positive,18800.0,18.239161959569483,18350.0,-13.257589038668687,174,134,0.7701149425287356
2024-02-19,True,,202402,2,18635.8,18670.0,17093.667751241457,31.35066026177611,0.0064117654105223,-0.2731948007658668,1542.132248758542,positive,18800.0,43.34078822554729,18550.0,-28.78874716255997,174,137,0.7873563218390804
2024-02-20,True,,202402,1,18753.16,18753.0,18717.072904046858,79.20116419625873,0.0226177936689869,-0.181988675280951,36.087095953142125,positive,18800.0,64.79613248208003,18600.0,-27.56749078299708,174,113,0.6494252873563219
2024-02-21,True,,202402W4,8,18676.31,18700.0,18648.34515069937,9.443639878914109,0.0169149170173831,-0.293072966770073,27.964849300631613,positive,18900.0,8.850978773191128,18600.0,-5.786245198922181,126,91,0.7222222222222222
2024-02-22,True,,202402W4,7,18852.78,18890.0,18778.24571053338,62.054242093527705,0.1144811564798137,-0.52315062561816,74.53428946661734,positive,19100.0,28.6872833065648,18600.0,-11.28645826266206,126,94,0.746031746031746
2024-02-23,True,,202402W4,6,18889.19,18913.0,18876.93614918977,37.511081692473184,0.0272606253009788,-0.5717699832804839,12.253850810229778,positive,19100.0,38.06769200683388,18700.0,-19.49134627374813,130,92,0.7076923076923077
2024-02-26,True,,202402W4,3,18948.05,18963.0,18916.3815323382,77.21389477144976,0.046700346997831,-0.4242718448449833,31.668467661802424,positive,19100.0,62.27508347920052,18800.0,-21.21969961260046,132,94,0.7121212121212122
2024-02-27,True,,202402W4,2,18854.41,18858.0,18866.09946597111,-15.324259341867744,-0.0149283261634515,-0.2889036920736922,-11.68946597111062,negative,19000.0,28.030576946917343,18700.0,-27.64061528029521,134,92,0.6865671641791045
2024-02-29,True,,202403W1,6,18966.77,18961.0,18955.323270812645,1.592199606184012,-0.0107734644493051,-0.2454032176683935,11.446729187355231,positive,19200.0,7.853229346403968,18900.0,-6.53810600817558,112,74,0.6607142857142857
2024-03-01,True,,202403W1,5,18935.93,18962.0,18949.520903536155,10.205846185053565,-0.0125663370685717,-0.3969512701962983,-13.590903536154656,positive,19200.0,23.364229559891125,18700.0,-14.926121681524982,112,81,0.7232142857142857
2024-03-04,True,,202403W1,2,19305.31,19311.0,19254.63875916284,50.93315846264037,0.0287961388792505,-0.3279559731782923,50.67124083716772,positive,19400.0,35.69870834004692,19100.0,-15.27302316617554,112,65,0.5803571428571429
2024-03-05,True,,202403W1,1,19386.92,19387.0,19355.83979800652,59.83095049497426,0.0104993972627769,-0.2397662618118425,31.08020199348539,positive,19500.0,65.13360784751518,19300.0,-35.34728824329592,128,97,0.7578125
2024-03-06,True,,202403W2,7,19499.45,19509.0,19418.96078254003,16.814062499436144,0.0302306077176589,-0.2821396819138346,80.48921745996995,positive,19600.0,12.80526939697567,19000.0,-4.5025088627002265,126,87,0.6904761904761905
2024-03-07,True,,202403W2,6,19693.52,19694.0,19656.293561991784,12.20433225004615,0.0045852760351355,-0.5781233897371201,37.226438008216064,positive,20000.0,13.813850530091846,19550.0,-8.874488701387323,130,92,0.7076923076923077
2024-03-08,True,,202403W2,5,19785.32,19791.0,19717.251440118624,33.60804933753611,0.0442150906143358,-0.6409702590777844,68.06855988137613,positive,20000.0,20.86698295777948,19500.0,-10.898527234640849,138,104,0.7536231884057971
2024-03-11,True,,202403W2,2,19726.08,19711.0,19740.354120634365,-22.30368519442939,-0.0383900091724445,-0.4437303576304265,-14.2741206343635,negative,20000.0,23.028495599471626,19500.0,-20.92413896005381,142,101,0.7112676056338029
2024-03-12,True,,202403W2,1,19914.55,19951.0,19842.17631391945,140.03718284839755,0.0665667251532951,-0.2288672748084677,72.37368608054385,positive,20000.0,51.34826984140368,19600.0,-9.243078146648523,142,89,0.6267605633802817
2024-03-13,True,,202403,7,19928.51,19929.0,19675.17761353459,57.68329469718002,0.153215314174543,-0.6936149189405101,253.3323864654085,positive,20200.0,11.987825334890507,19650.0,-4.121855021443875,224,187,0.8348214285714286
2024-03-14,True,,202403,6,19937.92,19940.0,19817.050038663336,66.0065775278145,0.1367784709639989,-0.803439437714472,120.86996133666251,positive,20200.0,19.89920973287977,19600.0,-10.872761222585671,224,196,0.875
2024-03-15,True,,202403,5,19682.5,19729.0,19751.566757947014,-18.150859356310374,-0.0496685904995515,-0.8469013443646305,-69.06675794701368,negative,20000.0,25.61119105857392,19600.0,-26.480013727071267,224,179,0.7991071428571429
2024-03-18,True,,202403,2,19879.85,19917.0,19835.251089378835,118.48686193270078,0.0904256116274686,-0.4987494772575652,44.59891062116367,positive,20000.0,50.27895736899103,19700.0,-21.1570447283544,224,145,0.6473214285714286
2024-03-19,True,,202403,1,19857.2,19868.0,19854.94868019726,30.7269360628244,0.008673724012434,-0.3207079965287826,2.251319802740909,positive,20000.0,62.62955527905865,19800.0,-32.932660324314384,224,186,0.8303571428571429
2024-03-20,True,,202403W4,7,19784.45,19828.0,19809.80518335917,3.2580265758247524,0.0008212016802139,-0.2361328870158645,-25.35518335917732,positive,20000.0,5.244463402113674,19600.0,-4.105634204308839,116,88,0.7586206896551724
2024-03-21,True,,202403W4,6,20199.09,20257.0,20177.63421638769,27.54568822609955,0.0614944041696716,-0.4849316778466404,21.45578361230946,positive,20350.0,10.958740155026964,19850.0,-7.815787889254405,116,78,0.6724137931034483
2024-03-22,True,,202403W4,5,20228.43,20240.0,20163.77957237274,61.38055164750456,0.0879084120656831,-0.5241562853132933,64.6504276272608,positive,20500.0,25.72339383853206,20000.0,-16.340698580819044,128,98,0.765625
2024-03-25,True,,202403W4,2,20192.25,20215.0,20207.38372134656,10.512314530133242,-0.0034168905593783,-0.3274861466148754,-15.13372134655583,positive,20400.0,24.96980262129596,20000.0,-28.08216354108613,128,93,0.7265625
2024-03-26,True,,202403W4,1,20126.49,20168.0,20154.87605971339,27.148432162081857,0.00593616906003,-0.2418382976312716,-28.38605971338984,positive,20300.0,48.428355568695466,20000.0,-34.45993610292017,128,97,0.7578125
2024-03-27,True,,202404W1,7,20200.12,20248.0,20243.90839519328,0.663332167208368,-0.0017725402631883,-0.2235442676672536,-43.78839519327448,positive,20500.0,4.865593500418687,20000.0,-4.001484272311694,124,93,0.75
2024-03-28,True,,202404W1,6,20146.55,20188.0,20199.64469929976,-6.251495238372336,-0.012924974821995,-0.4624214389428748,-53.09469929975967,negative,20400.0,15.510911051814746,20000.0,-14.257780821234414,124,95,0.7661290322580645
2024-03-29,True,,202404W1,5,20294.45,20254.0,20273.303623783944,-15.503560123814973,-0.0410710704562358,-0.4856778166875629,21.146376216056524,negative,20500.0,18.503637153752788,20000.0,-18.24584965971044,124,96,0.7741935483870968
2024-04-01,True,,202404W1,2,20222.33,20269.0,20274.041503438577,-7.340338986877264,-0.0188705773651236,-0.3345223460014231,-51.71150343857517,negative,20500.0,27.394152617734484,20150.0,-23.62471616975756,128,91,0.7109375
2024-04-02,True,,202404W1,1,20466.57,20479.0,20407.61799403361,152.71528367728882,0.0450537274796945,-0.2415988623327411,58.95200596638824,positive,20550.0,71.74434897436585,20300.0,-25.05257108609089,128,98,0.765625
2024-04-03,True,,202404W2,7,20337.6,20333.0,20334.95462425296,-0.3636160911797738,-0.0104447556339363,-0.211828955486025,2.6453757470408163,negative,20700.0,6.992196523656727,20200.0,-5.7034032358099385,124,87,0.7016129032258065
2024-04-08,True,,202404W2,2,20417.7,20429.0,20440.77594233281,-14.886146839889385,-0.0225689661409895,-0.2467147185734957,-23.075942332805425,negative,20600.0,26.61904178603775,20200.0,-27.078022315368408,124,88,0.7096774193548387
2024-04-09,True,,202404W2,1,20796.2,20842.0,20782.7830260528,58.22945062167431,0.0183679704253808,-0.1977813119907301,13.416973947201768,positive,20900.0,24.988168513289665,20600.0,-12.618792253244584,124,86,0.6935483870967742
2024-04-10,True,,202404,7,20763.53,20849.0,20594.6151234266,71.38326368157453,0.1554458514591962,-0.6064045336501442,168.91487657340622,positive,21000.0,16.524111048832456,20500.0,-9.650842887170672,226,177,0.7831858407079646
2024-04-11,True,,202404,6,20753.22,20749.0,20633.755413049526,95.25317915293266,0.1500298570893046,-0.7970603646881056,119.46458695047475,positive,21000.0,32.901526619585525,20500.0,-20.503172914606115,226,177,0.7831858407079646
2024-04-12,True,,202404,5,20736.57,20754.0,20686.78080358719,89.83127722805258,0.0763785713495683,-0.7318064578660233,49.78919641281027,positive,21000.0,41.9300511719802,20500.0,-27.91354690238929,226,151,0.668141592920354
2024-04-15,True,,202404,2,20449.77,20506.0,20535.369676720104,-40.474192046830346,-0.0445672890216634,-0.5200863367189048,-85.59967672010316,negative,20700.0,32.09491715058563,20500.0,-36.00501118102649,226,175,0.7743362831858407
2024-04-16,True,,202404,1,19901.96,19951.0,19965.12138763529,-9.990481779274466,-0.0204467437003376,-0.2745344433073845,-63.16138763529307,negative,20200.0,13.265842473936598,19700.0,-14.15997356222288,226,155,0.6858407079646017
2024-04-17,True,,202404W4,7,20213.33,20167.0,20050.865284411,11.879424312770585,0.0253827038484474,-0.3007308798386158,162.46471558900885,positive,20500.0,4.084828602973921,19800.0,-2.9210555341255,144,110,0.7638888888888888
2024-04-18,True,,202404W4,6,20301.2,20342.0,20183.03870407724,38.03307018228853,0.0958456539570107,-0.5840099283073028,118.16129592276776,positive,20700.0,10.602939340822855,19800.0,-5.84427243008863,144,116,0.8055555555555556
2024-04-19,True,,202404W4,5,19527.12,19543.0,19622.38981763508,-17.571917953337795,-0.079039708988273,-0.5132030220715571,-95.26981763507864,negative,20000.0,5.574488810210745,19300.0,-8.482259891694541,144,123,0.8541666666666666
2024-04-22,True,,202404W4,2,19411.22,19512.0,19536.145687247663,-10.313314181018372,-0.0260058062499251,-0.3559989494391543,-124.9256872476617,negative,19800.0,14.897800314779785,19300.0,-12.50624415083607,160,134,0.8375
2024-04-23,True,,202404W4,1,19599.28,19634.0,19628.77199219159,6.311006225070429,-0.0110819778737838,-0.2051054814999939,-29.491992191589816,positive,19800.0,31.49886585006118,19500.0,-21.076475371118384,164,107,0.6524390243902439
2024-04-24,True,,202405W1,8,20131.74,20139.0,20127.99694440848,0.6909828521680607,-0.0085074515738202,-0.2347910156908381,3.743055591523444,positive,20400.0,2.904820046927388,19800.0,-2.045408991998863,144,108,0.75
2024-04-25,True,,202405W1,7,19857.42,19848.0,19898.260483668542,-9.760095018111304,-0.060397814317597,-0.4574118830567664,-40.84048366854404,negative,20300.0,6.351668737287438,19400.0,-6.0614871534312735,144,105,0.7291666666666666
2024-04-26,True,,202405W1,6,20120.51,20146.0,20069.840929710263,22.41527917977487,0.0090346577872329,-0.5838117679903102,50.66907028973583,positive,20400.0,12.274034920019965,19700.0,-6.278859554238585,144,112,0.7777777777777778
2024-04-29,True,,202405W1,3,20495.52,20510.0,20317.610739003427,62.130125216597946,0.06292732547249,-0.3917835426400663,177.90926099657372,positive,20600.0,16.398337777369985,20200.0,-5.253038828891432,144,116,0.8055555555555556
2024-04-30,True,,202405W1,2,20396.6,20375.0,20335.060368741768,22.41594458823053,-0.0044943344042255,-0.3485805353096897,61.539631258230656,positive,20600.0,18.80704044590288,20200.0,-12.6895083112894,152,117,0.7697368421052632
2024-05-02,True,,202405W2,6,20222.44,20271.0,20215.22491836986,5.7779984899388,0.0037079745104528,-0.1841548900070031,7.215081630140048,positive,20500.0,3.3569758072375,20000.0,-3.288096320335875,144,108,0.75
2024-05-03,True,,202405W2,5,20330.32,20356.0,20311.992449558085,14.951019854028464,0.0122107299244628,-0.4056415988416363,18.327550441914354,positive,20600.0,19.99126380739029,20000.0,-8.404908281496882,144,119,0.8263888888888888
2024-05-06,True,,202405W2,2,20523.31,20572.0,20509.334981735,42.670648173702816,0.0281219836981268,-0.3149492531485275,13.97501826500229,positive,20600.0,21.395347323743977,20400.0,-11.524625432409008,144,104,0.7222222222222222
2024-05-07,True,,202405W2,1,20653.53,20623.0,20550.58367654473,96.3740213218269,0.0387416834564726,-0.2176538157460679,102.94632345526406,positive,20800.0,41.822116833870446,20400.0,-15.81456463919404,144,103,0.7152777777777778
2024-05-08,True,,202405,7,20700.51,20723.0,20529.351625416555,46.75170890048416,0.0934240709995769,-0.5943676379214986,171.15837458344322,positive,21000.0,15.462383362047651,20000.0,-3.788387067416304,200,161,0.805
2024-05-09,True,,202405,6,20560.77,20610.0,20591.275112964853,8.817943643808627,-0.0270290034908285,-0.7190392271856134,-30.505112964852746,positive,21000.0,18.65858581064893,20400.0,-12.060259018671996,200,168,0.84
2024-05-10,True,,202405,5,20708.84,20814.0,20686.17518589192,85.1889886208382,0.0987108712858048,-0.7313755836123693,22.6648141080841,positive,21000.0,35.55103981241579,20400.0,-12.433241772983282,200,151,0.755
2024-05-13,True,,202405,2,20857.71,20883.0,20778.298710589148,125.99799381041204,0.0831714827059819,-0.4166390706595135,79.41128941085117,positive,21000.0,49.58243757261253,20700.0,-14.312097392424922,200,136,0.68
2024-05-14,True,,202405,1,20985.85,21009.0,20894.815428003847,202.9226952591023,0.069980008220932,-0.2749119472639463,91.0345719961515,positive,21100.0,93.45504647957766,20750.0,-14.33927202883526,204,161,0.7892156862745098
2024-05-15,True,,202405W4,7,21147.21,21251.0,21156.106319950188,10.108615007979257,0.0083257664813269,-0.2534461631019504,-8.896319950188627,positive,21400.0,5.693939721685347,21000.0,-3.571385167500017,128,89,0.6953125
2024-05-16,True,,202405W4,6,21304.26,21367.0,21312.725230062344,16.34258092950326,0.0269566786374595,-0.513131274895117,-8.465230062345654,positive,21700.0,16.428794965142334,21000.0,-8.626760350525712,136,113,0.8308823529411765
2024-05-17,True,,202405W4,5,21258.47,21324.0,21315.505700541093,4.04736504678952,-0.0164505855425941,-0.5092890182953159,-57.0357005410915,positive,21700.0,17.78151293835127,21000.0,-15.839563068778356,142,120,0.8450704225352113
2024-05-20,True,,202405W4,2,21271.63,21285.0,21269.591866817904,12.823356320735828,0.0037157233919706,-0.3460741849512088,2.0381331820972264,positive,21500.0,24.499945215753407,21000.0,-18.74312655911209,142,113,0.795774647887324
2024-05-21,True,,202405W4,1,21236.75,21249.0,21255.536519389185,-10.128060839544956,-0.0111429907132214,-0.2016999722232175,-18.786519389184832,negative,21400.0,26.50037646493371,21100.0,-28.860147694892746,142,108,0.7605633802816901
2024-05-22,True,,202405W5,7,21551.83,21556.0,21451.564330700203,8.733182899199296,0.0153813321517189,-0.2464855757137214,100.2656692997989,positive,21800.0,5.680963716725372,21000.0,-4.097495097658998,126,97,0.7698412698412699
2024-05-23,True,,202405W5,6,21607.43,21580.0,21527.24599308197,16.032721059759552,0.0095442022848237,-0.4203943746834274,80.18400691802526,positive,22000.0,12.618880482090113,21300.0,-6.9064585865770605,138,105,0.7608695652173914
2024-05-24,True,,202405W5,5,21565.34,21548.0,21541.719424714047,3.1383193646234933,-0.0400894070952799,-0.4895109910358668,23.62057528595324,positive,21800.0,16.621645226729765,21300.0,-12.032679302173966,140,107,0.7642857142857142
2024-05-27,True,,202405W5,2,21803.77,21851.0,21758.833965192563,79.11551586241384,0.0375911315134948,-0.3046816827610034,44.93603480743696,positive,22000.0,44.81560564910228,21700.0,-10.749784627082,140,86,0.6142857142857143
2024-05-28,True,,202405W5,1,21858.41,21919.0,21864.157464080494,78.05742899699665,0.0232887978780039,-0.2105948310047535,-5.747464080493955,positive,22000.0,63.22270824795686,21800.0,-17.042668262888427,148,110,0.7432432432432432
2024-05-29,True,,202406W1,7,21662.5,21709.0,21672.495970064847,4.043718791584375,-0.0031708648214457,-0.2078806235360653,-9.995970064846915,positive,22000.0,5.361805952150029,21500.0,-2.944649452086778,140,101,0.7214285714285714
2024-05-30,True,,202406W1,6,21364.48,21373.0,21416.543683415413,-12.19004147964072,-0.0646421972154898,-0.4307705294062198,-52.06368341541384,negative,21700.0,7.3851499792552975,21000.0,-11.532263888005428,140,98,0.7
2024-05-31,True,,202406W1,5,21174.22,21267.0,21335.225671797893,-24.93380249458748,-0.071513317465029,-0.52226376629602,-161.0056717978914,negative,21700.0,8.07773934886483,21000.0,-16.722822806759005,140,104,0.7428571428571429
2024-06-03,True,,202406W1,2,21536.76,21625.0,21543.644329000705,56.201213777514816,0.0376417015054229,-0.3578582099293612,-6.884329000706202,positive,21800.0,19.35205297414911,21200.0,-10.019080320300338,144,113,0.7847222222222222
2024-06-04,True,,202406W1,1,21356.62,21310.0,21335.499717647243,-27.059785972750124,-0.0181367158301143,-0.23949729940954,21.12028235275648,negative,21500.0,20.071436843249067,21200.0,-24.65531592983562,144,120,0.8333333333333334
2024-06-05,True,,202406W2,7,21484.88,21453.0,21404.09874795252,3.749246561927107,-0.0029330954126547,-0.1832259958440111,80.78125204748358,positive,21800.0,2.7705421661011607,21000.0,-2.929283375442458,144,101,0.7013888888888888
2024-06-06,True,,202406W2,6,21902.7,21863.0,21804.270380169128,14.619945033378622,0.0013563682430472,-0.4518032826693403,98.42961983087298,positive,22000.0,14.08254258190782,21500.0,-5.440515339599939,144,108,0.75
2024-06-07,True,,202406W2,5,21858.38,21893.0,21781.512777383618,45.49242256260028,0.0604069446770868,-0.4491852011372376,76.86722261638351,positive,22000.0,18.813404840833336,21500.0,-8.048715755544931,146,107,0.7328767123287672
2024-06-11,True,,202406W2,1,21792.12,21809.0,21808.777439229725,0.2918091317327935,-0.0128610856751069,-0.1744024535641932,-16.65743922972615,positive,22000.0,39.9931439946725,21700.0,-26.698601247053272,146,112,0.7671232876712328
2024-06-12,True,,202406,7,22048.96,22046.0,21836.30496937655,35.40466888480381,0.0813924488630867,-0.613678939123378,212.65503062344945,positive,22300.0,9.665551858693274,21400.0,-3.4768277562746435,252,204,0.8095238095238095
2024-06-13,True,,202406,6,22312.04,22326.0,22175.701965251235,50.71413190680411,0.0767474250597245,-0.7200576036626236,136.3380347487655,positive,22700.0,17.87374478883314,22000.0,-6.43680821753262,258,193,0.748062015503876
2024-06-14,True,,202406,5,22504.72,22510.0,22356.498738817823,74.20886839078698,0.0980629365468077,-0.6774189373155448,148.22126118217784,positive,22700.0,34.086871882874995,22000.0,-8.636951259010084,270,257,0.9518518518518518
2024-06-17,True,,202406,2,22496.53,22477.0,22397.66820161628,60.53799994978373,0.0301962217144728,-0.4579392513838778,98.86179838372482,positive,22700.0,37.55405416590451,22150.0,-10.794956691183968,278,243,0.8741007194244604
2024-06-18,True,,202406,1,22757.43,22786.0,22655.501490866,124.61713150309596,0.0454839309184358,-0.2900852381383074,101.92850913400616,positive,22900.0,40.95594303215417,22600.0,-13.768325245112097,278,233,0.8381294964028777
2024-06-19,True,,202406W4,7,23209.54,23226.0,23409.53694670687,-8.424323452075484,-0.0468679127706258,-0.2384842612249488,-199.9969467068695,negative,23300.0,3.557668117357638,23000.0,-3.315969758836381,158,144,0.9113924050632912
2024-06-20,True,,202406W4,6,23406.1,23464.0,23297.828327405383,36.055698943110094,0.0774706108373837,-0.4395854433758204,108.27167259461568,positive,23500.0,17.153706211986837,23000.0,-5.673176363191473,178,143,0.8033707865168539
2024-06-21,True,,202406W4,5,23253.39,23279.0,23220.82601397818,18.83324575062113,0.0138447067623624,-0.5746132830981712,32.56398602181798,positive,23500.0,18.466990154869343,23000.0,-9.889280223497844,186,162,0.8709677419354839
2024-06-24,True,,202406W4,2,22813.7,22848.0,22909.97371679785,-25.691386265724887,-0.0544008516849582,-0.3523730201414941,-96.27371679784846,negative,23300.0,9.38071904909236,22500.0,-13.49296433933996,186,156,0.8387096774193549
2024-06-25,True,,202406W4,1,22875.97,22859.0,22824.09216440597,25.95762225291902,0.0117472065035019,-0.2478309159620046,51.87783559402669,positive,23000.0,18.42812727576328,22500.0,-14.149345363410388,186,150,0.8064516129032258
2024-06-26,True,,202407W1,7,22986.69,22915.0,22857.81726111614,4.514433903952407,0.0041294073307424,-0.2429352939635714,128.8727388838597,positive,23400.0,9.710714299802722,22350.0,-7.178890268074964,150,127,0.8466666666666667
2024-06-27,True,,202407W1,6,22905.98,22831.0,22839.762600969487,-1.79373423384497,-0.0342614666295217,-0.5020429833405469,66.21739903051275,negative,23400.0,10.230862336146163,22350.0,-12.26974424891824,150,130,0.8666666666666667
2024-06-28,True,,202407W1,5,23032.25,23023.0,22974.02071323037,15.105572950783465,0.0161833846747462,-0.5085838030608536,58.22928676963056,positive,23400.0,15.208194570147612,22350.0,-8.791359676563681,150,124,0.8266666666666667
2024-07-01,True,,202407W1,2,23058.57,23019.0,23021.442355545565,-1.4229387220729388,-0.0157331021941764,-0.3288530457653414,37.12764445443463,negative,23400.0,17.23881269577665,22900.0,-14.64519051460003,150,120,0.8
2024-07-02,True,,202407W1,1,22879.37,22861.0,22928.82067349233,-54.77707669900807,-0.0435706341677546,-0.2329955261648839,-49.45067349232704,negative,23050.0,13.111107055502696,22700.0,-19.715005921245464,150,111,0.74
2024-07-03,True,,202407W2,7,23172.43,23163.0,22983.84086301148,16.171822572349797,0.0413227387018237,-0.2118584564005479,188.5891369885212,positive,23500.0,7.38962192527996,22300.0,-3.715527304400223,132,99,0.75
2024-07-04,True,,202407W2,6,23522.53,23585.0,23391.90483837989,39.724240633992245,0.0855997096943622,-0.4728197892328301,130.62516162010434,positive,23600.0,13.591266441139448,23000.0,-5.621130359498434,136,103,0.7573529411764706
2024-07-05,True,,202407W2,5,23556.59,23545.0,23391.689731311537,49.47030527585025,0.0962901683843401,-0.4923373451989558,164.90026868846326,positive,23600.0,14.92042447143529,23000.0,-6.924170274339951,150,110,0.7333333333333333
2024-07-08,True,,202407W2,2,23878.15,23867.0,23671.596787979382,77.35909047031758,0.0689108101476481,-0.3449140897370701,206.55321202061896,positive,24000.0,20.07205222466284,23450.0,-4.763153851399734,154,120,0.7792207792207793
2024-07-09,True,,202407W2,1,23900.08,23865.0,23696.220709182224,117.12169821838268,0.0729732323226827,-0.2675915122625273,203.85929081777795,positive,24000.0,30.370236891242765,23550.0,-8.447712563301401,166,125,0.7530120481927711
2024-07-10,True,,202407,7,24007.08,24002.0,23285.602132917465,67.31082286447015,0.2588779602781907,-0.7511998745955599,721.4778670825362,positive,24200.0,18.62016237917588,23450.0,-1.9821956215518992,272,201,0.7389705882352942
2024-07-11,True,,202407,6,24390.03,24369.0,23914.421880103844,73.41723047858173,0.2142405110159657,-0.8325291570936377,475.6081198961547,positive,24200.0,19.53635741557149,23700.0,-8.340525235618054,278,243,0.8741007194244604
2024-07-12,True,,202407,5,23916.93,23810.0,23682.12168888192,34.52892145952133,0.084936988503655,-0.91422667227523,234.80831111807856,positive,24200.0,21.797384054150204,23700.0,-5.345169751105487,294,260,0.8843537414965986
2024-07-15,True,,202407,2,23879.36,23851.0,23739.770747896862,47.85841272869506,0.052426973578341,-0.5625166034772084,139.58925210313464,positive,24200.0,28.74238045579156,23700.0,-7.689460598459926,294,197,0.6700680272108843
2024-07-16,True,,202407,1,23997.25,23998.0,23897.68595785772,94.06372991369471,0.0384317309359508,-0.334611095941852,99.56404214228678,positive,24200.0,47.326614564485375,23800.0,-13.289520438710394,294,193,0.6564625850340136
2024-07-17,True,,202407W4,9,23769.82,23784.0,23760.74627195728,1.0632943064019924,-0.0040279952748202,-0.2350194766797322,9.073728042720177,positive,24700.0,2.6240025600892265,23000.0,-2.2783178186978685,150,128,0.8533333333333334
2024-07-18,True,,202407W4,8,23398.47,23420.0,23454.07871963668,-4.006902441196323,-0.0338644093923391,-0.5920221490683977,-55.60871963667523,negative,24000.0,5.0262243445077095,23000.0,-9.384819903001508,154,136,0.8831168831168831
2024-07-19,True,,202407W4,7,22869.26,22937.0,23131.927696620867,-42.70260323052614,-0.1582936111155251,-0.6125734581342039,-262.6676966208688,negative,23500.0,5.8077247486515615,22500.0,-12.550715127514572,168,121,0.7202380952380952
2024-07-22,True,,202407W4,4,22256.99,22405.0,22583.29605207811,-40.873776938680486,-0.0956585247120469,-0.4804917967497351,-326.3060520781073,negative,22850.0,4.723799482947059,22000.0,-15.024570599695036,188,166,0.8829787234042553
2024-07-23,True,,202407W4,3,22871.84,22840.0,22822.99934372896,7.487702986245812,-0.0092261409225212,-0.4498348853235045,48.84065627104428,positive,23050.0,11.003416686117248,22500.0,-13.4926040617501,210,172,0.819047619047619
2024-07-26,True,,202407W5,5,22119.21,22132.0,22331.287367592304,-6.51999287907634,-0.0253213142263492,-0.2057283870940132,-212.07736759230465,negative,22200.0,1.3860713316988416,22300.0,-6.284371006903767,192,158,0.8229166666666666
2024-07-29,True,,202407W5,2,22164.49,22279.0,22251.72264240595,6.777268819150148,-0.0141862840306378,-0.2568974228976556,-87.23264240595017,positive,22700.0,7.906821972009027,22300.0,-8.497956910647371,196,160,0.8163265306122449
2024-07-30,True,,202407W5,1,22223.57,22268.0,22121.88595663414,66.2519347584809,0.0448003719995412,-0.2085804269778089,101.68404336585807,positive,22400.0,25.36124743004008,22000.0,-8.039454055359409,196,128,0.6530612244897959
2024-07-31,True,,202408W1,7,22199.35,22285.0,22254.29585107889,1.2473673542924757,-0.0033831499280299,-0.1986881091181004,-54.94585107889361,positive,22800.0,3.2649670459068387,21500.0,-4.175395256421604,150,109,0.7266666666666667
2024-08-01,True,,202408W1,6,22642.1,22655.0,22433.718360670337,28.746194805724752,0.0826724830615727,-0.4109662026628948,208.381639329662,positive,23000.0,6.848257355867384,22200.0,-4.101660853250359,150,115,0.7666666666666667
2024-08-02,True,,202408W1,5,21638.09,21563.0,21721.48608596533,-15.454538178241952,-0.093047235140899,-0.457274103660698,-83.39608596533071,negative,22300.0,2.9081609816533787,21500.0,-9.702604247940831,150,123,0.82
2024-08-05,True,,202408W1,2,19830.88,19350.0,19021.03084450714,2.704301769166539,0.01526562475002,-0.1280251979625765,809.8491554928623,positive,21000.0,1.27026959216454,19900.0,-2.733973176841967,170,105,0.6176470588235294
2024-08-06,True,,202408W1,1,20501.02,20466.0,20407.00253223422,3.4131300750516096,0.0002263831302971,-0.1378644532523436,94.01746776578148,positive,21000.0,3.400722696333988,20000.0,-3.060120771295122,238,157,0.6596638655462185
2024-08-07,True,,202408W2,7,21295.28,21132.0,21020.38672101597,1.114975352211074,-0.0063490095276317,-0.1234338080786541,274.8932789840328,positive,22100.0,0.6562111366221992,20000.0,-0.8590672503288932,228,194,0.8508771929824561
2024-08-08,True,,202408W2,6,20870.1,20709.0,20604.81498857079,3.3225543288470587,-0.0066744496336117,-0.2615686681231619,265.2850114292087,positive,21500.0,2.6857052534581154,20000.0,-1.5906549685734943,228,188,0.8245614035087719
2024-08-09,True,,202408W2,5,21469.0,21494.0,21131.640181257204,22.890517767131435,0.0536761032348445,-0.3494348010552791,337.35981874279605,positive,22000.0,5.670953910507295,21000.0,-1.9193959223056056,228,221,0.9692982456140352
2024-08-12,True,,202408W2,2,21773.26,21686.0,21417.49366998679,33.35718552410222,0.0399781615830572,-0.2257474646451568,355.76633001320806,positive,22000.0,7.554258384209989,21000.0,-2.8258531937852585,228,197,0.8640350877192983
2024-08-13,True,,202408W2,1,21796.57,21772.0,21600.22031655316,49.598715001533705,0.0310439415371746,-0.1479766802342523,196.34968344684603,positive,22000.0,14.633424270552206,21200.0,-4.461108650512071,228,181,0.793859649122807
2024-08-14,True,,202408,7,22027.25,21976.0,21869.278476570416,7.612237093184387,0.0030612598133518,-0.4512353978902554,157.9715234295836,positive,22500.0,5.814128721569421,21000.0,-2.6893686466948354,280,228,0.8142857142857143
2024-08-15,True,,202408,6,21895.17,21842.0,21911.839850916724,-9.13184235325718,-0.0860490996351437,-0.5607070487639673,-16.66985091672541,negative,22500.0,8.715876635772538,21200.0,-6.28516171225102,284,257,0.9049295774647887
2024-08-16,True,,202408,5,22349.33,22367.0,22218.327319035227,27.88065429490052,0.0311931723553532,-0.5754168789754903,131.0026809647752,positive,22500.0,13.3660422793286,21700.0,-6.347386909946511,284,240,0.8450704225352113
2024-08-19,True,,202408,2,22409.63,22360.0,19486.83261892524,26.269123755230723,0.0023956478921092,-0.3470786566832071,2922.797381074761,positive,22500.0,17.98187056191125,22000.0,-11.528721011082174,290,288,0.993103448275862
2024-08-20,True,,202408,1,22429.1,22437.0,22341.17479380657,66.19381777744937,0.0245928759597648,-0.2242689648163213,87.92520619342758,positive,22600.0,27.561635497887497,22300.0,-11.969885526749213,292,238,0.815068493150685
2024-08-21,True,,202408W4,7,22237.89,22239.0,22217.588989186945,0.9905033246459274,-0.0075312850200642,-0.2016166939564168,20.301010813054745,positive,22600.0,2.004610048707211,21800.0,-6.367733150245915,144,107,0.7430555555555556
2024-08-22,True,,202408W4,6,22148.83,22139.0,22119.71077776572,2.5413238339053703,-0.0194347984985605,-0.365705642860004,29.11922223428337,positive,22600.0,6.233132981400756,21800.0,-12.91436201793782,144,108,0.75
2024-08-23,True,,202408W4,5,22158.05,22167.0,22054.38168177167,18.491344951126507,0.0333952706179392,-0.4229212234841594,103.66831822833046,positive,22600.0,8.793697869152535,21800.0,-13.447632466529296,144,109,0.7569444444444444
2024-08-26,True,,202408W4,2,22240.12,22232.0,22189.08453206305,16.03578684855941,0.0007885831936277,-0.2687139705207435,51.03546793694477,positive,22600.0,12.707370705914109,21800.0,-15.090791884841323,144,103,0.7152777777777778
2024-08-27,True,,202408W4,1,22185.0,22188.0,22138.239445540294,33.80213227860112,0.0116482890066137,-0.1745782570661029,46.76055445970633,positive,22400.0,19.968046269531104,21800.0,-17.328704799890218,144,109,0.7569444444444444
2024-08-28,True,,202409W1,7,22370.66,22430.0,22249.128517246754,5.78903783566264,0.0164649431719869,-0.1842312089777708,121.53148275324564,positive,23000.0,2.6546465843550275,21500.0,-2.4725213609464736,130,97,0.7461538461538462
2024-08-29,True,,202409W1,6,22201.85,22200.0,22136.23147583951,8.232548017986668,0.0071395951421978,-0.3625457875000832,65.61852416048714,positive,22700.0,4.120345512611464,21500.0,-5.607637898961881,130,101,0.7769230769230769
2024-08-30,True,,202409W1,5,22268.09,22345.0,22269.74433809988,18.74292110224605,0.0239747477724557,-0.3592526675764532,-1.654338099880988,positive,22500.0,7.676306845296359,22000.0,-8.299450470628381,130,100,0.7692307692307693
2024-09-02,True,,202409W1,2,22235.1,22252.0,22191.74762813544,26.3012630623228,0.0141588291403185,-0.244985127565725,43.352371864559245,positive,22500.0,13.791060948390545,22000.0,-12.420412369625073,130,95,0.7307692307692307
2024-09-03,True,,202409W1,1,22092.21,22095.0,22118.32227717837,-13.910669610505618,-0.023619856367809,-0.1692115614602109,-26.11227717837028,negative,22400.0,10.830841446644344,22000.0,-18.61641928481797,130,94,0.7230769230769231
2024-09-04,True,,202409W2,7,21092.75,20990.0,21129.7935559522,-1.8183457659256257,-0.0254229734781558,-0.1207566727641163,-37.043555952193856,negative,22000.0,1.1773715748568438,20800.0,-2.136733767472919,132,104,0.7878787878787878
2024-09-05,True,,202409W2,6,21187.71,21214.0,21174.44181238552,2.477762634225465,-0.0450956334610816,-0.3222767061955782,13.268187614477938,positive,21800.0,3.611502915049953,20800.0,-3.028346995358126,168,131,0.7797619047619048
2024-09-06,True,,202409W2,5,21435.19,21351.0,21292.01463180832,4.624661688848106,-0.0449346113646798,-0.3655317007612735,143.175368191678,positive,22000.0,4.746851980751308,21000.0,-3.5837215702769005,168,132,0.7857142857142857
2024-09-09,True,,202409W2,2,21144.44,21119.0,21058.72231384848,8.719339560517927,-0.0129775715948904,-0.2530916793153858,85.71768615152541,positive,21500.0,5.804027050142963,20800.0,-4.601273260306122,168,120,0.7142857142857143
2024-09-10,True,,202409W2,1,21064.08,21036.0,21073.048067844768,-11.22904780116723,-0.0335203656224573,-0.164884774861625,-8.968067844765756,negative,21500.0,8.57703283413622,21000.0,-8.363009959859758,168,113,0.6726190476190477
2024-09-11,True,,202409,7,21031.0,21007.0,21328.38643832688,-16.740041033492126,-0.1449614457842332,-0.3855384522942638,-297.38643832688103,negative,21600.0,1.4078656417334836,20000.0,-3.926381312217557,308,235,0.762987012987013
2024-09-12,True,,202409,6,21653.25,21712.0,21524.66181480572,23.00338426433809,0.0255285681110842,-0.6147406349723933,128.58818519428678,positive,22100.0,7.784017736288611,21000.0,-5.179794187566066,308,251,0.814935064935065
2024-09-13,True,,202409,5,21759.65,21820.0,21611.64806779112,46.07712092068266,0.0711392992015859,-0.5565362280102869,148.00193220888832,positive,22100.0,13.294114684695437,21000.0,-4.762536524525438,308,272,0.8831168831168831
2024-09-16,True,,202409,2,21850.08,21814.0,21702.20623394343,50.976696388145776,0.0377016933094319,-0.3074867077726094,147.87376605657118,positive,22000.0,17.638411187996603,21500.0,-10.253894909006306,308,223,0.724025974025974
2024-09-18,True,,202409W4,7,21678.84,21695.0,21619.93815007032,1.8221417502477208,-0.0015708651811214,-0.1552027690322415,58.90184992968716,positive,22100.0,1.8502361577837625,20800.0,-1.3422346340727531,148,113,0.7635135135135135
2024-09-19,True,,202409W4,6,22042.69,22064.0,21921.038330821382,15.191916452673563,0.0325084140776494,-0.3179597700464259,121.6516691786128,positive,22100.0,5.281987797247521,21500.0,-3.185709752851284,148,116,0.7837837837837838
2024-09-20,True,,202409W4,5,22159.42,22194.0,22129.755538217665,13.432363967000072,0.0082651756205036,-0.354149148643416,29.66446178233309,positive,22500.0,9.146615588244847,22000.0,-5.079913805575074,156,118,0.7564102564102564
2024-09-23,True,,202409W4,2,22285.53,22305.0,22183.428745602792,46.210154350994856,0.0373378701215312,-0.2474771315837119,102.1012543972065,positive,22400.0,19.87822410405428,22000.0,-7.104955940436311,160,111,0.69375
2024-09-24,True,,202409W4,1,22431.78,22452.0,22329.54955970544,80.96811755575128,0.034137230386884,-0.168861845483324,102.23044029455924,positive,22500.0,25.05636089051075,22200.0,-8.079682382198323,168,105,0.625
2024-09-25,True,,202410W1,9,22761.6,22749.0,22766.59725619471,-0.6727232176983359,-0.0069387458674247,-0.1770177645076367,-4.997256194710644,negative,23000.0,2.8186106441313084,22400.0,-2.1895727550655644,148,117,0.7905405405405406
2024-09-26,True,,202410W1,8,22858.81,22917.0,22825.84986074228,12.00472048052684,0.0272081860456614,-0.4117619135029547,32.96013925772786,positive,23300.0,8.61942255314639,22400.0,-4.503099343490825,162,126,0.7777777777777778
2024-09-27,True,,202410W1,7,22822.79,22842.0,22872.790444223912,-5.082235425136966,-0.0323453961679821,-0.5142387930092965,-50.00044422391147,negative,23300.0,8.034509152101403,22600.0,-6.022296901258841,166,128,0.7710843373493976
2024-09-30,True,,202410W1,4,22224.54,22297.0,22404.303058970498,-17.33696106806986,-0.0598576888108598,-0.3543376068449235,-179.7630589704968,negative,23000.0,5.025470143253297,22300.0,-6.082942466767817,166,119,0.7168674698795181
2024-10-01,True,,202410W1,3,22390.39,22364.0,22358.258446238226,1.7714181327053045,-0.0203240676613357,-0.3177964853313682,32.13155376177747,positive,22700.0,6.991589007893598,22000.0,-7.612429818689029,166,116,0.6987951807228916
2024-10-04,True,,202410W2,5,22302.71,22266.0,22265.725819406554,0.0114412957671321,-0.010403664718484,-0.1407753438327943,36.98418059344476,positive,22700.0,2.203311522305241,21700.0,-3.0047855602319675,144,114,0.7916666666666666
2024-10-07,True,,202410W2,2,22702.56,22743.0,22609.51769280121,25.65637105229066,0.0294366130798892,-0.2108234287659957,93.04230719878616,positive,23000.0,15.60507458807358,22300.0,-3.63400788750767,144,107,0.7430555555555556
2024-10-08,True,,202410W2,1,22611.39,22558.0,22516.52194512662,16.31298166329399,0.0054965596798169,-0.1683567329052261,94.86805487337917,positive,22800.0,10.568951322135424,22300.0,-6.602899114445691,144,109,0.7569444444444444
2024-10-09,True,,202410,7,22659.08,22703.0,22438.573710380384,25.0370081449732,0.0569278562328807,-0.4510742749228544,220.5062896196177,positive,23000.0,8.872035632615196,22000.0,-3.626660247174884,250,190,0.76
2024-10-11,True,,202410,5,22901.64,22914.0,22716.69278158633,41.67656327157514,0.0686852207577774,-0.459892272228924,184.9472184136648,positive,23400.0,13.571226388648409,22000.0,-3.240587311301657,250,180,0.72
2024-10-14,True,,202410,2,22975.29,23007.0,22865.47218119934,56.63040231710063,0.0405392335312012,-0.3032046497310192,109.81781880066046,positive,23400.0,20.56340736349853,22700.0,-6.422529324220283,254,193,0.7598425196850394
2024-10-15,True,,202410,1,23292.04,23229.0,23160.63565115301,41.17278618732893,0.0068932133991391,-0.2095632541043682,131.40434884698698,positive,23400.0,40.57575405443489,23000.0,-8.489106628019812,256,191,0.74609375
2024-10-16,True,,202410W4,7,23010.98,23036.0,22828.512796932413,6.785589332368733,0.0251404260830913,-0.1831884761416723,182.46720306758647,positive,24000.0,1.894139031983,22000.0,-1.5408573269587984,152,116,0.7631578947368421
2024-10-17,True,,202410W4,6,23053.84,23229.0,22948.076756277213,20.196857215027176,0.0667487564455751,-0.3565913513677101,105.7632437227876,positive,24000.0,5.248634708396344,23000.0,-2.469050991479802,152,118,0.7763157894736842
2024-10-18,True,,202410W4,5,23487.27,23605.0,23451.586176592216,28.407622425914976,0.0382477953919839,-0.4413065714793081,35.683823407784075,positive,24000.0,9.52661841259127,23000.0,-4.668529763028397,152,122,0.8026315789473685
2024-10-21,True,,202410W4,2,23542.53,23526.0,23479.940808907813,15.553297844134516,-0.0050971638922945,-0.2825175661932944,62.5891910921855,positive,24000.0,11.789769290174478,23300.0,-7.918063718337446,160,124,0.775
2024-10-22,True,,202410W4,1,23535.43,23574.0,23441.93644108593,80.88561853512024,0.0399602181885659,-0.1948169003030766,93.4935589140623,positive,23800.0,24.36563331476629,23300.0,-7.932091417572344,160,118,0.7375
2024-10-23,True,,202410W5,7,23334.76,23383.0,23149.326770605207,12.141664892829665,0.0303324616189992,-0.1673558231936295,185.43322939479185,positive,24000.0,3.324993424792656,22500.0,-1.7796875653405575,144,113,0.7847222222222222
2024-10-24,True,,202410W5,6,23192.52,23241.0,23068.803668841472,23.116443229710324,0.0554166432487683,-0.3852218532950443,123.7163311585282,positive,23600.0,6.390813244853367,22500.0,-3.85291504613564,144,116,0.8055555555555556
2024-10-25,True,,202410W5,5,23348.45,23432.0,23253.051819143584,42.875653289621695,0.0766308746578147,-0.4044269334621213,95.39818085641672,positive,23800.0,9.394575832756075,23000.0,-5.805627821074274,144,111,0.7708333333333334
2024-10-28,True,,202410W5,2,23198.07,23277.0,23226.161782782303,20.38996048111256,0.0073316974600783,-0.2902469249248306,-28.0917827823032,positive,23600.0,12.827652346575691,23100.0,-9.71070450617381,144,115,0.7986111111111112
2024-10-29,True,,202410W5,1,22926.59,22955.0,22906.30758367394,19.065510888630968,0.007774075800691,-0.1989296217964674,20.28241632605932,positive,23200.0,11.778839021410398,22500.0,-8.404216606296867,144,117,0.8125
2024-10-30,True,,202411W1,7,22820.43,22872.0,22787.930017676,2.2894768529384293,-0.0051361775486375,-0.1293612105522796,32.499982323999575,positive,23500.0,1.1618412599082852,22500.0,-1.3909717403871449,148,115,0.777027027027027
2024-11-01,True,,202411W1,5,22780.08,22726.0,22556.01076766137,14.44782401977551,0.0242601769005648,-0.299951164336952,224.069232338632,positive,23000.0,3.919898261697527,22000.0,-3.289196992779929,152,115,0.756578947368421
2024-11-04,True,,202411W1,2,22965.39,23003.0,22797.746187896624,31.079044794809565,0.0296873770644964,-0.237439455964034,167.64381210337524,positive,23300.0,7.505866889163101,22600.0,-4.3629407201599495,152,119,0.7828947368421053
2024-11-05,True,,202411W1,1,23106.79,23101.0,22923.436038670745,44.17134023545507,0.0235742056685586,-0.1747539434189043,183.353961329256,positive,23400.0,11.336575156573511,22600.0,-4.246399918781544,152,123,0.8092105263157895
2024-11-06,True,,202411W2,7,23217.38,23306.0,23141.10352450712,3.7869228400413935,0.0020069058125104,-0.122780428421262,76.2764754928794,positive,24000.0,1.580415699742442,22000.0,-0.6796217939171499,136,107,0.7867647058823529
2024-11-07,True,,202411W2,6,23408.82,23499.0,23378.18979652288,11.491104964888432,0.0096011197378457,-0.3396077824419762,30.63020347712154,positive,24000.0,6.803237844875504,23200.0,-3.630719950866705,140,114,0.8142857142857143
2024-11-08,True,,202411W2,5,23553.89,23732.0,23556.692600218696,28.44785478864185,0.0358523471849612,-0.3974486565651899,-2.8026002186961705,positive,24000.0,12.356488468567832,23200.0,-6.099768228855639,148,120,0.8108108108108109
2024-11-11,True,,202411W2,2,23529.64,23549.0,23407.0529762034,49.75301228798927,0.0393078750926261,-0.2807516872397762,122.58702379659736,positive,23800.0,13.304654278590467,23200.0,-8.299793148440786,156,110,0.7051282051282052
2024-11-12,True,,202411W2,1,22981.77,22856.0,23024.5278760998,-54.596009344259365,-0.0529931560589995,-0.169133009385355,-42.757876099796704,negative,23300.0,4.297361974133509,22800.0,-11.626915057261773,156,124,0.7948717948717948
2024-11-13,True,,202411,7,22860.23,22784.0,22788.949122675986,-0.3374152996160962,-0.0354619887095737,-0.3832826264228587,71.280877324014,negative,23700.0,3.0428128089285296,22000.0,-2.711175784970685,228,175,0.7675438596491229
2024-11-14,True,,202411,6,22715.38,22685.0,22637.53140970788,5.3992180557247575,-0.0183391800021409,-0.4857183485696733,77.84859029212384,positive,23500.0,3.7903804648619257,22000.0,-4.245521617524743,230,165,0.717391304347826
2024-11-15,True,,202411,5,22742.77,22763.0,22736.270955964614,5.297785433224081,-0.0352097316431754,-0.4734931574302903,6.49904403538676,positive,23200.0,5.9779863497000285,22000.0,-5.77609483839587,234,184,0.7863247863247863
2024-11-18,True,,202411,2,22546.54,22574.0,22575.87510338801,-0.5550004670061882,-0.0257172903729175,-0.2932152921763208,-29.335103388009884,negative,23000.0,8.881440262637826,22000.0,-8.943526400331653,234,183,0.782051282051282
2024-11-19,True,,202411,1,22848.8,22852.0,22817.905226590898,23.23839866944818,0.0003214475282443,-0.2041301971347517,30.894773409101617,positive,23000.0,20.481541793195664,22700.0,-11.897836270422273,236,167,0.7076271186440678
2024-11-20,True,,202411W4,7,22688.36,22776.0,22624.15588919997,5.892416222893608,0.0133561217204089,-0.175461645921153,64.20411080002668,positive,23400.0,1.8012277934333911,22200.0,-1.4007644479902477,140,107,0.7642857142857142
2024-11-21,True,,202411W4,6,22555.66,22570.0,22526.679200666847,5.383847465657996,-0.0089864539894758,-0.3391562611909477,28.98079933315239,positive,23200.0,5.192245141945451,21900.0,-3.672376419968416,140,111,0.7928571428571428
2024-11-22,True,,202411W4,5,22904.32,23014.0,22848.590764647848,33.615759789494575,0.0581375374889387,-0.4188521853061955,55.72923535215159,positive,23300.0,10.894708272143218,22500.0,-4.700476725973193,140,111,0.7928571428571428
2024-11-25,True,,202411W4,2,22948.37,23052.0,22913.952337451028,50.2692754417364,0.0443627187452989,-0.2813339108761977,34.41766254897084,positive,23300.0,16.750397415396435,22900.0,-6.32629473826176,140,106,0.7571428571428571
2024-11-26,True,,202411W4,1,22678.76,22628.0,22665.86699956688,-19.162477266880416,-0.0216686981815993,-0.1721523715029601,12.893000433119596,negative,23000.0,8.4689276530801,22600.0,-13.15881054246504,140,111,0.7928571428571428
2024-11-27,True,,202412W1,7,22334.78,22338.0,22369.26333984094,-1.5082620902540418,-0.0196281854053449,-0.181403812714578,-34.48333984094279,negative,22900.0,1.7081427491491,22550.0,-2.3868126648666568,136,106,0.7794117647058824
2024-11-28,True,,202412W1,6,22298.9,22326.0,22207.96471172958,14.429329885850075,0.0206734358609233,-0.3589854768127777,90.93528827042246,positive,22700.0,4.885012390128196,22000.0,-2.899071556812636,144,119,0.8263888888888888
2024-11-29,True,,202412W1,5,22262.5,22300.0,22225.531965128623,12.9753666454384,-0.0004950095591724,-0.3795880201541838,36.96803487137368,positive,22700.0,6.106690624533307,22000.0,-4.708772701564052,148,122,0.8243243243243243
2024-12-02,True,,202412W1,2,22736.93,22800.0,22649.933264012467,48.2739432995597,0.0358517915208741,-0.2923627974355695,86.99673598753361,positive,23000.0,15.015673578025371,22500.0,-5.060545032671879,148,122,0.8243243243243243
2024-12-03,True,,202412W1,1,23027.46,23083.0,22933.327116560864,80.98856313460666,0.0373016143396292,-0.1903583979570481,94.13288343913518,positive,23100.0,19.793571376051293,22800.0,-5.94007710854517,148,118,0.7972972972972973
2024-12-04,True,,202412W2,7,23255.33,23279.0,23066.33618674324,8.3723948687945,0.0190641248543576,-0.1573918791631225,188.99381325676225,positive,23700.0,2.749420352238912,22800.0,-1.7209975398979345,152,117,0.7697368421052632
2024-12-05,True,,202412W2,6,23267.94,23252.0,23235.480044391014,2.080736616676856,-0.0149818189848694,-0.2869927296387307,32.45995560898518,positive,23700.0,5.411249795350376,23000.0,-4.263824209392237,162,118,0.7283950617283951
2024-12-06,True,,202412W2,5,23193.27,23174.0,23193.73406516936,-4.080160498023192,-0.0322241356925755,-0.3281359100055544,-0.4640651693553081,negative,23500.0,8.721781769945583,22800.0,-7.127754901669439,162,122,0.7530864197530864
2024-12-09,True,,202412W2,2,23273.25,23254.0,23212.655707899543,15.58242756354774,0.0019385182814458,-0.2205157951513088,60.594292100457096,positive,23500.0,15.180618851264429,23000.0,-9.244322918821776,162,119,0.7345679012345679
2024-12-10,True,,202412W2,1,23125.08,23098.0,23113.4748572592,-9.125699908317555,-0.0111639534798541,-0.1672845218262904,11.605142740801966,negative,23400.0,14.771721077127449,23000.0,-19.70210650434084,164,114,0.6951219512195121
2024-12-11,True,,202412,7,22903.63,22848.0,22876.63606055362,-3.80770358494436,-0.0393407619949762,-0.3950829246914137,26.993939446379954,negative,23500.0,4.074416147140072,22000.0,-3.912493122698745,264,201,0.7613636363636364
2024-12-12,True,,202412,6,23046.8,23107.0,23011.334229450844,24.143785158893948,0.0290138279371643,-0.5079237882770705,35.46577054915542,positive,23500.0,12.469449797429242,22800.0,-6.103883919462691,266,206,0.7744360902255639
2024-12-13,True,,202412,5,23020.48,22985.0,22949.219818516216,12.88991015683964,-0.0061425817023975,-0.5099442961104714,71.26018148378353,positive,23300.0,10.648256444951386,22600.0,-8.291635014956366,266,204,0.7669172932330827
2024-12-16,True,,202412,2,23039.9,22962.0,22945.751167653496,8.78221964788375,-0.0105919562845792,-0.3531278975053316,94.14883234650551,positive,23300.0,16.215786371696854,22800.0,-11.645399751432164,266,202,0.7593984962406015
2024-12-17,True,,202412,1,23018.01,23029.0,23045.33848256032,-17.046300006552265,-0.0159298153162494,-0.2074393780955409,-27.3284825603223,negative,23200.0,22.290118499560364,22800.0,-17.600683980229316,266,196,0.7368421052631579
2024-12-18,True,,202412W4,7,23168.67,23158.0,23011.451475011298,9.983128700499394,0.0199257395846123,-0.1650396434990376,157.21852498870066,positive,23400.0,2.99072883870997,22900.0,-3.161526602075099,132,103,0.7803030303030303
2024-12-19,True,,202412W4,6,22932.25,22844.0,22838.920801755885,0.6465926666144707,-0.0226678505042865,-0.3552357103683505,93.3291982441151,positive,23300.0,5.179509304126946,22500.0,-5.591321911547027,134,109,0.8134328358208955
2024-12-20,True,,202412W4,5,22510.25,22626.0,22670.81331172509,-8.180194091001576,-0.0451251378288911,-0.3612919834779357,-160.56331172509454,negative,23000.0,5.363511903033644,22500.0,-7.639911713239914,134,111,0.8283582089552238
2024-12-23,True,,202412W4,2,23104.54,23211.0,23114.03766831233,37.29749504483927,0.0194105382210706,-0.3103680453745699,-9.497668312327733,positive,23300.0,14.218791020649524,22700.0,-10.920836696874172,150,118,0.7866666666666666
2024-12-24,True,,202412W4,1,23120.24,23183.0,23149.86390592869,32.09001634228557,0.0068418812998416,-0.1792731022613716,-29.62390592869633,positive,23300.0,20.007983180721773,23000.0,-16.596766224226037,150,108,0.72
2024-12-25,True,,202501W1,8,23220.13,23310.0,23216.74889967896,6.093074191638062,0.0110903684183392,-0.1415341742748518,3.381100321039412,positive,23500.0,3.203837926402696,23000.0,-1.9440143727155013,150,111,0.74
2024-12-26,True,,202501W1,7,23246.94,23309.0,23176.12355829501,21.98392450796719,0.0426167266449477,-0.2719333431726406,70.81644170498839,positive,23500.0,7.94308817938612,23000.0,-4.051499415428579,152,110,0.7236842105263158
2024-12-27,True,,202501W1,6,23275.68,23350.0,23253.923022566505,26.354558718328537,0.0425272340988887,-0.338708587961226,21.756977433495194,positive,23500.0,11.179366536705263,23000.0,-7.720537194667687,152,116,0.7631578947368421
2024-12-30,True,,202501W1,3,23190.2,23158.0,23153.09182492756,2.018713401517105,-0.0091669677609073,-0.2483503227636569,37.10817507244792,positive,23500.0,12.03455224004164,23000.0,-8.843015678736135,156,109,0.6987179487179487
2024-12-31,True,,202501W1,2,23035.1,23032.0,23045.25283067704,-7.494562306908547,-0.0130436816375362,-0.2096585485714344,-10.152830677041491,negative,23300.0,13.230879511461431,22800.0,-11.240614753661331,156,117,0.75
2025-01-02,True,,202501W2,6,22832.06,22849.0,22611.62531723572,15.40989850353257,0.035770372994499,-0.1460893578866525,220.4346827642876,positive,23200.0,4.1766292466217365,22400.0,-1.9795449978270776,136,101,0.7426470588235294
2025-01-03,True,,202501W2,5,22908.3,22963.0,22903.011650786382,12.887022858290615,0.0101498780799172,-0.2858574833096118,5.288349213613401,positive,23200.0,9.358135639692804,22500.0,-5.816289070508562,144,105,0.7291666666666666
2025-01-06,True,,202501W2,2,23547.71,23582.0,23487.48820695024,33.27353170756187,0.0251241531859618,-0.2462604831095016,60.22179304976089,positive,23700.0,11.194652617658129,23300.0,-6.543649004910614,144,97,0.6736111111111112
2025-01-07,True,,202501W2,1,23651.27,23715.0,23712.42433782596,1.9957736194576725,-0.0064371572856194,-0.1813738188564107,-61.154337825959374,positive,24000.0,19.27588551790242,23600.0,-16.933225043625978,156,121,0.7756410256410257
2025-01-08,True,,202501,7,23407.33,23451.0,23171.23549936968,37.1950883159118,0.1017154288142779,-0.4710850640955959,236.0945006303228,positive,24000.0,11.952489642282815,23000.0,-2.924009718103044,214,168,0.7850467289719626
2025-01-09,True,,202501,6,23081.13,23100.0,18859.78586290733,10.37978471522462,0.009885019952109,-0.5913217484792744,4221.344137092663,positive,23800.0,14.436822937444234,22700.0,-6.075220262506073,214,184,0.8598130841121495
2025-01-10,True,,202501,5,23011.86,23048.0,23011.953468730862,9.726969796502766,0.0121415153935594,-0.5860748099260782,-0.0934687308617867,positive,23500.0,13.95406349653748,22700.0,-7.049208007027222,214,158,0.7383177570093458
2025-01-13,True,,202501,2,22488.33,22531.0,22636.343928885475,-25.20108045923829,-0.0453470016654901,-0.3437714388529034,-148.01392888547343,negative,23200.0,6.037379715404265,22400.0,-10.265254314143071,214,148,0.6915887850467289
2025-01-14,True,,202501,1,22797.52,22752.0,22717.821773401425,19.26608979678654,0.0053496223806649,-0.2224479526577541,79.69822659857527,positive,23000.0,18.674055172699465,22600.0,-11.76808743445704,220,175,0.7954545454545454
2025-01-15,True,,202501W4,7,22514.57,22485.0,22296.995033710587,4.856864109088084,0.0126161319495136,-0.1459072728762603,217.57496628941223,positive,23100.0,1.8926931551650967,22000.0,-1.229510308863501,172,127,0.7383720930232558
2025-01-16,True,,202501W4,6,23025.1,23007.0,22814.18858336739,18.359579413673966,0.0703210296026578,-0.4156045074988592,210.9114166326072,positive,24000.0,4.446739954927703,22500.0,-3.4277786032934485,172,131,0.7616279069767442
2025-01-17,True,,202501W4,5,23148.08,23152.0,23051.66581079425,23.72998747299375,0.028809616192779,-0.3716500842051189,96.41418920575596,positive,23500.0,7.776119485003215,22500.0,-4.410202931167343,172,128,0.7441860465116279
2025-01-20,True,,202501W4,2,23266.82,23305.0,23203.060687614576,36.25835165758468,0.0262605335759345,-0.2637539604092239,63.75931238542398,positive,23500.0,13.125615354288778,23000.0,-7.598361088135735,172,125,0.7267441860465116
2025-01-21,True,,202501W4,1,23300.01,23327.0,23260.822001469307,45.25286519157181,0.0140432173524105,-0.1640471013159789,39.1879985306914,positive,23500.0,21.70328724398129,23000.0,-9.53476567292442,172,122,0.7093023255813954
2025-01-22,True,,202501W5,12,23525.41,23667.0,23378.44799982622,9.586443465405615,0.0371010588186711,-0.2052829997169826,146.9620001737785,positive,24000.0,2.2004829752482675,22400.0,-1.0102942620142277,156,120,0.7692307692307693
2025-02-03,True,,202502W1,2,22694.71,22582.0,22502.26816367109,3.060952402753894,0.0002880373131247,-0.0536357850319882,192.44183632890417,positive,23000.0,2.2355393711381306,22000.0,-1.895562453936068,134,87,0.6492537313432836
2025-02-04,True,,202502W1,1,22793.96,22812.0,22726.510520019896,36.99952078389573,0.013829506041997,-0.1167123269551639,67.4494799801032,positive,23050.0,15.814995949356646,22500.0,-9.1917387297436,156,111,0.7115384615384616
2025-02-05,True,,202502W2,7,23161.58,23113.0,23103.743104556248,0.3905784478940218,-0.0094394164142243,-0.1239543875830684,57.83689544375375,positive,23500.0,2.248813478791316,22800.0,-2.168561247967902,156,105,0.6730769230769231
2025-02-06,True,,202502W2,6,23316.6,23275.0,23211.09735478504,8.543756204915608,0.0009061248724242,-0.2755396881491052,105.50264521495774,positive,23700.0,5.235826758455605,22800.0,-6.498788944655897,156,110,0.7051282051282052
2025-02-07,True,,202502W2,5,23478.27,23408.0,23344.92679044208,15.092441211639803,0.0026368756963658,-0.3078402093799929,133.34320955792646,positive,23700.0,9.453084191346514,23000.0,-8.999024388638242,156,110,0.7051282051282052
2025-02-10,True,,202502W2,2,23252.14,23229.0,23226.06585843873,1.215346300288974,-0.015080050878749,-0.2278820659614361,26.07414156126833,positive,23500.0,12.250682441211929,23000.0,-12.622493043419146,156,103,0.6602564102564102
2025-02-11,True,,202502W2,1,23384.05,23329.0,23296.48165854994,25.77944394053433,0.0040418548127212,-0.1441812076350337,87.56834145005996,positive,23500.0,21.7086565886347,23200.0,-12.709206130996382,156,110,0.7051282051282052
2025-02-12,True,,202502,7,23289.75,23315.0,23254.97148009141,8.223878251995295,-0.0057239890393906,-0.365545241461843,34.77851990858471,positive,24000.0,5.184732579863786,23000.0,-8.572226705099851,210,162,0.7714285714285715
2025-02-13,True,,202502,6,23399.41,23401.0,23317.93090760517,22.35272431015015,0.0157930314828046,-0.4680117639446439,81.4790923948276,positive,23700.0,12.455068178520508,23000.0,-13.860618215921397,210,159,0.7571428571428571
2025-02-14,True,,202502,5,23152.61,23181.0,23167.67771270624,4.343112431644641,-0.0434581625762377,-0.5003380150938509,-15.06771270623358,positive,23500.0,11.288264215257804,23000.0,-19.421196388422416,210,161,0.7666666666666667
2025-02-17,True,,202502,2,23505.33,23506.0,23388.9558177424,70.36837149735246,0.0385986180477894,-0.3072363877959989,116.37418225760848,positive,23700.0,24.804691777126745,23000.0,-13.210826210045118,210,156,0.7428571428571429
2025-02-18,True,,202502,1,23666.11,23648.0,23535.198723857608,105.87242221709884,0.033196338116252,-0.1972858353435526,130.91127614239304,positive,23800.0,34.54420702802713,23300.0,-8.561984522146906,210,157,0.7476190476190476
2025-02-19,True,,202502W4,7,23604.08,23613.0,23448.256919478747,12.040029401628257,0.0228967389805225,-0.1642974925636985,155.82308052125518,positive,24000.0,4.1842128589005085,23000.0,-1.8997910737635528,146,100,0.684931506849315
2025-02-20,True,,202502W4,6,23487.46,23548.0,23470.39083936618,17.312325203786713,0.0128965690242749,-0.3210104821161739,17.069160633818683,positive,23800.0,10.075678082082844,23300.0,-8.329919843622976,146,101,0.6917808219178082
2025-02-21,True,,202502W4,5,23730.25,23756.0,23655.84736452981,33.73421604452131,0.037396895609097,-0.3732202401414958,74.40263547018549,positive,24000.0,15.947244835275583,23400.0,-6.440082225218821,146,102,0.6986301369863014
2025-02-24,True,,202502W4,2,23565.31,23574.0,23545.641738146187,17.75768052166103,-0.0017276818619132,-0.2703282696310928,19.66826185381433,positive,23800.0,18.628643937490825,23300.0,-21.87966134681204,148,103,0.6959459459459459
2025-02-25,True,,202502W4,1,23285.72,23315.0,23331.62969874079,-15.117606357981078,-0.0207485520660886,-0.1740362998201544,-45.90969874079019,negative,23500.0,20.45354404453152,23100.0,-17.277644570800916,148,100,0.6756756756756757
2025-02-26,True,,202503W1,7,23402.55,23434.0,23203.68357883685,13.933483824437369,0.0360715189469694,-0.1798322345764207,198.866421163144,positive,24000.0,2.906086032396963,23000.0,-1.7545295898769084,144,101,0.7013888888888888
2025-02-27,True,,202503W1,6,23053.18,23206.0,23096.64186019036,16.20995611190506,0.0210879536661661,-0.3384041460143389,-43.46186019035304,positive,23600.0,5.683135181826743,22800.0,-4.232940184100108,144,105,0.7291666666666666
2025-03-03,True,,202503W1,2,22756.25,22747.0,22724.11394705758,5.653855718128069,-0.0073689808329363,-0.2101179707691369,32.136052942420065,positive,23100.0,6.958068674633956,22500.0,-9.2635780761465,152,97,0.6381578947368421
2025-03-04,True,,202503W1,1,22596.88,22609.0,22664.88706712484,-26.910622155941432,-0.0314035257991587,-0.1688372572544414,-68.00706712483588,negative,22800.0,8.67069554803626,22500.0,-14.119653944573846,164,112,0.6829268292682927
2025-03-05,True,,202503W2,7,22871.9,22905.0,22693.00972860697,8.519137144638988,0.0181598743681254,-0.1600191245803357,178.8902713930329,positive,23300.0,2.1608744139005487,22000.0,-1.7643303862198392,156,115,0.7371794871794872
2025-03-06,True,,202503W2,6,22715.43,22776.0,22645.01901984632,13.767512393188202,0.0159707424548404,-0.3111312302755296,70.41098015368698,positive,23300.0,3.9214284705783338,22000.0,-3.3659505874848508,156,113,0.7243589743589743
2025-03-07,True,,202503W2,5,22576.07,22542.0,22485.27894556702,7.116100010883806,-0.0099166445565765,-0.3417066641861849,90.79105443297884,positive,23100.0,4.533427353373723,22000.0,-5.86970085048633,156,119,0.7628205128205128
2025-03-10,True,,202503W2,2,22459.15,22466.0,22440.4827171808,6.443756708848584,-0.0111140451153848,-0.2353323069970665,18.667282819205862,positive,22800.0,7.174457616414977,22000.0,-7.646857862910336,156,125,0.8012820512820513
2025-03-11,True,,202503W2,1,22071.09,22060.0,22094.100974532503,-10.541186091574584,-0.0198745219081127,-0.1561647483247706,-23.010974532506225,negative,22400.0,6.276814266403295,21800.0,-8.37434103309169,160,128,0.8
2025-03-12,True,,202503,7,22278.36,22233.0,22428.025159952893,-12.726075257635792,-0.0797772837801472,-0.4053642012069116,-149.66515995289228,negative,22600.0,2.332377474667572,21800.0,-3.800912274449308,270,206,0.762962962962963
2025-03-13,True,,202503,6,21961.68,21920.0,22078.06567226041,-18.14591868692489,-0.1206742230293026,-0.5026477351848249,-116.38567226041414,negative,22500.0,3.400691563462162,21800.0,-5.545775781778717,270,231,0.8555555555555555
2025-03-14,True,,202503,5,21968.05,21962.0,22001.18504323471,-6.507238907096621,-0.0704471320367267,-0.5218105251766727,-33.13504323470988,negative,22350.0,5.620211568403532,21800.0,-7.084015710293595,272,218,0.8014705882352942
2025-03-17,True,,202503,2,22118.63,22155.0,22160.5878239992,-2.261775089653049,-0.0367250740146391,-0.297508785901053,-41.95782399919699,negative,22500.0,11.398485508429363,22000.0,-10.680923263263924,272,197,0.7242647058823529
2025-03-18,True,,202503,1,22271.67,22229.0,22250.0201297816,-16.50742223869306,-0.0315867927830023,-0.2087582732890615,21.649870218396245,negative,22500.0,18.9770077064238,22000.0,-31.05891712922988,272,199,0.7316176470588235
2025-03-19,True,,202503W4,7,21960.83,22026.0,21897.933135891904,6.277598416998248,0.0071146414988712,-0.1590992345148237,62.89686410809736,positive,22700.0,2.1001159498225475,21800.0,-1.667054484949803,132,102,0.7727272727272727
2025-03-20,True,,202503W4,6,22377.26,22371.0,22203.285614831108,28.91793914867193,0.0541313180681205,-0.3421397388325388,173.97438516889088,positive,22500.0,8.848612450699513,22000.0,-4.462189668942625,132,104,0.7878787878787878
2025-03-21,True,,202503W4,5,22209.1,22194.0,22134.02045865889,15.855482569103598,0.0043067852479224,-0.3683072932797778,75.07954134110332,positive,22500.0,16.72446169345391,22000.0,-7.325606070954703,136,106,0.7794117647058824
2025-03-24,True,,202503W4,2,22106.64,22175.0,22098.34605308871,34.56462803087823,0.016603869841116,-0.2587521471155809,8.293946911289822,positive,22500.0,22.30318039102551,22000.0,-8.802600965490429,136,105,0.7720588235294118
2025-03-25,True,,202503W4,1,22273.19,22302.0,22243.752761234748,52.797413115885085,0.0132892621315858,-0.1532368512108673,29.43723876525109,positive,22500.0,30.8172893585423,22100.0,-12.445461602652289,136,92,0.6764705882352942
2025-03-26,True,,202504W1,7,22260.29,22304.0,22256.3067596497,3.6063009458031616,-0.0070290780411422,-0.1632521480933818,3.983240350302367,positive,22800.0,3.173294285405168,22000.0,-3.393523061209601,136,93,0.6838235294117647
2025-03-27,True,,202504W1,6,21951.76,21971.0,21921.910428891904,7.39201813830725,-0.0156092915016557,-0.3343681917661559,29.849571108094096,positive,22500.0,5.622245675004349,21500.0,-4.028355228807175,136,100,0.7352941176470589
2025-03-28,True,,202504W1,5,21602.89,21605.0,21600.16121606912,0.8782801875050877,-0.0315875087081034,-0.3434412977602515,2.728783930881036,positive,22000.0,5.112601366418113,21300.0,-5.045559029143109,136,92,0.6764705882352942
2025-03-31,True,,202504W1,2,20695.9,20772.0,20895.68076754834,-15.742905971524443,-0.0520455038395638,-0.2406470219687675,-199.7807675483382,negative,21250.0,3.111157678039688,20600.0,-5.354522748427992,148,122,0.8243243243243243
2025-04-01,True,,202504W1,1,21280.17,21189.0,21153.502581051303,14.287281144572376,-0.0018888780957542,-0.1681831388337028,126.66741894869484,positive,21400.0,11.804477673438315,21000.0,-7.501999150625335,182,117,0.6428571428571429
2025-04-02,True,,202504W2,7,21298.22,21299.0,21230.1155065222,1.728515803712116,-0.0127044700885853,-0.1357199397043295,68.10449347780377,positive,22000.0,1.3798749769793035,21100.0,-1.1021996772137697,178,130,0.7303370786516854
2025-04-07,True,,202504W2,2,19232.35,19167.0,18917.47560843,9.839802226298625,0.0147967095124492,-0.0746680927136717,314.8743915699997,positive,19100.0,3.320324184354193,18600.0,-1.7624223534696617,178,143,0.8033707865168539
2025-04-08,True,,202504W2,1,18459.95,18358.0,18111.2012753421,6.771172393865896,0.0127370298960089,-0.080845572742168,348.7487246579003,positive,19200.0,1.2867429417288945,17300.0,-1.4764567391919503,232,150,0.646551724137931
2025-04-09,True,,202504,7,17391.76,17185.0,17383.024333536236,-0.7643573627810741,-0.0191139490432605,-0.2242400125191522,8.735666463762755,negative,20000.0,0.5773367635423529,17500.0,-0.8930577202670238,316,269,0.8512658227848101
2025-04-10,True,,202504,6,19000.03,19430.0,18815.088870941217,14.201438870427545,0.0672436651776004,-0.6785556693836547,184.94112905878137,positive,20000.0,4.952580240912104,19000.0,-2.414158300047878,354,302,0.8531073446327684
2025-04-11,True,,202504,5,19528.77,19544.0,18894.794847712383,19.34929742362831,0.080047541621714,-0.5055135762713905,633.975152287614,positive,20000.0,5.806443284585981,19000.0,-1.8443886125994229,354,314,0.8870056497175142
2025-04-14,True,,202504,2,19513.09,19491.0,19186.38701599044,18.883092407559246,0.0375394234914342,-0.3054370023516096,326.70298400956744,positive,20000.0,7.844869046597229,19000.0,-3.404119240103768,354,275,0.7768361581920904
2025-04-15,True,,202504,1,19857.67,19798.0,19633.22438244637,31.9879231645058,0.0134467056482337,-0.1702207300923424,224.44561755362884,positive,20000.0,19.40338890776717,19500.0,-2.975287823372733,354,281,0.7937853107344632
2025-04-16,True,,202504W4,7,19468.0,19380.0,19336.16882134996,0.4106452905457904,-0.0140118746849434,-0.1104770702719581,131.8311786500417,positive,20000.0,0.5871762195391869,19000.0,-0.5955848817489214,200,166,0.83
2025-04-17,True,,202504W4,6,19338.73,19404.0,19112.750050794333,7.431697588837503,0.0199392160733349,-0.2438470969740116,225.9799492056664,positive,20000.0,2.5718326406260617,19000.0,-1.332263252928778,200,170,0.85
2025-04-18,True,,202504W4,5,19395.03,19360.0,19242.92403002186,8.026371683301521,0.000864481632169,-0.2005912363067431,152.1059699781399,positive,20000.0,3.660362412661264,19000.0,-2.09741073473076,200,172,0.86
2025-04-21,True,,202504W4,2,19106.2,19125.0,19084.30313624759,3.587224182813929,-0.0088801423477811,-0.1368812307682927,21.896863752412173,positive,19500.0,3.2888031686373784,19000.0,-2.976678987819276,200,157,0.785
2025-04-22,True,,202504W4,1,18793.43,18822.0,18861.10792809549,-5.66693453914895,-0.0128990049680125,-0.0947819267593924,-67.67792809549064,negative,19100.0,3.1483472795448213,18500.0,-4.9129590455881935,200,164,0.82
2025-04-23,True,,202504W5,7,19639.14,19583.0,19297.552905077184,5.48006322588607,0.0185757152544262,-0.1296171807157047,341.5870949228156,positive,20000.0,1.8831266713441053,19000.0,-0.8755188676880826,148,122,0.8243243243243243
2025-04-24,True,,202504W5,6,19478.81,19494.0,19280.49960921625,10.90230216620092,0.0273535584586227,-0.2441762821279649,198.3103907837504,positive,20000.0,3.1148717309358216,19000.0,-1.6781390758567656,148,125,0.8445945945945946
2025-04-25,True,,202504W5,5,19872.73,19898.0,19696.26341911061,17.57082204973849,0.0235488562975778,-0.3187311835941893,176.46658088938784,positive,20500.0,4.471335599890374,19500.0,-2.210278423247677,148,128,0.8648648648648649
2025-04-28,True,,202504W5,2,20034.41,19990.0,19829.63440941175,28.23630866701919,0.0223727599544531,-0.2120691200243138,204.77559058825136,positive,20300.0,7.131768853044279,19500.0,-3.4464197156909866,148,133,0.8986486486486487
2025-04-29,True,,202504W5,1,20232.63,20191.0,20030.65361213664,60.143059171187325,0.0335013141311178,-0.1447719176687638,201.9763878633603,positive,20300.0,15.624393342831269,20000.0,-5.289269018250188,154,129,0.8376623376623377
2025-04-30,True,,202505W1,7,20235.03,20185.0,20042.267010877145,2.8200577244086804,-0.0006146945111093,-0.1042761887527017,192.76298912285347,positive,20300.0,1.2672847160722494,20000.0,-0.7209827806881783,162,119,0.7345679012345679
2025-05-02,True,,202505W1,5,20787.64,20705.0,20507.132175336945,13.724449120350018,0.0045530488655215,-0.2843984407554634,280.50782466305463,positive,21000.0,6.466775222457933,20000.0,-2.1410704700652765,162,129,0.7962962962962963
2025-05-05,True,,202505W1,2,20532.99,20465.0,20358.109798370715,13.90481356298033,0.004745188737947,-0.2136143605310475,174.8802016292866,positive,21000.0,6.628976795290879,20000.0,-4.248888853011898,186,134,0.7204301075268817
2025-05-06,True,,202505W1,1,20522.59,20434.0,20391.167316261693,11.684980353479006,-0.0033102510114693,-0.144446573537657,131.42268373830666,positive,20600.0,7.738138597627814,20000.0,-5.474033191744888,186,136,0.7311827956989247
2025-05-07,True,,202505W2,7,20546.49,20454.0,20210.14337111248,2.9764940018395887,0.0020326016777036,-0.112595523688922,336.3466288875243,positive,21000.0,1.6749446298647592,20000.0,-0.7691686155861938,132,104,0.7878787878787878
2025-05-08,True,,202505W2,6,20543.4,20642.0,20384.072040952327,10.68171069289822,0.0133675969049722,-0.2403393312461131,159.32795904767409,positive,21000.0,3.2043213250115885,20000.0,-1.7637442716517493,132,111,0.8409090909090909
2025-05-09,True,,202505W2,5,20915.04,20898.0,20645.07160744983,19.16512563303449,0.0350661371869482,-0.2698248727556435,269.9683925501704,positive,21300.0,4.037613117887965,20000.0,-2.0880089642151765,132,111,0.8409090909090909
2025-05-12,True,,202505W2,2,21129.54,21119.0,20932.01475869521,33.58938852964799,0.0324893945962381,-0.1922436247302042,197.52524130478923,positive,21300.0,9.127116900744932,20500.0,-3.3835033753253008,138,115,0.8333333333333334
2025-05-13,True,,202505W2,1,21330.14,21384.0,21326.230682508987,22.77354748177447,0.0002160620791576,-0.1583146669257492,3.909317491012189,positive,21600.0,17.264052553925378,21200.0,-7.402924159777923,148,100,0.6756756756756757
2025-05-14,True,,202505,7,21782.87,21775.0,20880.53116556413,28.157505280334966,0.0998975602653145,-0.3543218401562698,902.3388344358646,positive,22000.0,11.987620208444726,21100.0,-0.7350262804044244,296,231,0.7804054054054054
2025-05-15,True,,202505,6,21730.25,21694.0,21444.368121303927,21.705857909295283,0.0445673124879425,-0.4787128111439432,285.8818786960728,positive,22000.0,14.249840453023038,21400.0,-3.542520037881875,304,244,0.8026315789473685
2025-05-16,True,,202505,5,21843.69,21825.0,21623.275371603177,34.8925225008791,0.0554052231416481,-0.4338797282019196,220.41462839682208,positive,22000.0,21.286296089774144,21400.0,-4.03347451839045,304,226,0.743421052631579
2025-05-19,True,,202505,2,21523.83,21534.0,21503.488243421376,8.332713521872257,-0.0033667003299977,-0.2938068899560338,20.34175657862579,positive,22000.0,14.188239506820358,21400.0,-8.015163438372452,306,230,0.7516339869281046
2025-05-20,True,,202505,1,21526.03,21541.0,21522.965123480462,9.95827033069062,-0.0011289308307769,-0.181425112500717,3.064876519536483,positive,21700.0,15.247388523676118,21400.0,-9.861313036793424,306,206,0.673202614379085
2025-05-21,True,,202505W4,7,21803.91,21766.0,21785.592442513007,-0.7117553319577943,-0.0165260662864836,-0.138916801110809,18.31755748699288,negative,22000.0,2.2893456843004896,21600.0,-1.59103382553581,138,105,0.7608695652173914
2025-05-22,True,,202505W4,6,21670.96,21618.0,21538.273105470704,7.814472948587329,-0.0011140483816933,-0.2703943959131643,132.6868945292954,positive,22000.0,5.822400685553481,21000.0,-3.0464944750698466,138,110,0.7971014492753623
2025-05-23,True,,202505W4,5,21652.24,21595.0,21522.46561844121,12.62648492549829,-0.003652656852471,-0.2955175343158837,129.77438155878917,positive,22000.0,8.241742705028818,21000.0,-4.47896294834469,138,109,0.7898550724637681
2025-05-26,True,,202505W4,2,21536.57,21536.0,21486.09233585632,16.794183295260037,-0.0032230208720599,-0.1930883081296968,50.47766414368016,positive,21800.0,11.340269605742357,21200.0,-5.2907547906416745,138,100,0.7246376811594203
2025-05-27,True,,202505W4,1,21336.54,21370.0,21329.044053934,19.35580818281735,0.0039556291215532,-0.1317415416422915,7.495946066002943,positive,21600.0,12.727706914782964,21200.0,-7.7102492794510225,138,98,0.7101449275362319
2025-05-28,True,,202506W1,7,21357.72,21384.0,21274.599449973543,3.060957593907832,-0.0038995498317862,-0.1356506972465551,83.12055002645502,positive,22000.0,1.5498443016413574,20600.0,-1.0859036710973942,134,103,0.7686567164179104
2025-05-29,True,,202506W1,6,21347.3,21449.0,21239.85015274568,13.914301745082517,0.0259594126226926,-0.2760622634046875,107.44984725432003,positive,22000.0,4.6164632993952495,21000.0,-1.834905386059041,134,107,0.7985074626865671
2025-06-02,True,,202506W1,2,21002.71,20995.0,20962.156652532714,6.111032514125039,-0.0068110359271002,-0.1667362354024631,40.553347467284766,positive,21400.0,6.3326891605028095,20500.0,-4.403878824367287,134,92,0.6865671641791045
2025-06-03,True,,202506W1,1,21126.93,21096.0,21110.55503602332,-7.012575916361104,-0.0154839490275351,-0.1324202261291675,16.37496397668656,negative,21300.0,11.337083923655284,21000.0,-13.283553853943976,146,117,0.8013698630136986
2025-06-04,True,,202506W2,7,21618.09,21550.0,21515.81175326044,0.8865094759066615,-0.0063763921242435,-0.1171130839385497,102.27824673955912,positive,22000.0,1.6085278957084868,21200.0,-1.4054999932291805,126,98,0.7777777777777778
2025-06-05,True,,202506W2,6,21674.43,21633.0,21589.741221896096,4.033377038002897,-0.0097317034346352,-0.2518298464554988,84.68877810390404,positive,22000.0,6.240479140829613,21200.0,-3.4119843303493065,138,104,0.7536231884057971
2025-06-06,True,,202506W2,5,21660.66,21654.0,21602.11138249608,7.87204594864226,-0.0069946811394139,-0.2900659891652668,58.548617503925925,positive,22000.0,8.133436018468213,21200.0,-4.300053008965169,140,107,0.7642857142857142
2025-06-09,True,,202506W2,2,21790.29,21803.0,21720.06974001103,26.3641950777464,0.0184142156985791,-0.1990306275329763,70.22025998897152,positive,22000.0,15.24509859460541,21500.0,-6.553463634198935,140,101,0.7214285714285714
2025-06-10,True,,202506W2,1,22242.14,22194.0,22124.602557591847,22.960624072455435,0.0080153334355289,-0.142527595092188,117.53744240815286,positive,22400.0,14.243929596370272,22000.0,-5.320115563746335,144,110,0.7638888888888888
2025-06-11,True,,202506,7,22470.1,22347.0,21868.416566568583,29.145238135181863,0.0811641802210722,-0.3482023735892731,601.6834334314153,positive,23000.0,6.005149979787184,21000.0,-1.6290313641021907,300,227,0.7566666666666667
2025-06-12,True,,202506,6,22287.82,22256.0,21966.443117920087,37.13338468851461,0.0856213022546106,-0.4511549587400848,321.3768820799123,positive,22500.0,9.811153265289956,22050.0,-1.6981031050007294,306,229,0.7483660130718954
2025-06-13,True,,202506,5,22072.95,21937.0,21818.06085772042,17.61771106544048,0.0090656618467545,-0.5155735766361038,254.8891422795823,positive,22500.0,8.704033797224897,21000.0,-3.366661613966932,306,230,0.7516339869281046
2025-06-16,True,,202506,2,22049.9,22033.0,21893.621080621928,45.73037959263871,0.0475822510314773,-0.2993219238021756,156.27891937807362,positive,22400.0,13.284714501199966,21800.0,-4.819767844703147,306,221,0.7222222222222222
2025-06-17,True,,202506,1,22211.59,22164.0,22060.54855103721,64.21962157088272,0.0332263265432577,-0.1923688556720956,151.04144896279104,positive,22400.0,21.026841824398925,22000.0,-9.061490342876372,306,214,0.6993464052287581
2025-06-18,True,,202506W4,7,22356.73,22195.0,22166.16913739852,0.8441687702570593,-0.0108636576477642,-0.1248982087126878,190.56086260148004,positive,22500.0,1.416589312431049,22000.0,-1.00413688912261,136,103,0.7573529411764706
2025-06-19,True,,202506W4,6,22003.5,21972.0,21890.84611095884,7.960840697131382,-0.0153478444880223,-0.2689535376784366,112.65388904116116,positive,22500.0,5.227441370143608,21000.0,-2.493005874068537,136,106,0.7794117647058824
2025-06-20,True,,202506W4,5,22045.74,21921.0,21791.78823500908,19.58026381138861,0.0045931245278929,-0.3253904734139005,253.9517649909285,positive,22200.0,5.5618345793848185,21000.0,-3.757733669968628,138,113,0.8188405797101449
2025-06-23,True,,202506W4,2,21732.02,21747.0,21696.86031813258,13.492341091059796,-0.0071834645433594,-0.2054685234139259,35.15968186741884,positive,22000.0,8.84523787399326,21500.0,-6.147411393989554,138,102,0.7391304347826086
2025-06-24,True,,202506W4,1,22188.76,22215.0,22091.24131381444,83.09364080572645,0.0281252580731641,-0.1695744597526256,97.51868618556182,positive,22300.0,34.383851898387704,21950.0,-6.62717925597512,148,116,0.7837837837837838
2025-06-25,True,,202507W1,7,22430.61,22310.0,22159.66839894569,5.119222582233948,0.0107745166781759,-0.1449184296953067,270.9416010543064,positive,22700.0,1.9229286314277387,21800.0,-1.3411716046025803,142,107,0.7535211267605634
2025-06-26,True,,202507W1,6,22492.34,22277.0,22173.38595324429,9.70915349839437,0.0148322154682874,-0.2764048359068073,318.954046755709,positive,22500.0,5.457243639300406,22000.0,-2.8513381811366463,146,114,0.7808219178082192
2025-06-27,True,,202507W1,5,22580.08,22305.0,22142.637047053067,24.291363088372844,0.0495220179468684,-0.3386279518731111,437.4429529469344,positive,22500.0,8.02756306211404,22000.0,-4.1302951869788265,150,116,0.7733333333333333
2025-06-30,True,,202507W1,2,22256.02,22323.0,22231.903270531384,25.513031597183737,0.0244541609848911,-0.2478368301613699,24.11672946861654,positive,22500.0,11.711453173070852,22000.0,-7.495918006354945,154,118,0.7662337662337663
2025-07-01,True,,202507W1,1,22553.72,22513.0,22466.311573098217,23.056702600319007,0.0032140425630012,-0.1819758089545104,87.40842690178397,positive,22800.0,17.461400313753195,22400.0,-7.602100370936905,154,118,0.7662337662337663
2025-07-02,True,,202507W2,7,22577.74,22478.0,22360.88174611692,3.336241717256041,0.0005154195971014,-0.1118083524899022,216.85825388308515,positive,23000.0,1.6295090305677036,22000.0,-1.1564218641939663,138,102,0.7391304347826086
2025-07-03,True,,202507W2,6,22712.97,22737.0,22667.0801020706,6.16350450925331,-0.0119806404577258,-0.286136911024845,45.88989792940265,positive,23000.0,4.373741507382753,22000.0,-3.2910870800833028,138,111,0.8043478260869565
2025-07-04,True,,202507W2,5,22547.5,22506.0,22501.20583399756,0.6371563802949404,-0.0376995045053532,-0.3268668396878835,46.29416600244076,positive,23000.0,5.580975032847252,22000.0,-4.471429475530452,142,110,0.7746478873239436
2025-07-07,True,,202507W2,2,22428.72,22385.0,22373.87723160105,2.3634702676397423,-0.0159352279353837,-0.2267377388787513,54.842768398946646,positive,22800.0,6.548609126778576,22000.0,-7.330260283840373,142,108,0.7605633802816901
2025-07-08,True,,202507W2,1,22362.27,22304.0,22294.46319877885,3.279078851493472,-0.0038124375566127,-0.1416326225884072,67.80680122115155,positive,22600.0,7.571115925877254,22000.0,-9.370264399847663,142,102,0.7183098591549296
2025-07-09,True,,202507F2,2,22527.01,22463.0,22413.10945972653,1.898233523019092,-0.000289724014802,-0.0431557465404093,113.90054027347288,positive,22900.0,1.4295188436257629,22200.0,-1.6413823858109549,138,99,0.717391304347826
2025-07-10,True,,202507F2,1,22693.25,22634.0,22605.36743308545,5.711645757736439,0.0012938099274753,-0.0608724846556715,87.88256691454808,positive,22800.0,5.941482415330267,22550.0,-3.4430754207817507,138,98,0.7101449275362319
2025-07-11,True,,202507,5,22751.03,22766.0,22513.76791921296,35.48072919710036,0.056468826360659,-0.3785496848954222,237.2620807870408,positive,23000.0,14.513718647921932,22000.0,-2.9157377799330044,242,191,0.7892561983471075
2025-07-14,True,,202507,2,22614.97,22548.0,22473.215086058022,24.176448790631248,0.0116648808084387,-0.2755528415232267,141.75491394197888,positive,23000.0,14.21249493267868,22200.0,-6.451932725102439,242,187,0.7727272727272727
2025-07-15,True,,202507,1,22835.94,22807.0,22720.77879852323,53.0957995553911,0.0236857840156441,-0.1906926566349226,115.16120147676702,positive,23000.0,27.48610427236242,22600.0,-8.74796098385916,242,165,0.6818181818181818
2025-07-16,True,,202507F3,2,23042.9,23031.0,22917.364115804565,5.418743137317669,0.0039407893076086,-0.0514848252248396,125.53588419543668,positive,23400.0,2.111511922024825,22700.0,-1.0820787584556375,140,100,0.7142857142857143
2025-07-17,True,,202507F3,1,23113.28,23228.0,23057.61239941268,27.97924112869898,0.0205601824188172,-0.08893174934599,55.66760058732325,positive,23500.0,8.315834639440267,22800.0,-3.690391866312353,148,110,0.7432432432432432
2025-07-18,True,,202507W4,5,23383.13,23334.0,23253.611753659912,11.921467110630475,0.0079727587112934,-0.2246857158316983,129.5182463400888,positive,23500.0,7.00170322842637,23000.0,-3.0275458368743657,152,120,0.7894736842105263
2025-07-21,True,,202507W4,2,23340.56,23307.0,23233.126468805323,32.62853347149768,0.0157261136435595,-0.1770154252599403,107.43353119467793,positive,23500.0,16.102098703400646,23000.0,-7.783454653181202,164,123,0.75
2025-07-22,True,,202507W4,1,22987.92,23045.0,23066.151394505872,-15.143154986351698,-0.015487997348534,-0.1400825328067474,-78.23139450587405,negative,23250.0,13.792381514188502,23000.0,-21.163126178903983,164,117,0.7134146341463414
2025-07-23,True,,202507F4,2,23318.67,23240.0,23188.375335645644,4.521620107616732,0.0011757489284796,-0.0560555593781875,130.2946643543546,positive,23500.0,3.868178011672066,23000.0,-3.062437290379925,156,117,0.75
2025-07-24,True,,202507F4,1,23373.73,23365.0,23311.93548758958,26.05432423129192,0.0076642382050708,-0.0758322575300468,61.794512410418974,positive,23500.0,13.79346899077267,23100.0,-8.524258973509228,156,102,0.6538461538461539
2025-07-25,True,,202507W5,5,23364.38,23308.0,23257.499238436765,6.6369436556091,-0.0023657756456414,-0.2212514246680815,106.88076156323586,positive,23600.0,4.489333577050273,23000.0,-4.342465740780122,146,109,0.7465753424657534
2025-07-28,True,,202507W5,2,23412.98,23476.0,23385.71140130317,34.68847348445054,0.0160057811691671,-0.2228322118314488,27.26859869682812,positive,23600.0,12.679456368725887,23300.0,-8.865177105607598,146,110,0.7534246575342466
2025-07-29,True,,202507W5,1,23201.52,23211.0,23211.4541634928,-0.2721306892035535,-0.0076744208685484,-0.1580888242313285,-9.934163492798689,negative,23500.0,15.693617285535064,23000.0,-14.503367918423464,146,101,0.6917808219178082
2025-07-30,True,,202508F1,2,23461.72,23407.0,23266.39991591176,9.362567890751665,0.0058228684477565,-0.053037676160422,195.3200840882455,positive,23600.0,3.24075932687342,23000.0,-1.2238996415448276,142,96,0.676056338028169
2025-07-31,True,,202508F1,1,23542.52,23634.0,23483.414001335444,44.884976203341246,0.02097643921844,-0.0931434981448208,59.10599866455596,positive,23700.0,14.719988630277028,23400.0,-7.1083684324123295,146,103,0.7054794520547946
2025-08-01,True,,202508W1,5,23434.38,23380.0,23321.70708964565,7.003264957513875,-0.0040203267629394,-0.2364249707128657,112.6729103543512,positive,24000.0,4.4247576134127655,23000.0,-4.766269440389944,146,114,0.7808219178082192
2025-08-04,True,,202508W1,2,23378.94,23299.0,23248.25754006299,21.95293771966273,0.0001186122009478,-0.2237650831712455,130.6824599370084,positive,23500.0,14.501444748762658,23000.0,-13.319234508618951,146,103,0.7054794520547946
2025-08-05,True,,202508W1,1,23660.59,23613.0,23537.161940804883,65.74234631107488,0.0173714563915358,-0.1711724009897657,123.42805919511738,positive,23700.0,30.354665807659693,23400.0,-13.292591450013152,146,105,0.7191780821917808
2025-08-06,True,,202508F2,2,23447.36,23461.0,23434.94042878088,3.0407888312778497,-0.0030480715842715,-0.0545304809143254,12.41957121912492,positive,23700.0,4.1613516223755225,23400.0,-3.2065283773976225,146,93,0.636986301369863
2025-08-07,True,,202508F2,1,24003.77,24014.0,23989.987813115204,12.7333494128675,0.0030862136070217,-0.1021856547680601,13.782186884796827,positive,24200.0,14.493323703186832,23900.0,-10.41768250310447,146,105,0.7191780821917808
2025-08-08,True,,202508W2,5,24021.26,23965.0,23921.85002647869,6.474351437845396,0.0025945001803685,-0.2338368836174807,99.40997352130944,positive,24300.0,4.489881876712435,23650.0,-2.9052048038436498,160,118,0.7375
2025-08-11,True,,202508W2,2,24135.5,24169.0,24066.73418264917,50.77179580885381,0.0288351484842902,-0.2457267182595389,68.765817350828,positive,24300.0,21.85080863281204,24000.0,-10.0903938626573,160,123,0.76875
2025-08-12,True,,202508W2,1,24158.36,24147.0,24125.992341787813,18.94631078768921,0.0018862143697206,-0.1758649672473259,32.36765821218796,positive,24300.0,26.908204527118382,24000.0,-21.807636821040003,166,130,0.7831325301204819
2025-08-13,True,,202508F3,2,24370.02,24351.0,24243.919013727314,16.59120400162557,0.0101053853835868,-0.0646850044082496,126.100986272686,positive,24600.0,6.501713414434259,24100.0,-3.1411487005324377,158,98,0.620253164556962
2025-08-14,True,,202508F3,1,24238.1,24275.0,24272.330947753817,1.8323041912878533,0.0034527324266152,-0.1003663715303417,-34.23094775381833,positive,24500.0,20.137214279662427,24150.0,-15.415586503484228,168,118,0.7023809523809523
2025-08-15,True,,202508,5,24334.48,24311.0,24217.88855733249,25.625699313684017,0.0371179788913484,-0.3982535274278164,116.59144266750444,positive,24500.0,13.162559993006315,24200.0,-9.896816224691634,256,181,0.70703125
2025-08-18,True,,202508,2,24482.52,24426.0,24372.92672178252,39.51980853353592,0.0143552240689161,-0.3095440486919917,109.5932782174823,positive,24500.0,28.47679904440759,24200.0,-22.102307588282628,256,172,0.671875
2025-08-19,True,,202508,1,24353.5,24343.0,24351.32071179771,-12.717546132846437,-0.0094466598114993,-0.2365799322640762,2.179288202289172,negative,24500.0,48.94929465560712,24200.0,-37.38728169522608,260,185,0.7115384615384616
2025-08-20,True,,202508F4,2,23625.44,23720.0,23764.20772607224,-3.1986324888504143,-0.0080481948006014,-0.0670038122599607,-138.7677260722412,negative,24200.0,1.8838749655585936,23600.0,-2.816968985932052,148,104,0.7027027027027027
2025-08-21,True,,202508F4,1,23962.13,23900.0,23874.340883681496,13.858659033472012,-0.001556535014608,-0.1057411559095666,87.78911631850497,positive,24000.0,20.23540548358929,23700.0,-10.841847490293755,164,112,0.6829268292682927
2025-08-22,True,,202508W4,5,23764.47,23788.0,23867.74671053809,-11.63959291246486,-0.0637325428056306,-0.2809118839052396,-103.27671053808808,negative,24000.0,4.987935112501699,23500.0,-7.037313986558441,164,114,0.6951219512195121
2025-08-25,True,,202508W4,2,24277.38,24303.0,24240.579936140177,32.1245038672465,0.0048578784834763,-0.2557326932493685,36.80006385982415,positive,24400.0,21.02640279364426,24000.0,-11.004528122455577,164,113,0.6890243902439024
2025-08-26,True,,202508W4,1,24305.1,24313.0,24236.201185147955,84.55078721228573,0.0247581121449607,-0.1941647306725684,68.89881485204387,positive,24400.0,46.02814585514852,24100.0,-16.525083688443377,164,114,0.6951219512195121
2025-08-27,True,,202508F5,2,24519.9,24511.0,24394.311457437623,9.920280763568975,0.0073360090083446,-0.0622618901426583,125.58854256237828,positive,24600.0,3.425733272576344,24200.0,-1.8191444389594835,164,105,0.6402439024390244
2025-08-28,True,,202508F5,1,24236.45,24293.0,24328.81273983001,-20.35485251470285,-0.0154300080301947,-0.0965208147061832,-92.362739830005,negative,24500.0,9.752713443183849,24000.0,-15.318494762156469,166,101,0.608433734939759
2025-08-29,True,,202509W1,5,24233.1,24315.0,24399.12977854634,-17.640957770641418,-0.0528645377800538,-0.2168569752634552,-166.02977854634082,negative,24700.0,4.466548651356747,24000.0,-10.155436699866904,166,113,0.6807228915662651
2025-09-01,True,,202509W1,2,24071.73,24058.0,24059.397347952392,-0.7895972389243954,-0.0239983866734654,-0.2468990338504778,12.332652047607551,negative,24300.0,11.881003865000668,23900.0,-20.80244654480903,166,115,0.6927710843373494
2025-09-02,True,,202509W1,1,24016.78,24006.0,24040.56152160146,-29.712651506797737,-0.027594873755112,-0.1908002251403987,-23.78152160146056,negative,24300.0,16.47503458131529,23900.0,-23.903519089123765,166,104,0.6265060240963856
2025-09-03,True,,202509F1,2,24100.3,24028.0,24013.96420226656,1.742303580209744,-0.0058512192598302,-0.079331633456658,86.33579773343808,positive,24300.0,4.160932046860018,23800.0,-3.770725601342798,160,94,0.5875
2025-09-04,True,,202509F1,1,24179.85,24180.0,24201.957025376145,-16.082592273174022,-0.0177810582915362,-0.1132763037804331,-22.10702537614634,negative,24300.0,15.59433503444152,24000.0,-16.823043203329885,160,102,0.6375
2025-09-05,True,,202509W2,5,24494.58,24458.0,24342.565372420708,19.03151799889728,0.0158653166844242,-0.2153212746404178,152.01462757929403,positive,24700.0,8.396376315425398,24000.0,-5.47193746494005,150,109,0.7266666666666667
2025-09-08,True,,202509W2,2,24547.38,24586.0,24553.162823688766,18.9625565976784,0.0016587752797139,-0.22970731030626,-5.782823688765348,positive,24800.0,20.92529268641255,24200.0,-10.544760750599478,150,112,0.7466666666666667
2025-09-09,True,,202509W2,1,24855.18,24833.0,24753.75713692009,76.86229567886924,0.0162549453376363,-0.1817720740298612,101.42286307991162,positive,24900.0,35.172466010162644,24650.0,-12.569003815786422,152,105,0.6907894736842105
2025-09-10,True,,202509F2,2,25192.59,25194.0,25097.70004422016,10.128552361818532,0.0057458315768763,-0.0897665037988644,94.88995577984316,positive,25500.0,7.133618207526309,25000.0,-3.145830785640819,164,111,0.676829268292683
2025-09-11,True,,202509F2,1,25215.71,25259.0,25248.809874006954,4.551833635391231,-0.0080750036891176,-0.1271302694841423,-33.09987400695536,positive,25500.0,16.76859972830991,25000.0,-10.93589105476961,178,125,0.702247191011236
2025-09-12,True,,202509,5,25474.64,25460.0,20576.487534976768,37.18649972782013,0.0487828285063316,-0.3578278729419993,4898.152465023231,positive,26000.0,10.97133863112478,25000.0,-3.972412953207613,314,273,0.8694267515923567
2025-09-15,True,,202509,2,25357.16,25351.0,25294.638625234984,29.82568709269403,0.0137850596483092,-0.2950259243533911,62.521374765015935,positive,25500.0,19.28192131259681,25000.0,-10.2902382969595,324,198,0.6111111111111112
2025-09-16,True,,202509,1,25629.64,25628.0,25558.08627321101,68.11671045711229,0.0244215334928332,-0.2003638314468568,71.55372678898493,positive,25700.0,33.622243282869455,25450.0,-16.588511811978858,324,219,0.6759259259259259
2025-09-17,True,,202509F3,2,25438.25,25461.0,25426.405691337823,3.366790682149683,-0.0021072152611109,-0.0743819525305554,11.844308662173717,positive,25800.0,4.056365872697617,25000.0,-2.4073966067211963,190,123,0.6473684210526316
2025-09-18,True,,202509F3,1,25769.36,25709.0,25653.04237686576,40.86274370597705,0.0114000716364175,-0.1160180040713655,116.31762313424406,positive,25800.0,26.888118092724334,25500.0,-13.865268466815293,190,128,0.6736842105263158
2025-09-19,True,,202509W4,5,25578.37,25652.0,25691.1206827334,-8.109363148146079,-0.0411913430518832,-0.2541827217953284,-112.75068273340004,negative,26000.0,6.399402687332579,25600.0,-5.174299503868581,172,114,0.6627906976744186
2025-09-22,True,,202509W4,2,25880.6,25872.0,25799.010795757385,42.49977163868455,0.0102048576116508,-0.2548981522924476,81.58920424261305,positive,26000.0,22.664307900845323,25600.0,-16.147436491989943,172,120,0.6976744186046512
2025-09-23,True,,202509W4,1,26247.37,26252.0,26143.102940308167,78.33862622736027,0.0253988610735942,-0.176309248748102,104.2670596918324,positive,26300.0,29.42961830944416,26000.0,-7.7251712124202685,178,123,0.6910112359550562
2025-09-24,True,,202509F4,2,26196.73,26223.0,26144.98916548698,12.025638075402512,0.0060446571964752,-0.094159133786356,51.74083451302067,positive,26500.0,5.570701089515565,25900.0,-4.43584850687906,178,119,0.6685393258426966
2025-09-25,True,,202509F4,1,26023.85,26080.0,26133.85331177682,-41.90730795492129,-0.0271481627274716,-0.1153064293412464,-110.00331177682165,negative,26300.0,15.07078407731502,26000.0,-18.275580123375104,178,123,0.6910112359550562
2025-09-26,True,,202510W1,5,25580.32,25651.0,25668.696300456544,-1.894469138022434,-0.0223994651342596,-0.2091305854970922,-88.37630045654441,negative,26000.0,3.57103871632297,25250.0,-3.2665089699598884,170,116,0.6823529411764706
2025-09-30,True,,202510W1,1,25820.54,25928.0,25924.132468169228,3.0382042110597336,-0.0072047310378646,-0.1402170482407048,-103.59246816922678,positive,26100.0,19.107262528454296,25700.0,-14.79293071173035,170,123,0.7235294117647059
2025-10-01,True,,202510F1,2,25982.91,26024.0,26095.45029860159,-7.6941407490827265,-0.0156855882316704,-0.0869877128181336,-112.54029860159062,negative,26400.0,4.129894170809572,25800.0,-5.157208926855696,164,114,0.6951219512195121
2025-10-02,True,,202510F1,1,26378.39,26410.0,26370.74790600786,18.863723428652005,0.0053851054654963,-0.1366445168418327,7.642093992140872,positive,26500.0,14.673384423047237,26000.0,-9.765351915330251,164,118,0.7195121951219512
2025-10-03,True,,202510W2,5,26761.06,26724.0,26603.478042324383,10.48642796182074,0.0066157425485084,-0.1891208003744231,157.58195767561847,positive,27000.0,6.226086920650376,26000.0,-2.5105481176989097,172,126,0.7325581395348837
2025-10-07,True,,202510W2,1,27211.95,27297.0,27218.248590707288,41.94292187849258,0.0193435314780577,-0.1480283004432433,-6.298590707287076,positive,27500.0,19.93150741977397,27000.0,-8.634440353081374,188,143,0.7606382978723404
2025-10-08,True,,202510F2,5,27063.68,27091.0,26945.975372553075,6.1450261591330735,0.0106200380202802,-0.0939199427059074,117.70462744692486,positive,27300.0,2.164353957596936,26800.0,-1.3966867385662136,206,144,0.6990291262135923
2025-10-09,True,,202510F2,4,27301.92,27334.0,27237.681767587164,16.774022059753875,0.0150189400991439,-0.2044607164210101,64.2382324128339,positive,27500.0,8.706575709885431,27000.0,-5.42942817630447,206,133,0.6456310679611651
2025-10-13,True,,202510,2,26923.42,26911.0,26751.51136886232,26.14186108134683,0.0184589693989989,-0.2523116267502541,171.90863113768137,positive,27000.0,8.5351099626319,26500.0,-2.841345272962329,302,234,0.7748344370860927
2025-10-14,True,,202510,1,26793.15,26725.0,26795.082197040167,-23.54766539347811,-0.0407462038081863,-0.2394060957560823,-1.9321970401651924,negative,27000.0,9.81308742701872,26600.0,-10.948733272802434,302,224,0.7417218543046358
2025-10-15,True,,202510F3,2,27275.71,27277.0,27003.174079970493,11.578910768246256,0.017479871278508,-0.0808482390202586,272.5359200295061,positive,27800.0,2.6771835278228058,26500.0,-1.0537351413347256,180,126,0.7
2025-10-16,True,,202510F3,1,27647.87,27784.0,27483.78785277023,56.58806282495416,0.0390537236067433,-0.156323891552489,164.08214722976845,positive,28000.0,12.643794205541306,27200.0,-3.364556208633933,180,136,0.7555555555555555
2025-10-17,True,,202510W4,5,27302.37,27293.0,27213.394672820697,6.354635162030892,-0.0172735452162718,-0.2907336398546883,88.97532717930153,positive,28000.0,5.419140771523253,27000.0,-5.410985198031348,180,135,0.75
2025-10-20,True,,202510W4,2,27688.63,27756.0,27590.650752874648,55.939358204549926,0.0466305402213197,-0.2840406975360725,97.97924712535314,positive,28000.0,20.62117146306717,27000.0,-6.601253048523585,180,137,0.7611111111111111
2025-10-21,True,,202510W4,1,27752.41,27793.0,27796.75568673441,-2.826199707961157,-0.0184812392612801,-0.200012550609797,-44.345686734410265,negative,28000.0,22.78808107266651,27600.0,-12.155399695864574,180,130,0.7222222222222222
2025-10-22,True,,202510F4,5,27648.91,27679.0,27657.696686740623,1.210718371794774,-0.0106104688098541,-0.1222600923493583,-8.786686740626465,positive,28100.0,1.9969778580305613,27500.0,-3.310618706743125,184,129,0.7010869565217391
2025-10-23,True,,202510F4,4,27532.26,27528.0,27485.40551236905,8.365834801681213,-0.0194979680763006,-0.221342873588231,46.85448763094973,positive,28000.0,9.092330843867009,27400.0,-5.433433105298217,184,130,0.7065217391304348
2025-10-27,True,,202510W5,2,27993.63,28190.0,28029.13976081974,27.726159893011587,0.022460386698913,-0.146847009912298,-35.50976081973931,positive,28500.0,9.26951692674871,27500.0,-3.34355291914808,184,163,0.8858695652173914
2025-10-28,True,,202510W5,1,27949.11,27959.0,28002.46178037284,-29.84397931024842,-0.0198280181656181,-0.1596752243230089,-53.35178037283913,negative,28200.0,14.848704292789629,27900.0,-20.45317704969529,192,150,0.78125
2025-10-29,True,,202510F5,2,28294.74,28376.0,28258.994286089128,9.552003345260312,0.0070472827172587,-0.0833208746664577,35.74571391087375,positive,28800.0,3.67548038731624,28000.0,-1.9230566544342584,174,125,0.7183908045977011
2025-10-30,True,,202510F5,1,28287.53,28351.0,28266.294124482243,38.18908394323028,0.0127324609645948,-0.124724718614468,21.23587551775563,positive,28600.0,16.949263677623264,28000.0,-7.0896876597014336,188,121,0.6436170212765957
2025-10-31,True,,202511W1,5,28233.35,28395.0,28353.23854049663,5.1285390509490965,-0.0101475814141199,-0.2016283009199706,-119.88854049663132,positive,29000.0,4.719116431074897,28000.0,-4.1681244493448135,180,131,0.7277777777777777
2025-11-03,True,,202511W1,2,28334.59,28302.0,28251.458009594666,22.158521878148104,0.0083292892007987,-0.2422948355431159,83.13199040533436,positive,28500.0,12.784903069079556,28000.0,-12.869422201083491,180,124,0.6888888888888889
2025-11-04,True,,202511W1,1,28116.56,28069.0,28182.777679501603,-70.37297321088582,-0.0526259856892784,-0.199492746291994,-66.2176795016021,negative,28400.0,12.062567913554664,28000.0,-28.24317871599768,182,123,0.6758241758241759
2025-11-05,True,,202511F1,2,27717.06,27775.0,27754.22598718981,1.2415028647297868,-0.0089745748979321,-0.0888699728513427,-37.16598718980822,positive,28000.0,2.748488362397795,27500.0,-2.076182814355897,182,123,0.6758241758241759
2025-11-06,True,,202511F1,1,27899.45,27980.0,27967.3216830414,5.582178104054606,-0.012647914109066,-0.1290084397949635,-67.87168304139777,positive,28200.0,15.255777684516916,27800.0,-7.1176046284008025,182,133,0.7307692307692307
2025-11-07,True,,202511W2,5,27651.41,27704.0,27703.27985244328,0.0612629940143723,-0.0297368560959331,-0.2238141341356264,-51.869852443272976,positive,28000.0,2.612258262023849,27600.0,-4.325038555438321,174,120,0.6896551724137931
2025-11-10,True,,202511W2,2,27869.51,27974.0,27830.09538570984,40.00071559168901,0.0200297181165543,-0.2820405876753317,39.41461429016272,positive,28000.0,12.241057475884086,27700.0,-8.037461465789647,178,142,0.797752808988764
2025-11-11,True,,202511W2,1,27784.95,27743.0,27809.02088606681,-30.31134290127111,-0.0357212767793474,-0.1964716948634378,-24.07088606680918,negative,28100.0,10.17684930573631,27600.0,-14.92347051792208,178,142,0.797752808988764
2025-11-12,True,,202511F2,2,27947.09,28018.0,28011.862518405844,0.6593024605867495,-0.0072947776421044,-0.0796106396915881,-64.77251840584358,positive,28300.0,3.208173133092633,27500.0,-2.66197042774886,178,123,0.6910112359550562
2025-11-13,True,,202511F2,1,27903.56,27958.0,27973.71532375413,-8.479132936456017,-0.0170924217089364,-0.1635041861768057,-70.15532375413386,negative,28200.0,18.762175708419115,27900.0,-17.70147279592963,178,126,0.7078651685393258
2025-11-14,True,,202511,5,27397.5,27403.0,27435.12832010382,-3.6358836400567807,-0.0542972434772903,-0.4116761265012413,-37.62832010382044,negative,28000.0,6.059433045050386,27000.0,-6.081079579307281,298,245,0.8221476510067114
2025-11-17,True,,202511,2,27447.31,27477.0,27457.51492549392,6.324045851455978,-0.0291153655862506,-0.3344254180268114,-10.20492549391929,positive,28000.0,10.117325997035024,27000.0,-11.210442898091664,302,219,0.7251655629139073
2025-11-18,True,,202511,1,26756.12,26812.0,26927.48466307512,-34.08527781343222,-0.0486839144901312,-0.2257997219755386,-171.36466307511364,negative,27300.0,6.569032729204778,26500.0,-11.502934950324647,302,239,0.7913907284768212
2025-11-19,True,,202511F3,2,26580.12,26632.0,26589.848517479662,1.7389592370536338,-0.0040853816829044,-0.0785809595609106,-9.728517479663424,positive,27000.0,1.41006254570522,26000.0,-1.342367162564963,194,139,0.7164948453608248
2025-11-20,True,,202511F3,1,27426.36,27472.0,27320.18209134712,45.80575652157452,0.018355032204705,-0.1327679708579696,106.17790865288045,positive,27600.0,13.631726321439867,27200.0,-5.251784044477318,200,137,0.685
2025-11-21,True,,202511W4,5,26434.94,26487.0,26509.43240181998,-1.081051899889096,-0.0303306055802662,-0.2447809876825706,-74.49240181998175,negative,27000.0,2.976314278655584,26000.0,-2.0550922513786305,200,142,0.71
2025-11-24,True,,202511W4,2,26504.24,26620.0,26521.61117130472,19.37561398755211,-0.001406174788934,-0.2426969954728089,-17.371171304715972,positive,27000.0,9.591619950634772,26000.0,-6.006024470852222,208,167,0.8028846153846154
2025-11-25,True,,202511W4,1,26912.17,26933.0,26825.515755551827,57.29721037143877,0.0166328905803699,-0.2057206181356037,86.65424444817108,positive,27200.0,20.719374223824783,26500.0,-9.574965426047372,208,139,0.6682692307692307
2025-11-26,True,,202511F4,2,27409.54,27344.0,27243.10392885129,7.052920441057819,0.0008558848317796,-0.0820620514421733,166.4360711487061,positive,27500.0,3.685387057006397,27000.0,-2.386497156359753,204,136,0.6666666666666666
2025-11-27,True,,202511F4,1,27554.53,27559.0,27556.42158655177,1.4425537377154805,-0.0094494088897115,-0.1162145076690177,-1.8915865517701604,positive,27700.0,17.55534520169604,27500.0,-14.76890836220751,204,134,0.6568627450980392
2025-11-28,True,,202512W1,5,27626.48,27716.0,27741.68054576669,-2.667603737902895,-0.0323184621107835,-0.2161909070087566,-115.20054576668916,negative,28000.0,4.008152129399247,27500.0,-2.736150029617072,192,140,0.7291666666666666
2025-12-01,True,,202512W1,2,27342.53,27391.0,27459.18977013796,-19.54600303907482,-0.0458659015181165,-0.235427247196701,-116.65977013795782,negative,28000.0,7.981931397781715,27000.0,-7.550136937806379,194,134,0.6907216494845361
2025-12-02,True,,202512W1,1,27564.27,27532.0,27546.33877640836,-9.629766304798125,-0.0130854986238852,-0.1791729942071774,17.931223591647722,negative,27800.0,15.790656478805143,27400.0,-15.23158862399404,194,127,0.654639175257732
2025-12-03,True,,202512F1,2,27793.04,27764.0,27638.848954201778,12.507983283357673,0.0084276746686588,-0.0771802421701295,154.19104579822306,positive,28000.0,4.646404348390204,27500.0,-2.459620407794655,194,134,0.6907216494845361
2025-12-04,True,,202512F1,1,27795.71,27802.0,27730.33177282568,39.928664689141584,0.0091753297729495,-0.1172546699718071,65.37822717432573,positive,28000.0,21.775244689653107,27500.0,-8.433824429709613,200,127,0.635
2025-12-05,True,,202512W2,5,27980.89,28004.0,27867.36574545455,15.559589519256214,0.0147799538176277,-0.1820313117443847,113.52425454544937,positive,28300.0,4.454393512654344,27600.0,-3.459740633888237,180,126,0.7
2025-12-08,True,,202512W2,2,28303.78,28263.0,28192.56105076995,25.4233125911812,0.0118353099039161,-0.2106748844092376,111.21894923004947,positive,28600.0,11.383070353008373,28000.0,-8.369437399606811,188,121,0.6436170212765957
2025-12-09,True,,202512W2,1,28182.6,28223.0,28157.62245505485,51.36104622274816,0.0150159361517817,-0.159668246230542,24.97754494514448,positive,28400.0,23.785332818300272,28000.0,-12.860399060073444,204,128,0.6274509803921569
2025-12-10,True,,202512F2,2,28400.73,28366.0,28314.221118357586,4.174075261241964,-0.0005722486070838,-0.068086325722993,86.50888164241769,positive,28800.0,2.5948257639186245,28000.0,-3.004737837535252,188,120,0.6382978723404256
2025-12-11,True,,202512F2,1,28024.75,28085.0,28092.391441157244,-3.4063279038504093,-0.0099346146645057,-0.1247117463390063,-67.64144115724412,negative,28400.0,12.56294419734324,28000.0,-16.424492845954205,192,124,0.6458333333333334
2025-12-12,True,,202512,5,28198.02,28293.0,28138.986398901863,26.73837369234824,0.0251778044576346,-0.3080611571908637,59.0336010981373,positive,28500.0,8.786993859031066,27500.0,-3.1583161212240083,354,233,0.6581920903954802
2025-12-15,True,,202512,2,27866.94,27908.0,27858.433414522136,22.518160399713288,0.0001344741652926,-0.3414627540020669,8.506585477862245,positive,28400.0,13.858927460034156,27500.0,-10.278177218090605,354,276,0.7796610169491526
2025-12-16,True,,202512,1,27536.66,27627.0,27620.677127520456,4.244851436858895,-0.008258334143332,-0.2296658967645749,-84.01712752045569,positive,27800.0,14.604520871463697,27500.0,-18.155593076331165,354,249,0.7033898305084746
2025-12-17,True,,202512F3,2,27525.17,27635.0,27551.99815249175,6.485731211720897,0.0008041073196322,-0.0816106333577764,-26.82815249175109,positive,28000.0,3.718982536622388,27300.0,-2.080194598634328,186,125,0.6720430107526881
2025-12-18,True,,202512F3,1,27468.53,27515.0,27473.76986515276,20.618902455229016,-0.0001992791358508,-0.1477191746290153,-5.239865152754646,positive,27800.0,12.868886884007678,27300.0,-7.784067131970799,186,117,0.6290322580645161
2025-12-19,True,,202512W4,5,27696.35,27809.0,27777.570640667826,3.3517140191519386,-0.0146506988394849,-0.2100312439660537,-81.22064066782696,positive,28000.0,4.270546462925049,27000.0,-2.8100878739570643,188,127,0.675531914893617
2025-12-22,True,,202512W4,2,28149.64,28213.0,28128.62049028036,42.71275197120251,0.018164928602701,-0.2211797514493038,21.019509719641064,positive,28300.0,17.65450090474343,27800.0,-8.023417402756516,188,131,0.6968085106382979
2025-12-23,True,,202512W4,1,28310.47,28299.0,28231.74684143779,87.36524078683797,0.0195096883444498,-0.1533960113641428,78.7231585622103,positive,28400.0,46.795284727899954,28100.0,-15.359725439239895,188,131,0.6968085106382979
2025-12-24,True,,202512F4,2,28371.98,28377.0,28331.51537725988,16.695553557615614,0.0055861786705471,-0.0806766152793221,40.46462274012083,positive,28500.0,20.05254001445708,28300.0,-8.833593656890377,184,118,0.6413043478260869
2025-12-26,True,,202512W5,5,28556.02,28580.0,28532.765080990703,9.118999932451496,0.0023604148753023,-0.1810457548928984,23.2549190092941,positive,28800.0,7.520107609294521,28200.0,-5.943096866974101,186,122,0.6559139784946236
2025-12-29,True,,202512W5,2,28810.89,28812.0,28796.3937272001,8.960063444423087,-0.0104804745504369,-0.2173728271884567,14.496272799900908,positive,29000.0,22.85412508308306,28600.0,-14.803776900237503,194,110,0.5670103092783505
2025-12-30,True,,202512W5,1,28707.13,28767.0,28729.495852412736,50.39341829983602,0.0065293239268783,-0.176317939696452,-22.365852412734966,positive,28900.0,38.583300210079216,28600.0,-22.851955570526258,204,125,0.6127450980392157
2025-12-31,True,,202601F1,2,28963.6,28945.0,28943.49525837212,0.2572883549220552,-0.0037296569928452,-0.0828131319440487,20.104741627885232,positive,29000.0,5.734753105773934,28800.0,-4.466085927540295,204,120,0.5882352941176471
2026-01-02,True,,202601W1,5,29349.81,29387.0,29328.205897279884,5.964688245080434,0.0027526415070128,-0.1790685344253859,21.604102720117226,positive,29800.0,3.824100248074244,29000.0,-4.427100543468747,178,126,0.7078651685393258
2026-01-05,True,,202601W1,2,30105.04,30182.0,30092.03355773438,24.791486868599748,0.0137276915211471,-0.2625222429392542,13.006442265621445,positive,30500.0,23.801140982151285,29500.0,-4.524652395356672,194,132,0.6804123711340206
2026-01-06,True,,202601W1,1,30576.3,30484.0,30310.389269511936,96.75715886330067,0.041174966367841,-0.1934630406715354,265.9107304880636,positive,30500.0,45.08980886110635,30250.0,-7.355834503339911,228,168,0.7368421052631579
2026-01-07,True,,202601F2,2,30435.47,30437.0,30334.23497115094,10.935930362081306,0.0065959517906158,-0.0966576113242539,101.23502884905974,positive,30700.0,6.508327296119559,30000.0,-2.8070745723238284,246,163,0.6626016260162602
2026-01-08,True,,202601F2,1,30360.55,30371.0,30374.237311895635,-2.0141931363361367,-0.009810107254102,-0.157009478039853,-13.687311895635505,negative,30700.0,14.86818970026463,30200.0,-16.09159623417207,246,152,0.6178861788617886
2026-01-09,True,,202601W2,5,30288.96,30381.0,30250.79115313006,11.72113682533434,0.0091561771316852,-0.2115249699722652,38.16884686993944,positive,30800.0,3.828794613171589,30000.0,-3.3215465870711003,234,167,0.7136752136752137
2026-01-12,True,,202601W2,2,30567.29,30633.0,30558.04314868325,24.90826663877014,0.014527138369518,-0.2696557084798547,9.246851316755055,positive,30850.0,10.377755277497986,30000.0,-9.361965227315888,234,162,0.6923076923076923
2026-01-13,True,,202601W2,1,30707.22,30809.0,30684.54127661048,76.38822743947105,0.0336448842636725,-0.2121139872107131,22.67872338952293,positive,31000.0,22.99867758878417,30500.0,-9.233299472805196,234,177,0.7564102564102564
2026-01-14,True,,202601F3,2,30941.78,30931.0,30780.057765766007,8.262222662576466,0.0105236968761498,-0.0806183939925647,161.7222342339919,positive,31600.0,2.406048048334783,30400.0,-1.3068540640632302,228,149,0.6535087719298246
2026-01-15,True,,202601F3,1,30810.58,30993.0,30780.94132692932,53.7042027985121,0.0411233395500429,-0.1442476623916601,29.638673070679943,positive,31500.0,10.113479780213927,30600.0,-4.012320580065079,240,156,0.65
2026-01-16,True,,202601,5,31408.7,31477.0,31164.223275657976,28.91062472792194,0.0523831465603073,-0.3295907473759965,244.47672434202468,positive,32000.0,8.521753206120886,30800.0,-2.4828003869726856,316,248,0.7848101265822784
2026-01-19,True,,202601,2,31639.29,31671.0,31524.4572230461,52.49081947061018,0.0337888415532463,-0.3150747013340431,114.83277695389916,positive,32000.0,21.21401836873321,31000.0,-8.38479251198897,338,210,0.621301775147929
2026-01-20,True,,202601,1,31759.99,31668.0,31606.21661628592,40.441566180079406,0.0061924435784999,-0.2198702925921536,153.7733837140804,positive,32000.0,25.732932106649447,31450.0,-9.106997638471974,346,260,0.7514450867052023
2026-01-21,True,,202601F4,2,31246.37,31363.0,31224.875762273576,9.719924644852592,0.0048900779010426,-0.100629908564086,21.494237726423307,positive,31800.0,2.8294361353368944,31000.0,-2.612997912538252,224,147,0.65625
2026-01-22,True,,202601F4,1,31746.08,31729.0,31687.43766642859,26.516504944983467,-0.00039974791086,-0.1513719302355129,58.642333571413474,positive,32000.0,20.4593305905832,31500.0,-13.645802693401045,224,156,0.6964285714285714
2026-01-23,True,,202601W4,5,31961.51,32048.0,31927.08094381741,12.430281209746326,0.0081208314940913,-0.2135051507568475,34.429056182587374,positive,32300.0,4.118364507066899,31500.0,-2.292242410575321,208,148,0.7115384615384616
2026-01-26,True,,202601W4,2,32064.52,32070.0,32043.36510889908,8.969393991703111,-0.0106112264710487,-0.2414031151674205,21.154891100923123,positive,32600.0,9.748664314238049,31500.0,-6.382639086284627,216,159,0.7361111111111112
2026-01-27,True,,202601W4,1,32317.92,32410.0,32284.10785406113,97.2379716955002,0.0295190705377887,-0.1938474538659773,33.81214593886034,positive,32600.0,29.50274478558755,32000.0,-10.924963943658376,220,157,0.7136363636363636
2026-01-28,True,,202601F5,2,32803.82,32849.0,32710.477164533128,11.083894402562825,0.0083795022174264,-0.0909142231558408,93.3428354668722,positive,33000.0,4.3776198915267,32400.0,-1.8563489449402013,228,150,0.6578947368421053
2026-01-29,True,,202601F5,1,32536.27,32704.0,32652.11745559112,23.89842382594336,0.0041547931437463,-0.1592073377390261,-115.8474555911198,positive,33000.0,19.45217784179792,32400.0,-8.42734982100412,248,164,0.6612903225806451
2026-01-30,True,,202602W1,5,32063.75,32171.0,32183.054872886805,-0.8322859929530837,-0.0233056451948747,-0.212240935322592,-119.30487288680524,negative,33000.0,3.6348756139657294,32000.0,-3.256394990749368,232,168,0.7241379310344828
2026-02-02,True,,202602W1,2,31624.03,31541.0,31479.69788742078,11.661806066673744,-0.0120948908589645,-0.2439352097587036,144.3321125792172,positive,32000.0,7.437462158252763,31000.0,-4.720297634998697,232,172,0.7413793103448276
2026-02-03,True,,202602W1,1,32195.36,32166.0,32037.604503796127,73.14006967886804,0.0225837024148516,-0.2149162796704192,157.75549620387392,positive,32500.0,20.557901303549663,31900.0,-9.15810313352605,232,172,0.7413793103448276
2026-02-04,True,,202602F1,2,32289.81,32341.0,32150.39525036011,16.559985460804633,0.0096743973037576,-0.1024863888026995,139.41474963989094,positive,33000.0,10.238244652509223,32000.0,-1.893903378370001,218,148,0.6788990825688074
2026-02-05,True,,202602F1,1,31801.27,31854.0,31888.59760717476,-10.008396542117657,-0.0238416814154778,-0.1581726802492111,-87.32760717476049,negative,32500.0,7.849964794522989,31500.0,-7.425016863233512,218,134,0.6146788990825688
2026-02-06,True,,202602W2,5,31782.92,31764.0,31633.00889407944,5.604708127541428,-0.0058040671196942,-0.2028201959210975,149.9111059205643,positive,33000.0,2.6818242777836483,31000.0,-1.967225110669532,218,155,0.7110091743119266
2026-02-09,True,,202602W2,2,32404.62,32595.0,32366.851764225263,63.71965892106108,0.0576051562007363,-0.2779209102588568,37.7682357747326,positive,33000.0,26.90386394492689,31800.0,-6.292628114740732,218,162,0.7431192660550459
2026-02-10,True,,202602W2,1,33072.97,33168.0,32798.10997924849,145.13188236360537,0.0677863972001134,-0.2028686741255768,274.8600207515119,positive,33000.0,34.46104978692291,32800.0,-4.455666495002689,218,166,0.7614678899082569
2026-02-11,True,,202602,12,33605.71,33690.0,33001.70670405876,27.03482497117926,0.1267756727010421,-0.6690170899661119,604.003295941242,positive,35000.0,10.575818336872164,31000.0,-1.8822060562715408,382,307,0.8036649214659686
2026-02-23,True,,202602W4,2,33773.26,33862.0,33984.66966111596,-8.51013203876355,-0.0218461622138868,-0.0952051497215828,-211.4096611159548,negative,34200.0,2.4702474859246544,33700.0,-2.710765498433533,198,134,0.6767676767676768
2026-02-24,True,,202602W4,1,34700.82,34716.0,34573.460544239475,33.51469665206683,0.0169958606677446,-0.1620947537119047,127.35945576052472,positive,35000.0,15.770544344319916,34000.0,-5.245418884839045,206,142,0.6893203883495146
2026-02-25,True,,202602F4,5,35413.07,35374.0,35181.69251711166,3.871243109119669,0.0118377371210386,-0.1175800656255118,231.37748288833973,positive,36000.0,1.5469459523078823,34300.0,-0.8781641569518225,224,157,0.7008928571428571
2026-02-26,True,,202602F4,4,35414.49,35467.0,35353.270122632995,17.00763068366786,0.0235927955488779,-0.2358980043624854,61.21987736700248,positive,36000.0,9.18422601320748,34800.0,-3.905697507521963,256,176,0.6875
2026-03-02,True,,202603W1,2,35095.09,35136.0,34965.11985927307,13.207401666607538,0.0063304807827228,-0.1520300878093852,129.970140726924,positive,35600.0,6.66659390689276,34500.0,-2.249440562482864,256,183,0.71484375
2026-03-03,True,,202603W1,1,34323.65,34267.0,34518.265619303864,-47.0364190015982,-0.0565591700168607,-0.1561590811542873,-194.6156193038624,negative,35000.0,5.4776920656594585,34000.0,-12.31701041566078,256,189,0.73828125
2026-03-04,True,,202603F1,2,32828.88,32860.0,32945.98328530452,-1.3481451476240027,-0.0120152779374783,-0.0913431126933006,-117.10328530452534,negative,34000.0,1.0685603327669058,30200.0,-2.426811639483633,256,199,0.77734375
2026-03-05,True,,202603F1,1,33672.94,33656.0,33497.04192793647,18.325354690391706,0.0049636148070526,-0.1450310618785894,175.89807206352998,positive,34000.0,8.351318752259488,33000.0,-3.2492486535959824,286,219,0.7657342657342657
2026-03-06,True,,202603W2,5,33599.54,33700.0,33719.52671747639,-0.3692805007667736,-0.0233005728772955,-0.1557131200812376,-119.98671747638582,negative,34600.0,0.973728768100704,31900.0,-2.293589273738541,286,211,0.7377622377622378
2026-03-09,True,,202603W2,2,32110.42,31870.0,32105.81809574128,-7.694705518833689,-0.0385418166716155,-0.2119589080333613,4.601904258724971,negative,33000.0,2.168189217606254,31900.0,-4.640818160047016,286,249,0.8706293706293706
2026-03-10,True,,202603W2,1,32771.87,32733.0,32667.17455108884,7.843612691479553,-0.0082423685527481,-0.1873045578749528,104.69544891116676,positive,33500.0,6.798001562666271,32000.0,-6.375974208313309,314,261,0.8312101910828026
2026-03-11,True,,202603F2,2,34114.19,34023.0,33818.50361754571,4.800642245235325,0.0007513312222178,-0.0880648260010734,295.68638245428883,positive,34500.0,3.6668739035708655,33400.0,-1.1529483945456704,314,222,0.7070063694267515
2026-03-12,True,,202603F2,1,33581.86,33607.0,33566.38730674339,3.8558031435206814,-0.0081010174981057,-0.1164241654684362,15.47269325661182,positive,34500.0,4.469641142335922,32800.0,-4.204568225026754,314,225,0.7165605095541401
2026-03-13,True,,202603,5,33400.32,33310.0,33374.30641264969,-2.0424045056332893,-0.0477705404387629,-0.4877976497636302,26.01358735030953,negative,34500.0,2.0948440804102373,31800.0,-2.4792463205648008,500,418,0.836
2026-03-16,True,,202603,2,33342.51,33251.0,33232.18596826136,1.420807146833578,-0.0122058689799284,-0.3126030631194161,110.3240317386444,positive,34000.0,3.603205665536012,32000.0,-3.775633778625648,500,368,0.736
2026-03-17,True,,202603,1,33836.57,33802.0,33649.562072320834,24.7547488002594,0.0120627636674493,-0.2019668247958383,187.00792767916573,positive,34000.0,7.542241153537231,33000.0,-4.244047965724291,500,336,0.672
2026-03-18,True,,202603F3,2,34348.58,34426.0,33995.816625433115,12.363006093611558,0.0151809257435266,-0.080331558737284,352.76337456688634,positive,34700.0,7.98925930313298,33950.0,-0.6820462461153235,258,183,0.7093023255813954
2026-03-19,True,,202603F3,1,33689.68,33513.0,33629.367350557535,-13.479398907570896,-0.0242961277900424,-0.12781535519617,60.312649442465045,negative,34200.0,4.863969211048097,33000.0,-5.752412447386469,268,181,0.6753731343283582
2026-03-20,True,,202603W4,5,33543.88,33534.0,33709.34237298548,-3.74875771661396,-0.0361606377799709,-0.1614597414025791,-165.4623729854793,negative,34500.0,0.9936352575112216,32000.0,-2.54894875884313,242,177,0.731404958677686
2026-03-23,True,,202603W4,2,32722.5,32546.0,32803.696539784745,-10.94977077783804,-0.0457633273955652,-0.2026056448173605,-81.19653978474526,negative,34000.0,2.1680561062329806,32000.0,-7.283922251308187,242,195,0.8057851239669421
2026-03-24,True,,202603W4,1,32612.24,32782.0,32935.22042196737,-13.522735291864718,-0.0286326927576779,-0.1696317290602099,-322.9804219673715,negative,34000.0,2.830474341417566,32000.0,-10.048299325044008,244,199,0.8155737704918032
2026-03-25,True,,202603F4,2,33439.11,33593.0,33491.13564776073,1.9765034307764,-0.0009456989053258,-0.0769685733092456,-52.02564776073268,positive,34500.0,1.588616839189804,32200.0,-1.098752568980513,248,179,0.7217741935483871
2026-03-26,True,,202603F4,1,33337.62,33401.0,33540.13700143508,-14.73840829126156,-0.0254028539856081,-0.108701803237174,-202.5170014350806,negative,34000.0,4.612116053508902,33000.0,-4.186974715219784,248,180,0.7258064516129032
2026-03-27,True,,202604W1,5,33112.59,33105.0,33210.65559570599,-1.6851624116914308,-0.0195116035038414,-0.1447273731028214,-98.06559570599347,negative,33500.0,0.9264212063865632,31600.0,-1.3419413039816346,248,182,0.7338709677419355
2026-03-30,True,,202604W1,2,32518.16,32476.0,32666.136285560617,-11.265887144583363,-0.0326859577922763,-0.1807780539552951,-147.97628556061682,negative,33000.0,1.9153295817715976,32000.0,-3.2137338171319403,248,191,0.7701612903225806
2026-03-31,True,,202604W1,1,31722.99,31931.0,32189.82683515736,-28.469234056303108,-0.0343531011967907,-0.1385843333514661,-466.8368351573554,negative,32600.0,2.4616484796830984,31600.0,-6.588590340617201,252,164,0.6507936507936508
2026-04-01,True,,202604F1,6,33174.82,33310.0,33184.134086410384,1.0409270222028109,-0.0038887085059676,-0.0955860105813131,-9.314086410384334,positive,34000.0,0.8830907478540982,30400.0,-0.8424393354459662,252,189,0.75
2026-04-02,True,,202604F1,5,32572.43,32470.0,32726.90922173416,-7.996141075026724,-0.049905698697268,-0.1954650715587076,-154.47922173415282,negative,33500.0,1.335372139438736,30400.0,-1.521047761088157,252,194,0.7698412698412699
2026-04-07,True,,202604W2,1,33229.82,33115.0,33070.26823887304,2.0251811580218,-0.0031931931861077,-0.0531488704487847,159.55176112696063,positive,34000.0,3.54487251371434,32000.0,-2.4218091315909223,240,187,0.7791666666666667
2026-04-08,True,,202604F2,2,34761.38,34873.0,34487.48986101519,7.959219104901511,0.0106151927493378,-0.0652715622816899,273.8901389848106,positive,35600.0,2.586380546260662,34300.0,-1.1006961134897613,236,176,0.7457627118644068
2026-04-09,True,,202604F2,1,34861.16,34826.0,34691.861391618266,19.00567533304229,0.0098917876076303,-0.09079788230423,169.29860838173772,positive,35500.0,9.434853448609417,34300.0,-3.232290015820696,298,204,0.6845637583892618
2026-04-10,True,,202604,5,35417.83,35569.0,34611.148119078134,34.33264323668849,0.0939200718374416,-0.3015816832800309,806.6818809218676,positive,36000.0,5.200682197226235,34000.0,-2.0807111504906777,390,318,0.8153846153846154
2026-04-13,True,,202604,2,35457.29,35458.0,35134.32525933533,32.75535811868523,0.0353265414484543,-0.250319852887727,322.9647406646691,positive,36000.0,7.61170856093365,34000.0,-2.977710981747593,402,328,0.8159203980099502
2026-04-14,True,,202604,1,36296.12,36366.0,36076.65991956881,57.96115137427556,0.033453034874521,-0.1633369198745923,219.46008043119213,positive,36500.0,15.23816728135214,35800.0,-3.765530814928961,402,335,0.8333333333333334
2026-04-15,True,,202604F3,2,36722.14,36789.0,36668.17647117917,3.5268906937919127,0.0021748879158228,-0.0713890521794002,53.963528820830106,positive,37100.0,1.6493551603782033,36000.0,-1.3684564332728897,332,236,0.7108433734939759
2026-04-16,True,,202604F3,1,37132.02,37445.0,37119.228234866605,33.43135504494594,0.0271285581758743,-0.1254786460361902,12.791765133391891,positive,38000.0,6.694110029597533,36600.0,-2.3178367017009847,348,204,0.5862068965517241
2026-04-17,True,,202604W4,5,36804.34,36872.0,36840.19226784362,0.964813888226378,-0.0054681111345622,-0.1448268740526233,-35.85226784362749,positive,37500.0,1.90800370767944,36000.0,-1.5593640603650338,342,234,0.6842105263157895
2026-04-20,True,,202604W4,2,36958.8,36973.0,37236.9176498903,-27.536564634014475,-0.050755467633996,-0.2121436135071311,-278.1176498903005,negative,38000.0,3.4107991220804696,36800.0,-4.982990507729401,342,246,0.7192982456140351
2026-04-21,True,,202604W4,1,37605.11,37721.0,37601.16830783385,25.188149387226623,0.0184852377478759,-0.1514919868400153,3.941692166154098,positive,38000.0,10.15339370443754,37000.0,-5.873456595031136,342,208,0.6081871345029239
2026-04-22,True,,202604F4,2,37878.47,37951.0,37986.9563343946,-1.1266029536460795,-0.0051422466271819,-0.0627158238830937,-108.48633439459807,negative,38500.0,2.386266645230016,37600.0,-1.8083285138842613,302,198,0.6556291390728477
2026-04-23,True,,202604F4,1,37714.15,37710.0,37752.342036353206,-4.6619740020970575,-0.0109816268324544,-0.1400326073870209,-38.19203635320446,negative,38500.0,5.846892716411349,37000.0,-4.457001329108701,314,221,0.7038216560509554
2026-04-24,True,,202604W5,5,38932.4,39025.0,38851.494691905,2.273403813000944,0.0009034689175666,-0.1463823060126731,80.90530809500342,positive,40000.0,1.580412785773592,37000.0,-1.0538874739959752,260,199,0.7653846153846153
2026-04-27,True,,202604W5,2,39616.63,39674.0,39632.18991310071,2.398348424195813,-0.0037472235144641,-0.2113646095133794,-15.559913100711128,positive,40000.0,8.155874338464285,38000.0,-3.12286018577627,306,246,0.803921568627451
2026-04-28,True,,202604W5,1,39521.73,39537.0,39604.18544171896,-9.738062883831592,-0.0154273824468208,-0.1517301629821355,-82.45544171895745,negative,40000.0,11.673865972546208,39000.0,-4.40923202515524,334,254,0.7604790419161677
2026-04-29,True,,202605F1,5,39303.5,39345.0,39398.04579842508,-0.54183386932299,-0.0041585951518299,-0.0747631174826872,-94.5457984250752,negative,40000.0,0.8932311419702486,38200.0,-0.4537071551521089,314,223,0.7101910828025477
2026-04-30,True,,202605F1,4,38926.63,39212.0,39355.34143888343,-7.3047191909176306,-0.0383554580393387,-0.1967384695454591,-428.7114388834307,negative,40000.0,2.538923357715256,38000.0,-2.502155612742117,314,226,0.7197452229299363
2026-05-04,True,,202605W1,2,40705.14,40807.0,40601.89445102972,4.622300886500651,0.0064695586141491,-0.0760043537868178,103.24554897028428,positive,41000.0,2.0446159870817584,40000.0,-1.5598996389821085,284,211,0.7429577464788732
2026-05-05,True,,202605W1,1,40769.29,40810.0,40711.20467806998,12.83211243105094,0.0077838011262735,-0.126445332245698,58.08532193001884,positive,41200.0,7.817925261897676,40300.0,-4.787514038991286,330,231,0.7
2026-05-06,True,,202605F2,2,41138.85,41327.0,41337.10684270042,-0.1520662673449286,-0.0029615368152438,-0.0546874924232067,-198.25684270042257,negative,42000.0,1.0264399095762602,40000.0,-1.357496840398117,330,217,0.6575757575757576
2026-05-07,True,,202605F2,1,41933.78,42060.0,41939.35361089118,13.90480882001316,0.0070064857515738,-0.1204474368448502,-5.573610891180579,positive,42800.0,6.301161371421068,41000.0,-3.919217976627305,346,238,0.6878612716763006
2026-05-08,True,,202605W2,5,41603.94,41735.0,41911.65532854645,-2.4606830607825336,-0.0139325536747326,-0.1099714736822755,-307.715328546452,negative,42600.0,0.8582459924302634,41000.0,-1.087688124700086,334,230,0.688622754491018
2026-05-11,True,,202605W2,2,41790.06,41767.0,41901.46404169743,-11.648361515764677,-0.0231542251612794,-0.1784191405391288,-111.40404169743124,negative,42400.0,3.975923680487852,41000.0,-4.725067527239513,334,240,0.718562874251497
2026-05-12,True,,202605W2,1,41898.32,41565.0,41948.21127409051,-58.80794626705672,-0.0679627934284948,-0.1733580016777084,-49.89127409050707,negative,42400.0,4.379483195172928,41000.0,-11.206095300633605,334,240,0.718562874251497
2026-05-13,True,,202605F3,2,41374.5,41398.0,41652.852691413245,-5.776149690154354,-0.0140599906654743,-0.0668783336002312,-278.35269141324534,negative,42000.0,1.425758168449662,40600.0,-3.223869356067248,334,204,0.6107784431137725
2026-05-14,True,,202605F3,1,41751.75,41620.0,41762.9806558612,-21.618861010633243,-0.0286693834615482,-0.1408841431814534,-11.230655861196285,negative,42000.0,9.53851052846992,41200.0,-7.497787399715941,334,213,0.6377245508982036
2026-05-15,True,,202605,5,41172.36,41005.0,41411.50363889471,-10.54703016520344,-0.0793066650625098,-0.3787291145157255,-239.14363889471133,negative,42500.0,2.0099866621885263,41000.0,-3.304978839734758,504,376,0.746031746031746
2026-05-18,True,,202605,2,40891.82,40801.0,40829.609805683926,-2.2997055265458872,-0.0300562438184644,-0.2975683854469062,62.210194316074194,negative,42000.0,3.938608171006887,40000.0,-4.3008760522915646,504,353,0.7003968253968254
2026-05-19,True,,202605,1,40175.56,40235.0,40576.00074827151,-45.939631695329545,-0.0508009177943242,-0.224380102714362,-400.4407482715105,negative,41000.0,3.299669653540118,40000.0,-8.973657760975431,504,376,0.746031746031746
2026-05-20,True,,202605F4,2,40020.82,40044.0,40105.57753261021,-1.0118481858286703,-0.0065105404861703,-0.0592293273081241,-84.75753261020873,negative,41000.0,1.54484968152533,39400.0,-1.184029994163219,288,209,0.7256944444444444
2026-05-21,True,,202605F4,1,41368.21,41359.0,41248.07915482885,13.714588726058164,0.0116678907196283,-0.126812055657913,120.13084517115205,positive,42000.0,6.835989952270167,41000.0,-3.630351389118204,294,214,0.7278911564625851
2026-05-22,True,,202605W4,5,42267.97,42329.0,42025.48385561184,5.566686018464086,0.0081488321757626,-0.1373043949668338,242.48614438816003,positive,42500.0,3.488001198574673,40000.0,-1.065698413020752,292,222,0.7602739726027398
2026-05-25,True,,202605W4,2,43644.4,43689.0,43413.30486589663,20.115990762981863,0.0286231704211571,-0.1884361115758081,231.0951341033724,positive,44000.0,5.820308575407898,43000.0,-2.110548789303792,306,247,0.8071895424836601
2026-05-26,True,,202605W4,1,43525.37,43681.0,43564.90209006678,18.27521404176396,0.0105721865734503,-0.1738449097578523,-39.53209006677935,positive,44000.0,11.064248651342217,43400.0,-4.582147412925003,368,221,0.6005434782608695
2026-05-27,True,,202605F5,2,44256.8,44519.0,44660.82325905504,-2.5255131924078302,-0.0065475435418981,-0.0734650447395198,-404.0232590550368,negative,45000.0,2.461200697716449,44000.0,-2.2319805003450672,368,254,0.6902173913043478
2026-05-28,True,,202605F5,1,43636.44,43648.0,43885.47685927106,-16.923624966074573,-0.0252505092801803,-0.1623122672318297,-249.03685927105835,negative,44250.0,6.109659811515487,43000.0,-4.265206808341617,392,272,0.6938775510204082
2026-05-29,True,,202606W1,5,44732.94,45060.0,45196.73914535328,-1.4525402225289925,-0.0115634646046051,-0.1172965066368759,-463.79914535328135,negative,46000.0,0.968999480025669,44000.0,-0.8463591691208491,392,285,0.7270408163265306
2026-06-01,True,,202606W1,2,45337.91,45668.0,45459.79291330636,11.998257326091837,0.0122620192532598,-0.2011592110968771,-121.88291330635548,positive,46500.0,5.052772587533496,44000.0,-2.635112073580768,414,309,0.7463768115942029
2026-06-02,True,,202606W1,1,45557.31,45761.0,45470.44797822996,39.22218774027007,0.0299270128764926,-0.1735874407383096,86.86202177003725,positive,46000.0,9.02640520057963,45000.0,-3.4759932374604414,438,277,0.632420091324201
2026-06-03,True,,202606F1,2,46459.16,46575.0,46484.53603237501,1.555945570366773,-0.0006675416375744,-0.0547397825994747,-25.37603237501025,positive,47000.0,1.1192796147334352,45000.0,-0.8897979343551808,398,262,0.6582914572864321
2026-06-04,True,,202606F1,1,45677.46,46006.0,45870.30128902034,16.144663011053733,0.0064384210634566,-0.1727908670488515,-192.8412890203399,positive,47000.0,7.06282079962204,45000.0,-4.226372273440794,438,278,0.634703196347032
2026-06-05,True,,202606W2,5,45070.94,45050.0,45218.25987119701,-2.2223589400684247,-0.0147846850680745,-0.1148433296348879,-147.3198711970108,negative,46500.0,1.0429290002647769,44000.0,-1.146925853351497,358,244,0.6815642458100558
2026-06-08,True,,202606W2,2,43502.78,43110.0,43491.28518624523,-12.376349074627033,-0.0479480635376083,-0.2099007622826665,11.494813754768984,negative,45000.0,2.3953281480178146,42000.0,-3.106647825149454,358,292,0.8156424581005587
2026-06-09,True,,202606W2,1,44704.44,44683.0,44265.56746050062,43.5785782380718,0.03492332312588,-0.1791366177258659,438.8725394993817,positive,44600.0,7.342953829767321,43800.0,-3.784741395851911,358,270,0.7541899441340782
2026-06-10,True,,202606F2,2,43225.54,43430.0,43701.83595795997,-2.17220030035828,-0.0167741140511738,-0.0644532118499169,-476.2959579599701,negative,45000.0,0.8345258417210013,43000.0,-1.374361774116,358,254,0.7094972067039106
2026-06-11,True,,202606F2,1,43149.46,43213.0,42925.647656694455,17.693522023521158,0.0135457684121426,-0.1229332654472036,223.8123433055444,positive,44000.0,5.455247038649229,42000.0,-2.55770060245226,368,278,0.7554347826086957
2026-06-12,True,,202606,5,44169.04,44205.0,43774.86890935141,7.788264946728209,0.0103595725564377,-0.3715225717705509,394.1710906485969,positive,45000.0,2.553313351871968,42000.0,-1.851020679101732,722,537,0.7437673130193906
2026-06-15,True,,202606,2,45396.99,45600.0,45034.800844134654,33.531816043001754,0.0531939402651803,-0.3082183492791315,362.1891558653442,positive,45500.0,6.25652960956156,44000.0,-2.179574657326898,722,578,0.8005540166204986
2026-06-16,True,,202606,1,45809.19,45769.0,45407.82629651979,46.34283981145193,0.0345693585102404,-0.2130111854466069,401.3637034802159,positive,46000.0,12.809167337771244,45000.0,-3.591898255875692,722,455,0.6301939058171745
2026-06-17,True,,202606F3,5,45877.39,45955.0,45573.97732542535,3.4018604384236824,0.0076939457362026,-0.0795545632127164,303.4126745746544,positive,47000.0,0.7224738820981488,45000.0,-0.5033401576847802,340,258,0.7588235294117647
2026-06-18,True,,202606F3,4,46465.2,46609.0,46045.95710269739,33.15414224411831,0.0579161443126447,-0.2441279850719545,419.2428973026035,positive,46700.0,8.063502467591094,46000.0,-1.972995975522404,344,268,0.7790697674418605
2026-06-22,True,,202606W4,2,47741.51,48127.0,47840.44094658979,7.852913680378319,0.0076268266808809,-0.0862307523581388,-98.93094658978951,positive,50400.0,2.0691913719017268,47000.0,-1.0852265424297582,370,264,0.7135135135135136
2026-06-23,True,,202606W4,1,47100.65,47147.0,47519.53416924052,-34.62958158945003,-0.0419831457563192,-0.1444526588041624,-418.8841692405185,negative,48000.0,4.506930726736993,47000.0,-5.374646173063387,424,290,0.6839622641509434
2026-06-24,True,,202606F4,2,46043.6,46260.0,46090.10531073532,2.19908691837488,0.0018010288104659,-0.0696824239925222,-46.50531073532329,positive,48000.0,1.2468458360614358,45000.0,-1.5840181341547737,424,278,0.6556603773584906
2026-06-25,True,,202606F4,1,46255.26,46426.0,46188.534403735066,18.52265278989964,0.0116604312927519,-0.1398263980131813,66.72559626493603,positive,47000.0,4.994582827727753,45000.0,-3.182250300187813,424,299,0.7051886792452831
2026-06-26,True,,202607W1,5,44571.76,44400.0,45179.07858164341,-5.740970748811179,-0.0407578898020689,-0.1421752428997781,-607.3185816434052,negative,45300.0,0.5144564348156472,41200.0,-1.3071027888619164,326,246,0.754601226993865
2026-06-29,True,,202607W1,2,44999.9,45385.0,45116.60448602857,10.789073589730876,0.007319346903869,-0.1818915976914835,-116.70448602856776,positive,46000.0,3.169302582311157,44000.0,-2.292440509428604,372,282,0.7580645161290323
2026-06-30,True,,202607W1,1,46125.91,46536.0,46110.07007434506,38.68365882764981,0.0254142930265495,-0.1582850150868289,15.839925654945546,positive,46500.0,8.993019583883868,45000.0,-2.809902514350767,372,273,0.7338709677419355
2026-07-01,True,,202607F1,2,47018.99,47045.0,46891.987148952765,1.965367319091027,-0.0003607875457745,-0.0565886861060166,127.00285104723298,positive,48000.0,1.0258297328214965,46500.0,-0.9881943958229826,372,260,0.6989247311827957
2026-07-02,True,,202607F1,1,46744.16,46505.0,46479.1853466269,2.0724024501986413,-0.0016998777389051,-0.1210370731959731,264.9746533731013,positive,47400.0,7.295892003460837,45900.0,-2.5187298403137697,372,265,0.7123655913978495
2026-07-03,True,,202607W2,5,46780.62,46845.0,46252.74293729333,7.701381826698261,0.0181347840351999,-0.1260148704816785,527.8770627066697,positive,47500.0,3.105741248020062,45600.0,-0.8968425781854187,344,235,0.6831395348837209
2026-07-06,True,,202607W2,2,46556.39,46761.0,46630.45914649711,6.567179037241482,-0.0015172871539298,-0.1742413400358065,-74.06914649710961,positive,47500.0,6.963466712394971,46000.0,-5.689702019065189,344,246,0.7151162790697675
2026-07-07,True,,202607W2,1,45479.11,45621.0,46146.77367186839,-42.94549652091835,-0.0534877537078053,-0.1406343399326287,-667.6636718683876,negative,47000.0,2.208283518151,46000.0,-7.237175732723164,344,224,0.6511627906976745
2026-07-08,True,,202607F2,2,45734.41,45505.0,45710.90436960055,-2.2944703825678543,-0.0103784914002751,-0.0571971864869861,23.505630399457004,negative,46300.0,0.5860648715512672,44600.0,-1.114185623888607,340,223,0.6558823529411765
2026-07-09,True,,202607F2,1,45354.61,45564.0,45516.344700522335,3.731425332108106,-0.0103955990702527,-0.1083773694965519,-161.7347005223346,positive,46500.0,3.788545635489882,44600.0,-4.034768416962671,340,244,0.7176470588235294
2026-07-13,True,,202607,2,45380.52,45585.0,45623.2909087286,-1.5051516131636529,-0.0197126888918167,-0.1797115634020216,-242.7709087286057,negative,47000.0,3.130994721105356,45000.0,-4.381669768133729,566,395,0.6978798586572438
2026-07-14,True,,202607,1,44737.95,44798.0,44833.30151505812,-3.803222435163967,-0.0150114584219545,-0.1814211908662861,-95.35151505812246,negative,46000.0,3.3030674739068697,44000.0,-7.344277493775474,566,374,0.6607773851590106
2026-07-15,True,,202607F3,2,45631.59,45675.0,45440.05537434332,2.872070746005596,0.0043241496391822,-0.0534108437758522,191.53462565667724,positive,44800.0,0.7487865779441055,45000.0,-0.4883263968784684,324,230,0.7098765432098766
2026-07-16,True,,202607F3,1,45624.98,45391.0,45340.59743625446,3.612176863104239,0.0028704317272003,-0.1419455123275964,284.3825637455448,positive,46000.0,3.984923091518648,44000.0,-2.6261112419424864,324,229,0.7067901234567902
2026-07-17,True,,202607W4,5,42671.27,42555.0,43642.03545837391,-11.094547792288116,-0.0622347383468102,-0.1740628253998805,-970.7654583739132,negative,45000.0,0.7941357270710693,42000.0,-1.863837313362556,280,220,0.7857142857142857
2026-07-20,True,,202607W4,2,42449.7,42535.0,42980.02931254687,-16.95221325449942,-0.0573373845456507,-0.1746257364058748,-530.3293125468699,negative,44000.0,2.1144470016006496,42000.0,-3.011859768797684,356,292,0.8202247191011236
2026-07-21,True,,202607W4,1,44232.87,44215.0,43775.20268521133,40.93709822586163,0.0275388323771038,-0.122121468892208,457.6673147886759,positive,45000.0,6.96272534721005,43100.0,-1.822166671437479,364,271,0.7445054945054945
2026-07-22,True,,202607F4,2,44825.78,44580.0,44470.42842221,1.947596655123912,-0.0038959695170424,-0.0671224902027499,355.3515777900029,positive,46000.0,1.5353137481964148,44000.0,-1.399005042266072,358,247,0.6899441340782123
2026-07-23,True,,202607F4,1,44850.81,44771.0,44568.62513310106,18.29804072548056,0.0105884881831514,-0.1126118100405824,282.18486689893325,positive,45500.0,5.170142943900854,44000.0,-3.244144542019008,358,253,0.7067039106145251
2026-07-24,True,,202607W5,5,43654.84,43565.0,43532.65514435412,0.3307100971960848,-0.0098062546197204,-0.1063377771358514,122.184855645879,positive,45000.0,1.0391868677251137,43000.0,-0.929325180041648,358,247,0.6899441340782123
2026-07-27,True,,202607W5,2,43634.19,43727.0,43460.69030931062,12.842934528028472,0.0207971210231436,-0.1643287401096334,173.49969068937935,positive,45000.0,4.011529532249371,43000.0,-3.460030806763589,358,257,0.7178770949720671
2026-07-28,True,,202607W5,1,41603.36,41573.0,42382.87558494704,-43.10178787169416,-0.0586152625566367,-0.1559650238158958,-779.5155849470393,negative,43000.0,1.1058204453107978,41000.0,-8.129014177855899,358,284,0.7932960893854749
2026-07-29,True,,202607F5,2,40039.18,40315.0,40149.546981728985,1.1164086853409745,0.0048888408081119,-0.0614507894739588,-110.36698172898468,positive,41000.0,0.677636318074658,38200.0,-1.2169899931310253,390,290,0.7435897435897436
2026-07-30,True,,202607F5,1,39933.3,40140.0,40225.77642683391,-2.8555665878053533,-0.0058822465625723,-0.0963682913664839,-292.47642683390586,negative,41000.0,2.305543859262749,39400.0,-3.904202343682898,450,291,0.6466666666666666
2026-07-31,True,,202608W1,5,43119.75,43200.0,42642.88596133254,3.005329092913268,0.0132737117250502,-0.1091886489419958,476.8640386674597,positive,45000.0,0.94228718517481,40000.0,-0.6291910438828598,422,322,0.7630331753554502
2026-08-03,True,,202608W1,2,43386.41,43105.0,42694.06920206254,12.150364958461916,0.0098152925679353,-0.1631027997297389,692.3407979374606,positive,44000.0,6.84883457504247,40000.0,-1.490886165484227,422,331,0.7843601895734598
2026-08-04,True,,202608W1,1,43360.66,43352.0,42911.125354005824,32.05553143841604,0.0260686898706085,-0.1447050201165752,449.5346459941793,positive,44000.0,12.74033877325681,42500.0,-2.344565406570845,422,336,0.7962085308056872
2026-08-05,True,,202608F1,2,44611.6,44475.0,44222.28616466512,3.055702727437052,0.0036220417577134,-0.057846863616506,389.3138353348768,positive,45000.0,1.820212138734765,44000.0,-0.852463754980655,422,272,0.6445497630331753
2026-08-06,True,,202608F1,1,44396.7,44271.0,44058.484879601005,14.034101899825988,0.0105424937430871,-0.1043548076432378,338.21512039899244,positive,45000.0,7.752376949743744,44000.0,-2.853091220823972,422,292,0.6919431279620853
2026-08-07,True,,202608W2,5,44225.91,44205.0,43741.516514120216,4.617632083645292,0.0134348635141384,-0.1037354103080054,484.3934858797875,positive,45000.0,2.0574237486275377,43000.0,-1.9653445668986789,410,266,0.6487804878048781
2026-08-10,True,,202608W2,2,44928.76,44860.0,44804.439105183024,2.4205811092590457,-0.004180444295462,-0.1916033885512018,124.32089481697768,positive,45000.0,4.623707679243467,44000.0,-11.895025365554746,410,285,0.6951219512195121
2026-08-11,True,,202608W2,1,45120.72,45042.0,44926.338124407215,13.497137456635842,0.0014396819515398,-0.1460505921945599,194.381875592786,positive,45000.0,7.503280569658982,44000.0,-17.517020190736247,426,294,0.6901408450704225
2026-08-12,True,,202608F2,2,45518.07,45428.0,45131.60614290918,4.838958623810727,0.0074280869118298,-0.0549472632012072,386.46385709082097,positive,46000.0,1.3404305242634862,45000.0,-0.9002452973193835,434,256,0.5898617511520737
2026-08-13,True,,202608F2,1,46021.48,45949.0,45830.3463428195,12.164499814454675,0.0077588775116258,-0.1018742498873588,191.13365718050045,positive,46500.0,4.37177401562558,45000.0,-3.954153471972371,450,288,0.64
2026-08-14,True,,202608,5,45811.01,45837.0,45216.506249577775,17.47811631113344,0.0430853105529185,-0.2690232376603175,594.5037504222273,positive,47000.0,4.119281966660478,45000.0,-1.8676495563653632,530,410,0.7735849056603774
2026-08-17,True,,202608,2,45857.27,45892.0,45683.53491407829,19.98626082339787,0.0168167234950453,-0.2257344298123108,173.735085921704,positive,46000.0,6.5651459201312505,45000.0,-5.691136169267996,530,361,0.6811320754716981
2026-08-18,True,,202608,1,45308.68,45092.0,45286.707244426565,-27.80392660699714,-0.0300955636268203,-0.1702947519556148,21.97275557343528,negative,46000.0,7.1379269354764965,45000.0,-11.180651453692873,530,363,0.6849056603773584
2026-08-19,True,,202608F3,2,44719.35,44461.0,44184.43436086312,4.304500845790809,0.005482727731717,-0.0620249822766539,534.9156391368815,positive,45700.0,1.24995683313781,44000.0,-1.4094423466107606,310,220,0.7096774193548387
2026-08-20,True,,202608F3,1,44933.74,44843.0,44701.768410138815,16.41113096361638,0.0087673152213938,-0.1081581517187672,231.97158986118305,positive,45000.0,6.395373493428094,44400.0,-5.167770431759988,310,219,0.7064516129032258
2026-08-21,True,,202608W4,5,45224.29,45061.0,44735.9452632688,5.88445969668425,0.0137048460701288,-0.1231069566167614,488.3447367312037,positive,46000.0,2.483129816650945,44000.0,-1.4111344041430467,292,204,0.6986301369863014
2026-08-24,True,,202608W4,2,44762.32,44716.0,44829.92771406077,-7.834895759890827,-0.0212306642026065,-0.1567753779686342,-67.60771406077401,negative,46000.0,4.064624855392745,44000.0,-3.8642246143990016,292,220,0.7534246575342466
2026-08-25,True,,202608W4,1,45169.46,45021.0,44799.82841178485,30.14503397777485,0.0170996421884526,-0.1250357291448934,369.6315882151466,positive,45500.0,6.937356032712223,44000.0,-3.944047356173561,292,220,0.7534246575342466
2026-08-26,True,,202608F4,2,45832.62,45870.0,45506.94039013389,6.950727463642963,0.0109816932199158,-0.0688156663571131,325.67960986611433,positive,46100.0,1.5615738382302076,45000.0,-1.468417383807615,292,198,0.678082191780822
2026-08-27,True,,202608F4,1,45975.22,45983.0,45958.48388762313,3.2715358620677923,-0.0011139475063469,-0.118346691818082,16.73611237687146,positive,46500.0,5.071639039715362,45300.0,-4.084576004228551,292,215,0.7363013698630136
2026-08-28,True,,202609W1,5,46331.45,46278.0,45818.61359749693,8.475586019223472,0.0163145776392259,-0.1155052678505436,512.8364025030678,positive,47400.0,2.160096840912223,45000.0,-1.3405306421227523,290,216,0.7448275862068966
2026-08-31,True,,202609W1,2,46128.47,45970.0,45731.46716832438,23.51485460544117,0.020220022677302,-0.1785970528534759,397.0028316756216,positive,46500.0,4.150459834656009,45000.0,-3.276801170446193,304,224,0.7368421052631579
2026-09-01,True,,202609W1,1,46948.72,47083.0,46785.91831994229,53.84951592992346,0.0278280551566549,-0.1470126979148978,162.80168005771702,positive,47300.0,11.178175715523093,46500.0,-3.89602563787387,304,232,0.7631578947368421
2026-09-02,True,,202609F1,2,46164.72,46100.0,45674.27861422002,10.805051218076116,0.0133225465089362,-0.0882884500712385,490.4413857799809,positive,46900.0,1.5485172559907616,46000.0,-1.9226670236096144,332,225,0.677710843373494
2026-09-03,True,,202609F1,1,45857.66,45790.0,45921.45636927053,-18.68164000065063,-0.0176421459366544,-0.1319347431626723,-63.796369270530704,negative,46500.0,5.141998509905877,45000.0,-8.210189307805843,332,228,0.6867469879518072
2026-09-04,True,,202609W2,5,46551.13,46637.0,46062.602882454776,13.016507462588455,0.0275886521363425,-0.1293915731984221,488.5271175452217,positive,47000.0,2.719415022150033,46000.0,-1.2780899927008034,316,204,0.6455696202531646
2026-09-07,True,,202609W2,2,47326.27,47360.0,47118.690595094886,27.097922047764204,0.0207627619165068,-0.172109986877575,207.579404905111,positive,48000.0,7.69253859447804,46000.0,-3.88426910145606,316,215,0.680379746835443
2026-09-08,True,,202609W2,1,47105.78,46981.0,47017.07893557915,-8.99442807871116,-0.0085885272780882,-0.1656213791361708,88.70106442084943,negative,47500.0,12.302188525210717,46500.0,-8.485931514931043,330,226,0.6848484848484848
2026-09-09,True,,202609F2,2,47183.36,47146.0,46911.07614597589,6.195916043719104,0.0051381678634104,-0.0668227472284133,272.2838540241137,positive,47500.0,1.490311881089062,46500.0,-1.936571192382297,304,209,0.6875
2026-09-10,True,,202609F2,1,46940.49,46865.0,46670.33977440871,32.67263450771541,0.0198461415267126,-0.1255237839694199,270.15022559129284,positive,47500.0,9.006271945288887,46500.0,-5.699253159844975,304,203,0.6677631578947368
2026-09-11,True,,202609,5,46184.85,46212.0,45532.52616101902,22.557435368086967,0.0535201546146498,-0.2823304032932744,652.3238389809776,positive,45700.0,3.4768698364556747,45000.0,-2.1901289802356727,638,447,0.700626959247649
2026-09-14,True,,202609,2,45862.52,45782.0,45627.2372437052,13.882273440055943,0.0094849246536332,-0.2601613030084377,235.2827562947932,positive,46500.0,4.953896895919936,45000.0,-5.353843933799398,638,442,0.6927899686520376
2026-09-15,True,,202609,1,45511.49,45602.0,45634.42204523034,-6.677084302566019,-0.010302991097905211,-0.1660406800078542,-122.93204523034365,negative,46000.0,9.277149324089097,45500.0,-14.0590030171836,638,409,0.6410658307210031
